npi,name,phone,address,city,state,zip,taxonomy,provider_type,website,search_query
1811524085,22kill,6829906242,855 TEXAS ST STE 105,Fort Worth,TX,761024574,"Counselor, Mental Health",Organization,,"""22kill"" Fort Worth TX mental health practice"
1144146713,Aaron Reichlin Md In-network,3126264394,4040 N CENTRAL EXPY,Dallas,TX,752043158,"Psychiatry & Neurology, Psychiatry",Organization,,"""Aaron Reichlin Md In-network"" Dallas TX mental health practice"
1861959959,Access Telecare California,9724490540,1717 MAIN ST STE 5850,Dallas,TX,752017317,"Psychiatry & Neurology, Neurology",Organization,https://accesstelecare.com/specialties/behavioral-health/outpatient-behavioral-health/,"""Access Telecare California"" Dallas TX mental health practice"
1013303080,Access Telecare,9724490540,1717 MAIN ST STE 5850,Dallas,TX,752017317,Internal Medicine,Organization,https://accesstelecare.com/,"""Access Telecare"" Dallas TX mental health practice"
1609852813,Aids Arms,2145215191,3900 JUNIUS ST STE 300,Dallas,TX,752461602,Family Medicine,Organization,,"""Aids Arms"" Dallas TX mental health practice"
1215208905,Ajk Medical Services,9726900550,6750 HILLCREST PLAZA DR SUITE 215,Dallas,TX,752301400,,Organization,,"""Ajk Medical Services"" Dallas TX mental health practice"
1992325443,Ali Khan,9403208100,2026 W UNIVERSITY DR,Denton,TX,762010644,"Psychiatry & Neurology, Psychiatry",Organization,,"""Ali Khan"" Denton TX mental health practice"
1316914666,Ambulatory Care Clinic (acc),2145905512,5201 HARRY HINES BLVD AMBULATORY CARE CLINIC (ACC),Dallas,TX,752357708,"Psychiatry & Neurology, Psychiatry",Organization,,"""Ambulatory Care Clinic (acc)"" Dallas TX mental health practice"
1639769490,American Behavior Change Center,7033429329,4514 COLE AVE STE 600,Dallas,TX,752054193,"Psychiatry & Neurology, Psychiatry",Organization,,"""American Behavior Change Center"" Dallas TX mental health practice"
1134503873,Ami Medical Monitoring,2143684666,4849 GREENVILLE AVE STE 1125,Dallas,TX,752064155,"Psychiatry & Neurology, Psychiatry",Organization,https://ami.health/,"""Ami Medical Monitoring"" Dallas TX mental health practice"
1588251854,Anew Era Tms & Psychiatry Of Texas,7148281800,17480 DALLAS PKWY STE 101,Dallas,TX,752877303,"Psychiatry & Neurology, Psychiatry",Organization,https://aneweratms.com/psychiatrist-dallas-tx/,"""Anew Era Tms & Psychiatry Of Texas"" Dallas TX mental health practice"
1750562237,Antonio Roman,2149692953,6116 N CENTRAL EXPY SUITE 915,Dallas,TX,752065162,"Psychiatry & Neurology, Psychiatry",Organization,,"""Antonio Roman"" Dallas TX mental health practice"
1740081595,Apogee Behavioral Medicine Virginia,9722691907,8117 PRESTON RD STE 800,Dallas,TX,752256328,"Psychiatry & Neurology, Psychiatry",Organization,https://apogeebehavioralmedicine.com/locations/,"""Apogee Behavioral Medicine Virginia"" Dallas TX mental health practice"
1912032319,Barry J Fenton,2145207575,3417 GASTON AVE STE 815,Dallas,TX,752462034,"Psychiatry & Neurology, Psychiatry",Organization,,"""Barry J Fenton"" Dallas TX mental health practice"
1053545335,Beacon Behavioral Of Texas,2143833200,22 PRESTIGE CIRCLE SUITE 300,Allen,TX,75002,"Psychiatry & Neurology, Psychiatry",Organization,,"""Beacon Behavioral Of Texas"" Allen TX mental health practice"
1225866114,Beacon Behavioral Of Texas,9725664591,7777 FOREST LN STE 833,Dallas,TX,752302571,"Psychiatry & Neurology, Psychiatry",Organization,https://beaconbh.com/iop-texas/,"""Beacon Behavioral Of Texas"" Dallas TX mental health practice"
1164948097,Behavioral Health Connections,2143201000,"1350 N. BUCKNER BLVD., STE. 100",Dallas,TX,75218,"Psychiatry & Neurology, Psychiatry",Organization,,"""Behavioral Health Connections"" Dallas TX mental health practice"
1700651775,Bella Nguyen Psychiatry,4088283670,5473 BLAIR RD STE 100 PMB 677259,Dallas,TX,752314227,"Psychiatry & Neurology, Psychiatry",Organization,,"""Bella Nguyen Psychiatry"" Dallas TX mental health practice"
1447225420,Bent Tree Psychiatric Assoc,9727337242,6839 COMMUNICATIONS PKWY,Plano,TX,75024,"Psychiatry & Neurology, Psychiatry",Organization,,"""Bent Tree Psychiatric Assoc"" Plano TX mental health practice"
1407328594,Better Living Associates,2144619363,7859 WALNUT HILL LN STE 320,Dallas,TX,752305635,"Psychiatry & Neurology, Psychiatry",Organization,,"""Better Living Associates"" Dallas TX mental health practice"
1912974510,Bluitt-flowers Health Center,2142664200,303 E OVERTON RD BLUITT-FLOWERS HEALTH CENTER,Dallas,TX,752165946,Nurse Practitioner,Organization,,"""Bluitt-flowers Health Center"" Dallas TX mental health practice"
1518635465,Brandi L. Sinclair Lpc,2143632345,5910 N CENTRAL EXPY STE 1820,Dallas,TX,752060946,"Psychologist, Clinical",Organization,,"""Brandi L. Sinclair Lpc"" Dallas TX mental health practice"
1275379398,Brian Levins,2143632345,108 WILD BASIN RD STE 250,West Lake Hills,TX,787463468,"Psychiatry & Neurology, Psychiatry",Organization,,"""Brian Levins"" West Lake Hills TX mental health practice"
1790482834,Bsw Geode Clinicians Of Texas,4698543263,610 S WATTERS RD STE 130,Allen,TX,750135008,"Psychiatry & Neurology, Psychiatry",Organization,,"""Bsw Geode Clinicians Of Texas"" Allen TX mental health practice"
1437941622,Cassandra Jones,9727091961,3500 OAK LAWN AVE STE 300,Dallas,TX,752194349,"Psychiatry & Neurology, Psychiatry",Organization,,"""Cassandra Jones"" Dallas TX mental health practice"
1780940619,Charles H Dukes,7194397003,4300 MACARTHUR AVE STE 260,Dallas,TX,752096628,"Psychiatry & Neurology, Psychiatry",Organization,,"""Charles H Dukes"" Dallas TX mental health practice"
1326829094,Chevelle Brudey,2144209301,14275 MIDWAY RD STE 200,Addison,TX,750013618,"Psychiatry & Neurology, Psychiatry",Organization,,"""Chevelle Brudey"" Addison TX mental health practice"
1184564536,Coachflow Central Medical,9723038274,5716 PLUMTREE DR,Dallas,TX,752524927,"Psychiatry & Neurology, Psychiatry",Organization,,"""Coachflow Central Medical"" Dallas TX mental health practice"
1114847753,Coachflow Central Medical,9723038274,5716 PLUMTREE DR,Dallas,TX,752524927,"Psychiatry & Neurology, Psychiatry",Organization,,"""Coachflow Central Medical"" Dallas TX mental health practice"
1497507933,Continuity Mental Health,4696788787,4213 DICKASON AVE. APT 28,Dallas,TX,75219,"Psychiatry & Neurology, Psychiatry",Organization,,"""Continuity Mental Health"" Dallas TX mental health practice"
1356218309,Curis Home Health,6828882287,12700 HILLCREST RD STE 125,Dallas,TX,752302009,"Registered Nurse, Home Health",Organization,,"""Curis Home Health"" Dallas TX mental health practice"
1194090001,Dallas County Hospital District,2142663400,801 CONOVER DR,Grand Prairie,TX,750511519,Internal Medicine,Organization,,"""Dallas County Hospital District"" Grand Prairie TX mental health practice"
1811939994,Dallas County Hospital District,2142660700,802 HOPKINS ST,Garland,TX,750407379,Internal Medicine,Organization,,"""Dallas County Hospital District"" Garland TX mental health practice"
1477597300,Dallas County Hospital District,2142660500,1400 N WESTMORELAND RD,Dallas,TX,752111656,Internal Medicine,Organization,,"""Dallas County Hospital District"" Dallas TX mental health practice"
1558308130,Dallas County Hospital District,2142661257,13551 DENNIS LN,Farmers Branch,TX,752344739,Family Medicine,Organization,,"""Dallas County Hospital District"" Farmers Branch TX mental health practice"
1780621441,Dallas County Hospital District,2145900153,5151 MAPLE AVE FL 4,Dallas,TX,752358136,Family Medicine,Organization,,"""Dallas County Hospital District"" Dallas TX mental health practice"
1669183265,Dallas County Hospital District,2143570391,10505 DENTON DR,Dallas,TX,752202630,Family Medicine,Organization,,"""Dallas County Hospital District"" Dallas TX mental health practice"
1699973735,Dallas County Hospital District,2142663000,1800 N BRITAIN RD,Irving,TX,750612630,Internal Medicine,Organization,https://www.irvingweekly.com/s/11761/Dallas-County-Hospital-District-Police-Celebrate-40-Years-of-Service-and-Innovation.php,"""Dallas County Hospital District"" Irving TX mental health practice"
1679515639,Dallas County Hospital District,2142664200,303 E OVERTON RD,Dallas,TX,752165946,Internal Medicine,Organization,,"""Dallas County Hospital District"" Dallas TX mental health practice"
1649278995,Dallas County Hospital District,2145908006,5200 HARRY HINES BLVD,Dallas,TX,752357709,"Psychiatry & Neurology, Psychiatry",Organization,,"""Dallas County Hospital District"" Dallas TX mental health practice"
1023239886,Dallas County Mental Health & Mental Retardation Center,2147431200,3242 REMOND DR,Dallas,TX,75211,"Psychiatry & Neurology, Psychiatry",Organization,,"""Dallas County Mental Health & Mental Retardation Center"" Dallas TX mental health practice"
1396538625,Dallas Psychiatry & Tms Center,4696803632,5307 E MOCKINGBIRD LN STE 915,Dallas,TX,752065111,"Psychiatry & Neurology, Psychiatry",Organization,https://tmstherapynearme.com/tms-clinics/texas/dallas/dallas-psychiatry-tms-center/,"""Dallas Psychiatry & Tms Center"" Dallas TX mental health practice"
1942126149,Dallas Psychiatry Group,4692462333,4040 N CENTRAL EXPY STE 670,Dallas,TX,752043158,"Psychiatry & Neurology, Psychiatry",Organization,,"""Dallas Psychiatry Group"" Dallas TX mental health practice"
1073792743,Daniel B Pearson Iii,2149431310,302 W 9TH ST SUITE D,Dallas,TX,732084834,"Psychiatry & Neurology, Psychiatry",Organization,,"""Daniel B Pearson Iii"" Dallas TX mental health practice"
1245350107,David G Kaiser,2813671015,8701 NEW TRAIL DR SUITE 150,The Woodlands,TX,773813527,"Psychiatry & Neurology, Psychiatry",Organization,,"""David G Kaiser"" The Woodlands TX mental health practice"
1942572573,Dawn L Shogren M.d.pa,9723922882,5485 BELT LINE RD SUITE 160,Dallas,TX,752547698,"Psychiatry & Neurology, Psychiatry",Organization,https://www.drshogren.com/,"""Dawn L Shogren M.d.pa"" Dallas TX mental health practice"
1831166453,Deharo Saldivar Health Center,2142660500,1400 N WESTMORELAND RD DEHARO SALDIVAR HEALTH CENTER,Dallas,TX,752111656,"Psychiatry & Neurology, Psychiatry",Organization,,"""Deharo Saldivar Health Center"" Dallas TX mental health practice"
1568729739,Dennis Raymond M.d.pa,9723922882,5485 BELT LINE RD SUITE 160,Dallas,TX,752547698,"Psychiatry & Neurology, Psychiatry",Organization,,"""Dennis Raymond M.d.pa"" Dallas TX mental health practice"
1497579825,Diamond Cross Psychiatry,9727091961,3500 OAK LAWN AVE STE 300,Dallas,TX,752194349,"Psychiatry & Neurology, Psychiatry",Organization,,"""Diamond Cross Psychiatry"" Dallas TX mental health practice"
1093696015,Discovery Texas Interventional Psychiatry,6467526643,3940 CAPITOL AVE,Dallas,TX,75204,"Psychiatry & Neurology, Psychiatry",Organization,https://discoverytexasinterventionalpsychiatry.com/about/,"""Discovery Texas Interventional Psychiatry"" Dallas TX mental health practice"
1821610528,Dr Erum Psychiatry,2145317535,8330 LYNDON B JOHNSON FWY STE 710,Dallas,TX,752431254,"Psychiatry & Neurology, Psychiatry",Organization,,"""Dr Erum Psychiatry"" Dallas TX mental health practice"
1386434744,Dr. Kate,2143632345,5910 N CENTRAL EXPY STE 1820,Dallas,TX,752060946,"Psychiatry & Neurology, Psychiatry",Organization,,"""Dr. Kate"" Dallas TX mental health practice"
1144900697,Ds Health And Wellness,9452240050,4801 S BUCKNER BLVD STE 500,Dallas,TX,752272375,"Psychiatry & Neurology, Psychiatry",Organization,,"""Ds Health And Wellness"" Dallas TX mental health practice"
1710474077,Duncanville Mental Health Services,9722839090,4333 GANNON LN STE 101,Dallas,TX,752374222,Community/Behavioral Health,Organization,,"""Duncanville Mental Health Services"" Dallas TX mental health practice"
1518934124,East Dallas Health Center,2142661000,3320 LIVE OAK ST EAST DALLAS HEALTH CENTER,Dallas,TX,752046109,Psychologist,Organization,,"""East Dallas Health Center"" Dallas TX mental health practice"
1417807264,Elan Psychiatry,8329794234,6550 LANGE CIR,Dallas,TX,752142489,"Psychiatry & Neurology, Psychiatry",Organization,https://elanpsychiatry.com/,"""Elan Psychiatry"" Dallas TX mental health practice"
1679321251,Eleanore Knox Psychiatry,9723825603,12720 HILLCREST RD STE 905,Dallas,TX,752302047,"Psychiatry & Neurology, Psychiatry",Organization,,"""Eleanore Knox Psychiatry"" Dallas TX mental health practice"
1558538520,Emergency Psychiatric Medicine,9725667260,7808 CLODUS FIELDS DR,Dallas,TX,752512206,"Psychiatry & Neurology, Psychiatry",Organization,,"""Emergency Psychiatric Medicine"" Dallas TX mental health practice"
1366951345,Entering Wellness Mental Health,9197936410,10100 N CENTRAL EXPY STE 275,Dallas,TX,752314458,Case Management,Organization,https://www.enteringwellness.com/,"""Entering Wellness Mental Health"" Dallas TX mental health practice"
1003251570,Eric B. Williams,2147025336,12801 N CENTRAL EXPY STE 350,Dallas,TX,752431716,"Psychiatry & Neurology, Psychiatry",Organization,,"""Eric B. Williams"" Dallas TX mental health practice"
1023740503,Essential Mental Wellness,9176672201,325 N SAINT PAUL ST STE 3100,Dallas,TX,752013923,"Psychiatry & Neurology, Psychiatry",Organization,,"""Essential Mental Wellness"" Dallas TX mental health practice"
1720581473,Forefront - Murdock Medical Services,9724490540,1717 MAIN ST STE 5850,Dallas,TX,752017317,"Psychiatry & Neurology, Psychiatry",Organization,,"""Forefront - Murdock Medical Services"" Dallas TX mental health practice"
1174035612,Forefront Telecare,9724490540,1717 MAIN ST STE 5850,Dallas,TX,752017317,"Psychiatry & Neurology, Psychiatry",Organization,https://accesstelecare.com/blog/soc-telemed-expands-behavioral-health-offering-with-acquisition-of-forefront-telecare-company-renamed-access-telecare/,"""Forefront Telecare"" Dallas TX mental health practice"
1194223933,Forefront-johnson Medical Service,8669592008,1717 MAIN ST STE 5850,Dallas,TX,752017317,"Psychiatry & Neurology, Psychiatry",Organization,,"""Forefront-johnson Medical Service"" Dallas TX mental health practice"
1659982551,Forefront-matteson Medical Services,9724490540,1717 MAIN ST STE 5850,Dallas,TX,752017317,"Psychiatry & Neurology, Psychiatry",Organization,,"""Forefront-matteson Medical Services"" Dallas TX mental health practice"
1588101745,Forefront-rosenzweig Medical Services Professional,9724490540,1717 MAIN ST STE 5850,Dallas,TX,752017317,"Psychiatry & Neurology, Psychiatry",Organization,,"""Forefront-rosenzweig Medical Services Professional"" Dallas TX mental health practice"
1083036651,Forefront-rush Medical Service,2546243999,1901 MEDI PARK DR STE 2058,Amarillo,TX,791062109,"Psychiatry & Neurology, Psychiatry",Organization,,"""Forefront-rush Medical Service"" Amarillo TX mental health practice"
1104141266,Fred L. Griffin,2143630800,8235 DOUGLAS AVE SUITE 822,Dallas,TX,752256015,"Psychiatry & Neurology, Psychiatry",Organization,,"""Fred L. Griffin"" Dallas TX mental health practice"
1518227842,Gayle Smith Blair,2149487779,3920 W WHEATLAND RD SUITE 108,Dallas,TX,752373401,"Psychiatry & Neurology, Psychiatry",Organization,,"""Gayle Smith Blair"" Dallas TX mental health practice"
1851037162,Geode Health Of Texas,4698543263,610 S WATTERS RD STE 130,Allen,TX,750135008,"Psychiatry & Neurology, Psychiatry",Organization,,"""Geode Health Of Texas"" Allen TX mental health practice"
1699742213,Geriatric Center & Senior Services,2145908369,1936 AMELIA CT GERIATRIC CENTER & SENIOR SERVICES,Dallas,TX,752357711,"Nurse Practitioner, Gerontology",Organization,,"""Geriatric Center & Senior Services"" Dallas TX mental health practice"
1225250657,Geriatric Psychiatry Associates,2145031336,12700 HILLCREST RD SUITE 260,Dallas,TX,752302033,"Psychiatry & Neurology, Psychiatry",Organization,,"""Geriatric Psychiatry Associates"" Dallas TX mental health practice"
1154139202,Green Peacock,4696693585,729 N BISHOP AVE,Dallas,TX,752084340,"Psychiatry & Neurology, Psychiatry",Organization,,"""Green Peacock"" Dallas TX mental health practice"
1114208733,H. Neil Jacobson,9722481717,17440 DALLAS PKWY SUITE 208,Dallas,TX,752877336,"Psychiatry & Neurology, Psychiatry",Organization,,"""H. Neil Jacobson"" Dallas TX mental health practice"
1154559193,Hatem Nour,5126664480,3101 S AUSTIN AVE,Georgetown,TX,786267541,"Psychiatry & Neurology, Psychiatry",Organization,,"""Hatem Nour"" Georgetown TX mental health practice"
1083272397,Healing Mind Psychiatry,9724726463,15150 PRESTON RD STE 300,Dallas,TX,752484871,"Psychiatry & Neurology, Psychiatry",Organization,https://healingmindpsychiatry.com/,"""Healing Mind Psychiatry"" Dallas TX mental health practice"
1992328934,Hfa Medical Services,4696661730,1430 REGAL ROW STE 300B,Dallas,TX,752473625,"Psychiatry & Neurology, Psychiatry",Organization,,"""Hfa Medical Services"" Dallas TX mental health practice"
1891796694,Hillcrest Family Health Center,2542022600,7300 BOSQUE BLVD,Waco,TX,767104023,Family Medicine,Organization,,"""Hillcrest Family Health Center"" Waco TX mental health practice"
1649294323,Hillcrest Physician Services,2542028599,50 HILLCREST MEDICAL BLVD STE 102,Waco,TX,767128953,Internal Medicine,Organization,,"""Hillcrest Physician Services"" Waco TX mental health practice"
1508674359,Hltx1,3108924284,100 CRESCENT CT STE 700,Dallas,TX,752012112,"Psychiatry & Neurology, Psychiatry",Organization,,"""Hltx1"" Dallas TX mental health practice"
1134937980,Hltx2,3108924284,100 CRESCENT CT STE 700,Dallas,TX,752012112,"Psychiatry & Neurology, Psychiatry",Organization,https://hltx2.org/,"""Hltx2"" Dallas TX mental health practice"
1255380176,Horizon Mental Health Management,9724208200,401 E CORPORATE DR STE 100,Lewisville,TX,750576426,"Psychiatry & Neurology, Psychiatry",Organization,,"""Horizon Mental Health Management"" Lewisville TX mental health practice"
1487336061,In Focus Mental Health,4699984890,8117 PRESTON RD STE 300,Dallas,TX,752256347,"Psychiatry & Neurology, Psychiatry",Organization,,"""In Focus Mental Health"" Dallas TX mental health practice"
1730995135,Indigo Psychiatry And Education Group,9723222316,17250 DALLAS PKWY,Dallas,TX,752481136,"Psychiatry & Neurology, Psychiatry",Organization,,"""Indigo Psychiatry And Education Group"" Dallas TX mental health practice"
1992206411,Inna Kogan,4697919000,13101 PRESTON RD STE 504,Dallas,TX,752405231,"Psychiatry & Neurology, Psychiatry",Organization,,"""Inna Kogan"" Dallas TX mental health practice"
1275322117,Intouch Behavioral Health,2147978767,12222 MERIT DR STE 130,Dallas,TX,752513236,"Clinic/Center, Mental Health (Including Community Mental Health Center)",Organization,https://www.intouchbehavioralhealth.net/,"""Intouch Behavioral Health"" Dallas TX mental health practice"
1144192956,Iroko Psychiatry,4695134000,325 N SAINT PAUL ST STE 3100,Dallas,TX,752013923,"Psychiatry & Neurology, Psychiatry",Organization,https://www.irokopsychiatry.com/,"""Iroko Psychiatry"" Dallas TX mental health practice"
1093102121,Iwc Health Solutions,4695549396,920 S BELT LINE RD SUITE 300,Coppell,TX,750194531,Family Medicine,Organization,,"""Iwc Health Solutions"" Coppell TX mental health practice"
1669661799,J. Michael Brennan,2148242273,7557 RAMBLER RD STE 565,Dallas,TX,752312373,"Psychiatry & Neurology, Psychiatry",Organization,,"""J. Michael Brennan"" Dallas TX mental health practice"
1699485284,Jay Italiya,9722002426,13747 MONTFORT DR STE 320,Dallas,TX,752404454,"Psychiatry & Neurology, Psychiatry",Organization,,"""Jay Italiya"" Dallas TX mental health practice"
1942831110,Jbutlermdphd,2147647986,3106 SWISS AVE,Dallas,TX,752046025,"Psychiatry & Neurology, Psychiatry",Organization,,"""Jbutlermdphd"" Dallas TX mental health practice"
1427465533,John R Debus,2143739300,5477 GLEN LAKES DR SUITE 150,Dallas,TX,752310946,"Psychiatry & Neurology, Sleep Medicine",Organization,,"""John R Debus"" Dallas TX mental health practice"
1083438824,Kind Health Texas,2147175884,3333 WELBORN ST STE 300,Dallas,TX,752195154,"Psychiatry & Neurology, Psychiatry",Organization,https://kindtexas.com/,"""Kind Health Texas"" Dallas TX mental health practice"
1437395472,Leslie H. Secrest,2143457355,8222 DOUGLAS AVE STE 604,Dallas,TX,752255937,"Psychiatry & Neurology, Psychiatry",Organization,https://www.secrestmd.com/,"""Leslie H. Secrest"" Dallas TX mental health practice"
1902951221,Living Well Dallas,9729300260,17000 PRESTON RD STE 400,Dallas,TX,752481201,Internal Medicine,Organization,https://livingwelldallas.com/,"""Living Well Dallas"" Dallas TX mental health practice"
1134016173,Luster Psychiatry And Associates,9452574223,400 N SAINT PAUL ST STE 710,Dallas,TX,752016843,Community/Behavioral Health,Organization,,"""Luster Psychiatry And Associates"" Dallas TX mental health practice"
1538653753,Manju R. Goyal M.d. Psychiatry,9725980285,12700 HILLCREST RD STE 125,Dallas,TX,752302009,"Psychiatry & Neurology, Psychiatry",Organization,,"""Manju R. Goyal M.d. Psychiatry"" Dallas TX mental health practice"
1417079815,Marc S. Litle,2143618384,5944 LUTHER LN STE. 800,Dallas,TX,752255942,"Psychiatry & Neurology, Psychiatry",Organization,,"""Marc S. Litle"" Dallas TX mental health practice"
1194039644,Martin H. Schaffer,2143733031,9400 N. CENTRAL EXPY SUITE 1212,Dallas,TX,752315032,"Psychiatry & Neurology, Psychiatry",Organization,,"""Martin H. Schaffer"" Dallas TX mental health practice"
1942702238,Meditelecare Of Texas,8607886404,1999 BRYAN ST STE 900,Dallas,TX,752013140,Psychologist,Organization,,"""Meditelecare Of Texas"" Dallas TX mental health practice"
1194345959,Medplus Physician Group,4695024772,8585 N STEMMONS FWY STE S-105,Dallas,TX,752473836,Surgery,Organization,https://medplusdfw.com/,"""Medplus Physician Group"" Dallas TX mental health practice"
1891816617,Metroplex Medlink,9722232760,2000 NORTH OLD HICKORY TRAIL,Desoto,TX,751157809,"Psychiatry & Neurology, Psychiatry",Organization,,"""Metroplex Medlink"" Desoto TX mental health practice"
1689866030,Michael Downing,2148682345,5445 LA SIERRA DR SUITE 101,Dallas,TX,752314139,"Psychiatry & Neurology, Psychiatry",Organization,,"""Michael Downing"" Dallas TX mental health practice"
1609101203,Michael J. Barber,8323841560,2180 NORTH LOOP W STE 450,Houston,TX,770188014,"Psychiatry & Neurology, Psychiatry",Organization,http://www.michaelbarbermd.com/,"""Michael J. Barber"" Houston TX mental health practice"
1679719751,Micky Gautam,2142239235,800 KIRNWOOD DR,Desoto,TX,751152000,"Psychiatry & Neurology, Psychiatry",Organization,,"""Micky Gautam"" Desoto TX mental health practice"
1023495447,Mihaela V. Stoica,9727091961,3500 OAKLAWN AVE STE 300,Dallas,TX,752194349,"Psychiatry & Neurology, Psychiatry",Organization,,"""Mihaela V. Stoica"" Dallas TX mental health practice"
1588526040,Mind Haven Psychiatry,4692099161,5050 QUORUM DR STE 700,Dallas,TX,752541410,"Psychiatry & Neurology, Psychiatry",Organization,https://www.mindhavencares.com/,"""Mind Haven Psychiatry"" Dallas TX mental health practice"
1538933080,Mind Vibe,3465561185,7777 SOUTHWEST FWY STE 934,Houston,TX,770741813,"Psychiatry & Neurology, Psychiatry",Organization,https://www.mindvibe.com/location/texas/houston/,"""Mind Vibe"" Houston TX mental health practice"
1689597148,Mindful Thinking Matters,8164338984,629 GARDEN BROOK LN,Desoto,TX,751155547,"Psychiatry & Neurology, Psychiatry",Organization,https://mindfulthinkingmatters.com/,"""Mindful Thinking Matters"" Desoto TX mental health practice"
1073482105,Mindpath Health Texas,8555011004,2801 NETWORK BLVD STE 220,Frisco,TX,750341880,"Psychiatry & Neurology, Psychiatry",Organization,,"""Mindpath Health Texas"" Frisco TX mental health practice"
1831756303,Molina Psychiatric Associates,8178730595,17300 DALLAS PKWY STE 1005,Dallas,TX,752481145,"Psychiatry & Neurology, Psychiatry",Organization,https://molinapsychiatricassociates.com/,"""Molina Psychiatric Associates"" Dallas TX mental health practice"
1447641246,Murphy Psychiatric Services,9725518685,5550 LYNDON B JOHNSON FWY SUITE 150,Dallas,TX,752406217,"Psychiatry & Neurology, Psychiatry",Organization,,"""Murphy Psychiatric Services"" Dallas TX mental health practice"
1780864058,Nathaniel Kho,9722475884,9 MEDICAL PKWY STE 107,Dallas,TX,752347852,"Psychiatry & Neurology, Neurology",Organization,,"""Nathaniel Kho"" Dallas TX mental health practice"
1467785311,Neurobemd,8172881310,1400 W NORTHWEST HWY SUITE 200D,Grapevine,TX,760518116,"Psychiatry & Neurology, Psychiatry",Organization,,"""Neurobemd"" Grapevine TX mental health practice"
1871791343,Neurobemd,2146921900,9900 N CENTRAL EXPY SUITE 500,Dallas,TX,752314395,"Psychiatry & Neurology, Psychiatry",Organization,,"""Neurobemd"" Dallas TX mental health practice"
1346700275,Neurocognitive Specialty Group,8886060086,112 MAGNOLIA ESTATES DR,League City,TX,775734613,Clinical Neuropsychologist,Organization,https://neurocognitivespecialtygroup.com/,"""Neurocognitive Specialty Group"" League City TX mental health practice"
1508670951,Nicole Quiterio,9727559155,4245 N CENTRAL EXPY STE 260,Dallas,TX,752054581,"Psychiatry & Neurology, Child & Adolescent Psychiatry",Organization,https://nicolequiteriomd.com/,"""Nicole Quiterio"" Dallas TX mental health practice"
1457720120,North Texas Behavioral Health Authority,2143669407,8111 LYNDON B JOHNSON FWY STE 900,Dallas,TX,752511322,"Psychiatry & Neurology, Psychiatry",Organization,,"""North Texas Behavioral Health Authority"" Dallas TX mental health practice"
1407488463,North Texas Behavioral Health Authority,2143669407,8111 LYNDON B JOHNSON FWY STE 900,Dallas,TX,752511322,Community/Behavioral Health,Organization,,"""North Texas Behavioral Health Authority"" Dallas TX mental health practice"
1952689960,North Texas Mental Health,9724395540,13140 COIT RD SUITE 118,Dallas,TX,752405755,"Psychiatry & Neurology, Psychiatry",Organization,https://www.naminorthtexas.org/,"""North Texas Mental Health"" Dallas TX mental health practice"
1124884903,Novumhealth Medical Group Tx,9196191368,3419 WESTMINSTER AVE STE 335,Dallas,TX,752051387,"Psychiatry & Neurology, Psychiatry",Organization,,"""Novumhealth Medical Group Tx"" Dallas TX mental health practice"
1154398758,Oak West Health Center,2142661450,4201 BROOK SPRING DR OAK WEST HEALTH CENTER,Dallas,TX,752244938,Psychologist,Organization,,"""Oak West Health Center"" Dallas TX mental health practice"
1033733266,One Tribe Foundation,6829906242,855 TEXAS ST STE 105,Fort Worth,TX,761024574,"Counselor, Mental Health",Organization,,"""One Tribe Foundation"" Fort Worth TX mental health practice"
1780512541,Panacea Therapy Solutions,8883392747,5440 HARVEST HILL RD STE 230,Dallas,TX,752306424,"Psychiatry & Neurology, Psychiatry",Organization,,"""Panacea Therapy Solutions"" Dallas TX mental health practice"
1891527412,Paresh Jaini,8176626341,7000 US 287 HWY,Arlington,TX,760012805,"Psychiatry & Neurology, Psychiatry",Organization,,"""Paresh Jaini"" Arlington TX mental health practice"
1275753246,Park Cities Psychiatry,2145227240,5110 TRACY ST,Dallas,TX,752053302,"Psychiatry & Neurology, Psychiatry",Organization,https://www.parkcitiespsych.com/,"""Park Cities Psychiatry"" Dallas TX mental health practice"
1306693312,Paula C Dobbs-wiggins,2143736400,10300 N CENTRAL EXPY STE 350,Dallas,TX,752318616,"Psychiatry & Neurology, Psychiatry",Organization,,"""Paula C Dobbs-wiggins"" Dallas TX mental health practice"
1316736192,Perioperative And Internal Medicine Group,2142383074,8220 WALNUT HILL LN STE 600,Dallas,TX,752314433,Internal Medicine,Organization,,"""Perioperative And Internal Medicine Group"" Dallas TX mental health practice"
1962026724,R. Dani,2149453710,5925 FOREST LN STE 416,Dallas,TX,752302713,"Psychiatry & Neurology, Psychiatry",Organization,,"""R. Dani"" Dallas TX mental health practice"
1699579862,Radiant Wellness Solutions,4693898959,12801 N CENTRAL EXPY STE 400,Dallas,TX,752431716,"Pain Medicine, Interventional Pain Medicine",Organization,https://www.radiantwellnesssolutions.com/schedule/yogaforstress,"""Radiant Wellness Solutions"" Dallas TX mental health practice"
1245467331,Ralph G Hodges,9729515513,3030 MCKINNEY AVE APT# 301,Dallas,TX,752047425,"Psychiatry & Neurology, Psychiatry",Organization,,"""Ralph G Hodges"" Dallas TX mental health practice"
1619713658,Refresh Dallas,2142335557,3232 MCKINNEY AVE STE 500,Dallas,TX,752047439,"Psychiatry & Neurology, Psychiatry",Organization,,"""Refresh Dallas"" Dallas TX mental health practice"
1205649100,Remission Health,9725153396,5409 GREENVILLE AVE,Dallas,TX,752062908,"Psychiatry & Neurology, Psychiatry",Organization,https://full-remission.com/about/,"""Remission Health"" Dallas TX mental health practice"
1407534969,Rija Siddiqui,9727091961,3500 OAK LAWN AVE STE 300,Dallas,TX,752194349,"Psychiatry & Neurology, Psychiatry",Organization,,"""Rija Siddiqui"" Dallas TX mental health practice"
1497073753,Robert C Schwartz,2148239422,5109 SWISS AVE,Dallas,TX,752145239,"Psychiatry & Neurology, Psychiatry",Organization,,"""Robert C Schwartz"" Dallas TX mental health practice"
1699006171,Rodger D. Kobes,2145268642,3500 OAK LAWN # 370,Dallas,TX,752194308,"Psychiatry & Neurology, Psychiatry",Organization,,"""Rodger D. Kobes"" Dallas TX mental health practice"
1790549558,Root Psychiatry,2142714290,12880 HILLCREST RD STE 104,Dallas,TX,752306557,"Psychiatry & Neurology, Psychiatry",Organization,https://www.rootpsychiatry.com/,"""Root Psychiatry"" Dallas TX mental health practice"
1295136661,Rosellini Scientific,8887302437,13739 SPRUCEWOOD CIR,Dallas,TX,752403629,"Psychiatry & Neurology, Psychiatry",Organization,,"""Rosellini Scientific"" Dallas TX mental health practice"
1215093554,S. Richard Roskos,2142521804,3500 OAK LAWN AVE STE. 215,Dallas,TX,752194348,"Psychiatry & Neurology, Psychiatry",Organization,,"""S. Richard Roskos"" Dallas TX mental health practice"
1609747120,Sage Psychiatry Associates,4697155165,17610 PRESTON RD STE 1,Dallas,TX,752525734,"Psychiatry & Neurology, Psychiatry",Organization,,"""Sage Psychiatry Associates"" Dallas TX mental health practice"
1104556935,Salako Psychiatry,9726438049,10300 N CENTRAL EXPY STE 280,Dallas,TX,752318666,"Psychiatry & Neurology, Psychiatry",Organization,https://www.salakopsychiatry.com/about-dallas-psychiatrist,"""Salako Psychiatry"" Dallas TX mental health practice"
1962437509,Salesmanship Club Youth And Family,2149154784,106 E 10TH ST,Dallas,TX,752032236,"Psychiatry & Neurology, Psychiatry",Organization,https://artandseek.org/calendar/organization/3814/salesmanship-club-youth-and-family-centers,"""Salesmanship Club Youth And Family"" Dallas TX mental health practice"
1649820796,Scott & White Clinic,2148201933,3500 GASTON AVE,Dallas,TX,752462017,Internal Medicine,Organization,,"""Scott & White Clinic"" Dallas TX mental health practice"
1922061993,Scott & White Clinic,9796913300,1700 UNIVERSITY DR E,College Station,TX,778402661,Internal Medicine,Organization,,"""Scott & White Clinic"" College Station TX mental health practice"
1093779704,Scott & White Clinic,2547242111,2401 S 31ST ST,Temple,TX,765080001,Internal Medicine,Organization,,"""Scott & White Clinic"" Temple TX mental health practice"
1295464949,Scott & White Hospital Brenham,9793375000,700 MEDICAL PKWY,Brenham,TX,778335413,Internal Medicine,Organization,,"""Scott & White Hospital Brenham"" Brenham TX mental health practice"
1821475153,Scott And White Clinic,4698434000,2400 N IH 35 E,Waxahachie,TX,751655240,,Organization,,"""Scott And White Clinic"" Waxahachie TX mental health practice"
1154056695,Shine Medical Of Texas,9094420618,2911 TURTLE CREEK BLVD STE 300,Dallas,TX,752196243,"Psychiatry & Neurology, Psychiatry",Organization,,"""Shine Medical Of Texas"" Dallas TX mental health practice"
1316214364,Sidney A. Kelt Jr.,9727091961,3500 OAKLAWN AVE STE 300,Dallas,TX,752194349,"Psychiatry & Neurology, Psychiatry",Organization,,"""Sidney A. Kelt Jr."" Dallas TX mental health practice"
1265976997,Sohan,4694877744,5720 LYNDON B JOHNSON FWY STE 660,Dallas,TX,752406493,"Psychiatry & Neurology, Psychiatry",Organization,,"""Sohan"" Dallas TX mental health practice"
1497722011,Southeast Dallas Health Center,2142661600,9202 ELAM RD SOUTHEAST DALLAS HEALTH CENTER,Dallas,TX,752174151,Psychologist,Organization,,"""Southeast Dallas Health Center"" Dallas TX mental health practice"
1396973772,Southern Area Behavioral Healthcare,9722839090,4215 GANNON LN,Dallas,TX,752372914,"Psychiatry & Neurology, Psychiatry",Organization,,"""Southern Area Behavioral Healthcare"" Dallas TX mental health practice"
1508153420,Stepen M Tankersley,2145289240,3500 OAK LAWN AVE ST. 370,Dallas,TX,752194308,"Psychiatry & Neurology, Psychiatry",Organization,,"""Stepen M Tankersley"" Dallas TX mental health practice"
1063954766,Summit Psychiatric Associates,4695731890,2696 W WALNUT ST,Garland,TX,750426441,"Psychiatry & Neurology, Psychiatry",Organization,,"""Summit Psychiatric Associates"" Garland TX mental health practice"
1457240707,Symbios Plus,4699831300,1420 W MOCKINGBIRD LN STE 455,Dallas,TX,752474931,"Psychiatry & Neurology, Behavioral Neurology & Neuropsychiatry",Organization,,"""Symbios Plus"" Dallas TX mental health practice"
1336792506,Taylor M. Herzog,9727091961,3500 OAK LAWN AVE STE 300,Dallas,TX,752194349,"Psychiatry & Neurology, Psychiatry",Organization,,"""Taylor M. Herzog"" Dallas TX mental health practice"
1053727404,Tele-physicians,9724490540,1717 MAIN ST STE 5850,Dallas,TX,752017317,"Psychiatry & Neurology, Neurology",Organization,,"""Tele-physicians"" Dallas TX mental health practice"
1417529967,Texas Heart Hospital Of The Southwest,4698143278,1100 ALLIED DR,Plano,TX,750935348,Internal Medicine,Organization,,"""Texas Heart Hospital Of The Southwest"" Plano TX mental health practice"
1225673643,Texas Ketamine Specialists,4697743069,12740 HILLCREST RD STE 295,Dallas,TX,752307108,"Psychiatry & Neurology, Psychiatry",Organization,https://texasketaminespecialists.com/,"""Texas Ketamine Specialists"" Dallas TX mental health practice"
1255993713,Texas Medical Recovery Group,9562994748,4901 PADRE BLVD,South Padre Island,TX,785977320,Internal Medicine,Organization,,"""Texas Medical Recovery Group"" South Padre Island TX mental health practice"
1598188948,Texas Scottish Rite Hospital For Crippled Children,2145595000,2222 WELBORN ST,Dallas,TX,752193924,"Orthopaedic Surgery, Pediatric Orthopaedic Surgery",Organization,,"""Texas Scottish Rite Hospital For Crippled Children"" Dallas TX mental health practice"
1578740486,Trina Bivens,2143455165,7515 GREENVILLE AVE STE 503,Dallas,TX,75231,"Psychiatry & Neurology, Psychiatry",Organization,,"""Trina Bivens"" Dallas TX mental health practice"
1003679523,Turnwell Mental Health Of Arizona,4697650328,2001 N LAMAR ST STE 300,Dallas,TX,752021743,"Psychiatry & Neurology, Psychiatry",Organization,,"""Turnwell Mental Health Of Arizona"" Dallas TX mental health practice"
1043027725,Turnwell Mental Health Of South Texas,3613561234,1321 GLENOAK DR,Corpus Christi,TX,784185440,"Psychiatry & Neurology, Psychiatry",Organization,,"""Turnwell Mental Health Of South Texas"" Corpus Christi TX mental health practice"
1992571699,Turnwell Mental Health Of Texas,4697079603,810 E RALPH HALL PKWY STE 140,Rockwall,TX,750326879,"Psychiatry & Neurology, Psychiatry",Organization,,"""Turnwell Mental Health Of Texas"" Rockwall TX mental health practice"
1467730861,Tyler Wooten,2146429717,3500 OAK LAWN AVE SUITE 620,Dallas,TX,752194308,"Psychiatry & Neurology, Child & Adolescent Psychiatry",Organization,,"""Tyler Wooten"" Dallas TX mental health practice"
1235384199,University Of Texas Southwestern Medical Center At Dallas,2146450624,1625 MEDICAL CENTER DR,El Paso,TX,799025005,Internal Medicine,Organization,,"""University Of Texas Southwestern Medical Center At Dallas"" El Paso TX mental health practice"
1982850699,University Of Texas Southwestern Medical Center At Dallas,2146450624,1801 INWOOD RD 7TH FLOOR,Dallas,TX,752357202,Internal Medicine,Organization,,"""University Of Texas Southwestern Medical Center At Dallas"" Dallas TX mental health practice"
1841510427,University Of Texas Southwestern Medical Center At Dallas,4693033000,7601 PRESTON RD SUITE P3600,Plano,TX,750243214,Internal Medicine,Organization,,"""University Of Texas Southwestern Medical Center At Dallas"" Plano TX mental health practice"
1871563494,University Of Texas Southwestern Medical Center At Dallas,2146485555,5323 HARRY HINES BLVD,Dallas,TX,753907208,"Psychiatry & Neurology, Psychiatry",Organization,,"""University Of Texas Southwestern Medical Center At Dallas"" Dallas TX mental health practice"
1275838732,University Of Texas Southwestern Medical Center At Dallas,2146450624,470 EAST STATE HWY 114,Southlake,TX,760927625,Pediatrics,Organization,,"""University Of Texas Southwestern Medical Center At Dallas"" Southlake TX mental health practice"
1033157821,Ut Physicians,8323257325,6410 FANNIN ST 1500,Houston,TX,770305306,Anesthesiology,Organization,,"""Ut Physicians"" Houston TX mental health practice"
1942241146,Utmb Faculty Group Practice,4097722222,301 UNIVERSITY BLVD,Galveston,TX,775555302,General Practice,Organization,,"""Utmb Faculty Group Practice"" Galveston TX mental health practice"
1720380009,V.l.y Neuropsych Group,2148249100,712 N WASHINGTON AVE SUITE # 411,Dallas,TX,752461619,"Psychiatry & Neurology, Psychiatry",Organization,,"""V.l.y Neuropsych Group"" Dallas TX mental health practice"
1831166446,Vickery Health Center,2142660350,8224 PARK LN VICKERY HEALTH CENTER,Dallas,TX,752316021,Psychologist,Organization,,"""Vickery Health Center"" Dallas TX mental health practice"
1609419654,Whidbey Island Public Hospital District,3606785151,2900 CANTON ST APT 532,Dallas,TX,752261695,"Psychiatry & Neurology, Psychiatry",Organization,,"""Whidbey Island Public Hospital District"" Dallas TX mental health practice"
1215351010,White Rock Psychiatric And Psychotherapy Services,2143212500,1350 N BUCKNER BLVD 214,Dallas,TX,752183500,"Psychiatry & Neurology, Psychiatry",Organization,,"""White Rock Psychiatric And Psychotherapy Services"" Dallas TX mental health practice"
1932278496,William T Skinner,2146380570,5939 HARRY HINES SUITE 823,Dallas,TX,75235,"Psychiatry & Neurology, Psychiatry",Organization,,"""William T Skinner"" Dallas TX mental health practice"
1346897113,8 Phases,8327363223,2000 S DAIRY ASHFORD RD STE 380,Houston,TX,770775733,"Counselor, Mental Health",Organization,,"""8 Phases"" Houston TX mental health practice"
1437157757,Aaron H Fink,7136225480,4550 POST OAK PLACE DR STE 320,Houston,TX,770273165,"Social Worker, Clinical",Organization,,"""Aaron H Fink"" Houston TX mental health practice"
1477074946,Ahava Counseling & Consulting,8323305788,5022 CARMEN ST,Houston,TX,770333201,"Counselor, Mental Health",Organization,https://ahavacounseling.com/,"""Ahava Counseling & Consulting"" Houston TX mental health practice"
1578186847,Aimstx,5742772630,16850 BUCCANEER LN,Houston,TX,770582507,"Psychiatry & Neurology, Psychiatry",Organization,,"""Aimstx"" Houston TX mental health practice"
1922295161,Ajinder S. Dhatt,7137819800,6260 WESTPARK DR. STE. 105,Houston,TX,77057,"Psychiatry & Neurology, Psychiatry",Organization,,"""Ajinder S. Dhatt"" Houston TX mental health practice"
1588891550,Alain Katic,7139657900,1010 WAVERLY ST,Houston,TX,770086760,"Psychiatry & Neurology, Psychiatry",Organization,,"""Alain Katic"" Houston TX mental health practice"
1770438095,Allied Health & Wellness Group,7133549213,3730 KIRBY DR STE 1200,Houston,TX,770983985,"Psychiatry & Neurology, Psychiatry",Organization,,"""Allied Health & Wellness Group"" Houston TX mental health practice"
1215770342,Amae Health Medical Associates Texas,4022024715,2442 WHITE OAK DR,Houston,TX,770097322,"Psychiatry & Neurology, Psychiatry",Organization,,"""Amae Health Medical Associates Texas"" Houston TX mental health practice"
1174053466,Ams Health And Wellness Consultants,7136608877,5851 SAN FELIPE ST STE 425,Houston,TX,770578018,"Psychiatry & Neurology, Psychiatry",Organization,https://amshealthandwellness.com/,"""Ams Health And Wellness Consultants"" Houston TX mental health practice"
1134618630,Anda Psychiatry,4782166751,11805 CHIMNEY ROCK RD UNIT 310144,Houston,TX,770354411,"Psychiatry & Neurology, Psychiatry",Organization,,"""Anda Psychiatry"" Houston TX mental health practice"
1104499268,Andala Medical Texas,2108627246,12727 KIMBERLEY LN STE 302,Houston,TX,770244053,"Psychiatry & Neurology, Psychiatry",Organization,,"""Andala Medical Texas"" Houston TX mental health practice"
1831748029,Aoc Outreach Services,8046152055,6671 SOUTHWEST FWY STE 675,Houston,TX,770742212,Case Management,Organization,https://aocoutreachservices.com/,"""Aoc Outreach Services"" Houston TX mental health practice"
1356292247,Arc Health,9198025636,14641 GLADEBROOK DR STE 2A,Houston,TX,770682807,"Clinical Nurse Specialist, Psych/Mental Health",Organization,https://www.archealthpartners.com/,"""Arc Health"" Houston TX mental health practice"
1700896610,Arif M. Shoaib,7136608877,5851 SAN FELIPE ST SUITE 425,Houston,TX,770573076,"Psychiatry & Neurology, Psychiatry",Organization,,"""Arif M. Shoaib"" Houston TX mental health practice"
1588068514,Ark Of The Covenant Church Of The Hidden Word Of Truth,8325741560,7355 HIGHWAY 6 S UNIT R9/10/11,Houston,TX,770833311,Internal Medicine,Organization,https://www.theharriscenter.org/,"""Ark Of The Covenant Church Of The Hidden Word Of Truth"" Houston TX mental health practice"
1205304045,Ashley D. Toutounchi,8324302872,952 ECHO LN STE 210,Houston,TX,770242785,"Psychiatry & Neurology, Psychiatry",Organization,,"""Ashley D. Toutounchi"" Houston TX mental health practice"
1093478422,Ask Valiant Care,8327763353,6100 CORPORATE DR STE 238,Houston,TX,770363419,"Psychiatry & Neurology, Psychiatry",Organization,,"""Ask Valiant Care"" Houston TX mental health practice"
1922417252,Barry F Gritz,7138697400,230 WESTCOTT ST STE 210,Houston,TX,770077094,"Psychiatry & Neurology, Psychiatry",Organization,https://barrygritzmd.com/providers/barry/,"""Barry F Gritz"" Houston TX mental health practice"
1457556565,Baylor College Of Medicine,7137982500,6620 MAIN STREET,Houston,TX,77030,Family Medicine,Organization,,"""Baylor College Of Medicine"" Houston TX mental health practice"
1972694354,Baylor College Of Medicine,7137985696,1977 BUTLER BLVD SUITE 400,Houston,TX,770304101,"Psychiatry & Neurology, Psychiatry",Organization,,"""Baylor College Of Medicine"" Houston TX mental health practice"
1881026664,Baylor College Of Medicine,7137980000,7200 CAMBRIDGE ST FL 10,Houston,TX,770304202,"Medical Genetics, Ph.D. Medical Genetics",Organization,,"""Baylor College Of Medicine"" Houston TX mental health practice"
1437554136,Baylor College Of Medicine,7137982500,7200 CAMBRIDGE STREET,Houston,TX,77030,Family Medicine,Organization,,"""Baylor College Of Medicine"" Houston TX mental health practice"
1346645041,Baylor College Of Medicine,7137982500,6620 MAIN ST,Houston,TX,770302348,Family Medicine,Organization,,"""Baylor College Of Medicine"" Houston TX mental health practice"
1598154320,Baylor College Of Medicine,7137982500,TWO GREENWAY PLAZA SUITE 900,Houston,TX,770460205,"Radiology, Diagnostic Radiology",Organization,,"""Baylor College Of Medicine"" Houston TX mental health practice"
1629473731,Baylor College Of Medicine,7137982500,6624 FANNIN ST,Houston,TX,770302312,Family Medicine,Organization,,"""Baylor College Of Medicine"" Houston TX mental health practice"
1023413713,Baylor College Of Medicine,7137982500,3701 KIRBY DR SUITE 100,Houston,TX,770983900,Family Medicine,Organization,,"""Baylor College Of Medicine"" Houston TX mental health practice"
1801291919,Baylor College Of Medicine,7163798174,2 GREENWAY PLAZA SUITE 900,Houston,TX,770460205,Family Medicine,Organization,,"""Baylor College Of Medicine"" Houston TX mental health practice"
1982633434,Baylor College Of Medicine,7138732000,1504 TAUB LOOP,Houston,TX,770301608,"Psychiatry & Neurology, Psychiatry",Organization,,"""Baylor College Of Medicine"" Houston TX mental health practice"
1710382825,Baylor College Of Medicine,7137982500,1977 BUTLER BLVD,Houston,TX,770304101,Family Medicine,Organization,,"""Baylor College Of Medicine"" Houston TX mental health practice"
1790508596,Bayside Psychiatry,2819227333,11550 FUQUA ST STE 560,Houston,TX,770344303,"Psychiatry & Neurology, Psychiatry",Organization,https://www.baysidepsychri.com/,"""Bayside Psychiatry"" Houston TX mental health practice"
1841655115,Bd Health,7135818792,2400 AUGUSTA DR SUITE 326,Houston,TX,770574922,,Organization,,"""Bd Health"" Houston TX mental health practice"
1114762382,Beacon Behavioral Of Texas,7138646694,550 WESTCOTT ST STE 520,Houston,TX,770079001,"Psychiatry & Neurology, Psychiatry",Organization,https://beaconbh.com/iop-texas/,"""Beacon Behavioral Of Texas"" Houston TX mental health practice"
1912297672,Bellaire Care Clinic,7132729297,6006 BELLAIRE BLVD SUITE # 230,Houston,TX,770815404,"Psychiatry & Neurology, Psychiatry",Organization,,"""Bellaire Care Clinic"" Houston TX mental health practice"
1689945966,Benjamins Behavioral Health Services,7138407956,8703 MEADOWCROFT DR,Houston,TX,770635006,"Clinic/Center, Multi-Specialty",Organization,,"""Benjamins Behavioral Health Services"" Houston TX mental health practice"
1164514295,Bhc- Behavioral Health Consultants,7134639449,9525 KATY FWY SUITE 312,Houston,TX,770241407,"Psychiatry & Neurology, Psychiatry",Organization,https://bhchouston.com/,"""Bhc- Behavioral Health Consultants"" Houston TX mental health practice"
1295103349,Blue Bonnet,7137509045,7505 FANNIN ST STE 211,Houston,TX,770541953,"Psychiatry & Neurology, Psychiatry",Organization,,"""Blue Bonnet"" Houston TX mental health practice"
1568419737,Blues Management,7137838889,5500 GUHN RD SUITE 100,Houston,TX,770406162,"Psychiatry & Neurology, Psychiatry",Organization,,"""Blues Management"" Houston TX mental health practice"
1013150507,Brainflo,8323841560,2180 NORTH LOOP W STE 320,Houston,TX,770188014,"Psychiatry & Neurology, Psychiatry",Organization,https://www.brainflo.com/,"""Brainflo"" Houston TX mental health practice"
1609197110,Brighter Day Health,7135818801,2400 AUGUSTA DR SUITE 326,Houston,TX,770574922,,Organization,,"""Brighter Day Health"" Houston TX mental health practice"
1679893168,Carlin Barnes,7135215930,2424 W HOLCOMBE BLVD SUITE 204,Houston,TX,770301934,"Psychiatry & Neurology, Psychiatry",Organization,http://www.drcarlindbarnes.org/,"""Carlin Barnes"" Houston TX mental health practice"
1891840385,Carlos Francisco Hernandez,7135230058,2211 NORFOLK ST SUITE 460,Houston,TX,770984096,"Psychiatry & Neurology, Psychiatry",Organization,,"""Carlos Francisco Hernandez"" Houston TX mental health practice"
1427215813,Carlos Guerra Jr,7138407956,9701 RICHMOND SUITE 200,Houston,TX,77042,"Psychiatry & Neurology, Psychiatry",Organization,,"""Carlos Guerra Jr"" Houston TX mental health practice"
1568926111,Center For Green Psychiatry,2819035897,1225 NORTH LOOP W STE 935,Houston,TX,770081763,"Psychiatry & Neurology, Psychiatry",Organization,,"""Center For Green Psychiatry"" Houston TX mental health practice"
1134943384,Center For Healthy Minds,7139303334,24 GREENWAY PLZ STE 1800,Houston,TX,770462457,"Psychiatry & Neurology, Psychiatry",Organization,,"""Center For Healthy Minds"" Houston TX mental health practice"
1497571459,Center For Mental Wealth,2814630889,14531 FM 529 RD STE 150,Houston,TX,770955289,"Psychiatry & Neurology, Psychiatry",Organization,,"""Center For Mental Wealth"" Houston TX mental health practice"
1205296019,Central Houston Psychiatry,7133012252,3100 WESLAYAN ST SUITE 360,Houston,TX,770275727,"Psychiatry & Neurology, Psychiatry",Organization,,"""Central Houston Psychiatry"" Houston TX mental health practice"
1043016520,Clarity Neurology And Psychiatry,3462005909,12934 BELLAIRE BLVD SUITE 208,Houston,TX,77072,"Psychiatry & Neurology, Psychiatry",Organization,,"""Clarity Neurology And Psychiatry"" Houston TX mental health practice"
1154950459,Compass Psychiatry Solutions,2828568500,2026 WIRT RD FL 2,Houston,TX,770551626,"Psychiatry & Neurology, Psychiatry",Organization,,"""Compass Psychiatry Solutions"" Houston TX mental health practice"
1104575695,Conscientiamd,2813050364,5373 W ALABAMA ST STE 204,Houston,TX,770565923,"Psychiatry & Neurology, Psychiatry",Organization,,"""Conscientiamd"" Houston TX mental health practice"
1396012662,Copperfield Psychiatry,2815006970,7825 HIGHWAY 6 N SUITE 101,Houston,TX,770951700,"Psychiatry & Neurology, Psychiatry",Organization,,"""Copperfield Psychiatry"" Houston TX mental health practice"
1174720833,Cornerstone Psychiatry Associates,2815808086,14340 TORREY CHASE BLVD SUITE 160,Houston,TX,770141021,"Psychiatry & Neurology, Psychiatry",Organization,,"""Cornerstone Psychiatry Associates"" Houston TX mental health practice"
1114211133,Cufa Behavioral Health Services,8326931300,9100 SOUTHWEST FWY STE 121,Houston,TX,770741527,"Psychiatry & Neurology, Psychiatry",Organization,https://www.cufabehavioralhs.com/,"""Cufa Behavioral Health Services"" Houston TX mental health practice"
1659482834,Cyrus Sajadi,7137841260,2605 POTOMAC DR,Houston,TX,770574529,"Psychiatry & Neurology, Psychiatry",Organization,,"""Cyrus Sajadi"" Houston TX mental health practice"
1528223690,D L & K Enterprises,2815869971,110 CYPRESS STATION DR STE 113,Houston,TX,770901630,"Psychiatry & Neurology, Psychiatry",Organization,,"""D L & K Enterprises"" Houston TX mental health practice"
1043520778,Daniel R Garza,2816108190,2323 S SHEPHERD DRIVE SUITE 805,Houston,TX,770197019,"Psychiatry & Neurology, Psychiatry",Organization,,"""Daniel R Garza"" Houston TX mental health practice"
1447396726,Daniel T.l. Tan,7137794200,10101 SOUTHWEST FWY SUITE 510,Houston,TX,770741126,"Psychiatry & Neurology, Psychiatry",Organization,,"""Daniel T.l. Tan"" Houston TX mental health practice"
1841698362,Dawn Behavioral Health,2819933733,1113 W BAKER RD STE B,Baytown,TX,775212392,"Psychiatry & Neurology, Psychiatry",Organization,,"""Dawn Behavioral Health"" Baytown TX mental health practice"
1174626675,Depelchin Children's Center,7137302335,4950 MEMORIAL DRIVE,Houston,TX,77007,"Counselor, Mental Health",Organization,https://www.depelchin.org/,"""Depelchin Children's Center"" Houston TX mental health practice"
1407054240,Depelchin Psyciatric Services,7137302335,4950 MEMORIAL DRIVE,Houston,TX,77007,"Counselor, Mental Health",Organization,,"""Depelchin Psyciatric Services"" Houston TX mental health practice"
1710232442,Don M Lagrone,7136300930,2246 BISSONNET ST,Houston,TX,770051510,"Psychiatry & Neurology, Psychiatry",Organization,,"""Don M Lagrone"" Houston TX mental health practice"
1265933527,Don't Just Rehabilitate Community Mental Health,8325391416,6430 COURT RD STE A,Houston,TX,770534462,Family Medicine,Organization,,"""Don't Just Rehabilitate Community Mental Health"" Houston TX mental health practice"
1457369316,Dr Eugene Divita,7138694110,520 POST OAK BLVD SUITE 390,Houston,TX,77027,"Psychiatry & Neurology, Psychiatry",Organization,,"""Dr Eugene Divita"" Houston TX mental health practice"
1497127039,Dr. S. M. Rawls,8323010700,16310 TOMBALL PKWY UNIT 1503,Houston,TX,770641812,"Psychiatry & Neurology, Psychiatry",Organization,,"""Dr. S. M. Rawls"" Houston TX mental health practice"
1104577063,Drn Medical Goup,3464186014,11043 FUQUA ST STE C,Houston,TX,770892510,"Psychiatry & Neurology, Psychiatry",Organization,,"""Drn Medical Goup"" Houston TX mental health practice"
1932171667,El Centro De Corazon,7136601880,412 TELEPHONE RD,Houston,TX,770231840,"Clinic/Center, Federally Qualified Health Center (FQHC)",Organization,https://www.elcentrodecorazon.org/locations/,"""El Centro De Corazon"" Houston TX mental health practice"
1366379224,El Medical Consulting,3479618678,2320 NAOMI ST,Houston,TX,770544005,"Psychiatry & Neurology, Psychiatry",Organization,,"""El Medical Consulting"" Houston TX mental health practice"
1124530936,Elisabeth Netherton,7134007400,2901 WILCREST DR STE 520,Houston,TX,770426073,"Psychiatry & Neurology, Psychiatry",Organization,https://www.elisabethnethertonmd.com/about-3,"""Elisabeth Netherton"" Houston TX mental health practice"
1235899949,Encora Health,8663343006,20333 STATE HIGHWAY 249 STE 430,Houston,TX,770702774,"Psychiatry & Neurology, Bariatric Medicine",Organization,https://www.encorahealth.com/demo,"""Encora Health"" Houston TX mental health practice"
1982432100,Enlighten Psychiatry,7133379010,4295 SAN FELIPE ST STE 205B,Houston,TX,770272942,"Psychiatry & Neurology, Psychiatry",Organization,,"""Enlighten Psychiatry"" Houston TX mental health practice"
1255175683,Eric Chen,7133461551,4888 LOOP CENTRAL DR STE 510,Houston,TX,770812226,"Psychiatry & Neurology, Psychiatry",Organization,,"""Eric Chen"" Houston TX mental health practice"
1306872791,Everhealth,2812908188,14011 PARK DR STE 212,Tomball,TX,773776374,"Psychiatry & Neurology, Psychiatry",Organization,https://everhealth.net/locations/tomball,"""Everhealth"" Tomball TX mental health practice"
1487851986,Everhealth Management,7134845105,1903 S CHERRY ST,Tomball,TX,773756823,Registered Nurse,Organization,,"""Everhealth Management"" Tomball TX mental health practice"
1386143576,Evolution Tms Of Houston,8327522688,3000 RICHMOND AVE STE 425,Houston,TX,770983188,"Psychiatry & Neurology, Psychiatry",Organization,,"""Evolution Tms Of Houston"" Houston TX mental health practice"
1316393192,Evolve Outreach Of Texas,8445538658,2101 CRAWFORD ST STE 311,Houston,TX,770028941,Case Management,Organization,https://evolveoftexas.com/,"""Evolve Outreach Of Texas"" Houston TX mental health practice"
1417301763,Extending Creative Minds,8325068121,10311 HOMESTEAD RD,Houston,TX,770163305,Family Medicine,Organization,,"""Extending Creative Minds"" Houston TX mental health practice"
1922833375,Flourish Collaborative Care,8326392015,950 ECHO LN STE 350,Houston,TX,770242750,"Psychiatry & Neurology, Psychiatry",Organization,,"""Flourish Collaborative Care"" Houston TX mental health practice"
1073633939,Frank Chen,8323841560,2180 NORTH LOOP W SUITE 450,Houston,TX,770188014,"Psychiatry & Neurology, Psychiatry",Organization,,"""Frank Chen"" Houston TX mental health practice"
1316150410,Franklin H. Gittess,7138501980,3100 WESLAYAN ST 375,Houston,TX,770275727,"Psychiatry & Neurology, Psychiatry",Organization,,"""Franklin H. Gittess"" Houston TX mental health practice"
1144492802,Fritz O A Franke,7137850101,2603 AUGUSTINE DRIVE SUITE 805,Houston,TX,770575639,"Psychiatry & Neurology, Psychiatry",Organization,,"""Fritz O A Franke"" Houston TX mental health practice"
1336557560,Fulshear Family Health Consultants,8322304162,2222 GREENHOUSE RD SUITE 200,Houston,TX,770847287,"Psychiatry & Neurology, Psychiatry",Organization,,"""Fulshear Family Health Consultants"" Houston TX mental health practice"
1689690166,Gary E Miller M D P A,2814406899,17115 RED OAK DR SUITE 119,Houston,TX,770902640,"Psychiatry & Neurology, Psychiatry",Organization,,"""Gary E Miller M D P A"" Houston TX mental health practice"
1306711056,Generation Health And Wellness,7139844700,2365 RICE BLVD STE 215,Houston,TX,770052668,"Clinic/Center, Multi-Specialty",Organization,,"""Generation Health And Wellness"" Houston TX mental health practice"
1801744040,Gloria Odum,7139654480,2211 NORFOLK ST STE 455,Houston,TX,770984119,"Psychiatry & Neurology, Psychiatry",Organization,,"""Gloria Odum"" Houston TX mental health practice"
1053252494,Goldstone Psychiatry,0000000000,3120 SOUTHWEST FWY STE 617,Houston,TX,770984521,"Psychiatry & Neurology, Psychiatry",Organization,,"""Goldstone Psychiatry"" Houston TX mental health practice"
1235422346,Gurdip Buttar M D-p A,8328687100,6006 BELLAIRE BLVD SUITE 230,Houston,TX,770815404,"Psychiatry & Neurology, Psychiatry",Organization,,"""Gurdip Buttar M D-p A"" Houston TX mental health practice"
1942149182,Hanjing Wu,7136009500,5314 DASHWOOD DR,Houston,TX,770814603,"Psychiatry & Neurology, Psychiatry",Organization,,"""Hanjing Wu"" Houston TX mental health practice"
1891002465,Harris County Psychiatric,7132390356,3222 BURKE RD SUITE # 107,Pasadena,TX,775041859,"Psychiatry & Neurology, Psychiatry",Organization,,"""Harris County Psychiatric"" Pasadena TX mental health practice"
1245397165,Hauser Clinic And Associates,7136690303,5959 WEST LOOP S SUITE 600,Bellaire,TX,774012421,"Psychiatry & Neurology, Psychiatry",Organization,https://www.hauserclinic.com/psychiatric-evaluations-in-bellaire/,"""Hauser Clinic And Associates"" Bellaire TX mental health practice"
1114263902,Hayley E. Maislos,7136225432,3355 W ALABAMA ST SUITE 125,Houston,TX,770981722,"Psychiatry & Neurology, Psychiatry",Organization,,"""Hayley E. Maislos"" Houston TX mental health practice"
1699315861,Healthmed Services,2816873413,12808 VETERANS MEMORIAL DR,Houston,TX,770142004,"Psychiatry & Neurology, Psychiatry",Organization,https://healthmed-services.com/,"""Healthmed Services"" Houston TX mental health practice"
1780925883,Heather Sauer,7136224499,5151 SAN FELIPE ST 1470,Houston,TX,770563607,"Psychiatry & Neurology, Psychiatry",Organization,,"""Heather Sauer"" Houston TX mental health practice"
1225985229,Hira Hanif,7134879792,1500 WAUGH DR STE 112,Houston,TX,770193911,"Psychiatry & Neurology, Psychiatry",Organization,https://www.hanifmd.com/,"""Hira Hanif"" Houston TX mental health practice"
1467805127,Hong Chai,7134264545,3722 PINEMONT DR,Houston,TX,770181220,"Psychiatry & Neurology, Psychiatry",Organization,,"""Hong Chai"" Houston TX mental health practice"
1184585408,Houston Area Community Services,7134260027,2150 W 18TH ST STE 300,Houston,TX,770081289,"Clinic/Center, Rehabilitation, Substance Use Disorder",Organization,,"""Houston Area Community Services"" Houston TX mental health practice"
1053539262,Houston Area Community Services,7134260027,2150 W 18TH ST SUITE 300,Houston,TX,770085200,"Clinic/Center, Federally Qualified Health Center (FQHC)",Organization,,"""Houston Area Community Services"" Houston TX mental health practice"
1588352504,Houston Child And Adult Psychiatry Services,4699429937,7103 S PEEK RD STE 220,Richmond,TX,774073504,"Psychiatry & Neurology, Psychiatry",Organization,,"""Houston Child And Adult Psychiatry Services"" Richmond TX mental health practice"
1487035192,Houston Circle Of Hope Services,8329628891,7324 SOUTHWEST FWY STE 835,Houston,TX,770742044,Case Management,Organization,https://www.houstoncircleofhope.com/,"""Houston Circle Of Hope Services"" Houston TX mental health practice"
1285829838,Houston Primary Care,7137895588,7900 WESTGLEN DR,Houston,TX,770636410,"Psychiatry & Neurology, Psychiatry",Organization,https://www.coreprimarycare.com/,"""Houston Primary Care"" Houston TX mental health practice"
1063852721,Houston Psychiatry Healthcare,2818165930,12234 SHADOW CREEK PKWY BUILDING 4 STE 104,Pearland,TX,775847330,"Psychiatry & Neurology, Psychiatry",Organization,,"""Houston Psychiatry Healthcare"" Pearland TX mental health practice"
1912331133,Houston Psychiatry Wellness Center,7136359386,902 FROSTWOOD DR SUITE 133,Houston,TX,770242420,"Psychiatry & Neurology, Psychiatry",Organization,,"""Houston Psychiatry Wellness Center"" Houston TX mental health practice"
1689247900,I Believe Psychiatry,8772113829,10039 BISSONNET ST STE 319,Houston,TX,770367840,"Psychiatry & Neurology, Psychiatry",Organization,,"""I Believe Psychiatry"" Houston TX mental health practice"
1851783534,Idoc Telehealth Solutions,3039224636,2311 W MAIN ST,Houston,TX,770983218,"Internal Medicine, Critical Care Medicine",Organization,,"""Idoc Telehealth Solutions"" Houston TX mental health practice"
1154943082,In Vivo Center,2813463087,2323 S VOSS RD STE 125I,Houston,TX,770573867,"Social Worker, Clinical",Organization,https://www.invivocenter.com/,"""In Vivo Center"" Houston TX mental health practice"
1912610353,Innovative Primary Care,2812070461,17070 RED OAK DR STE 309,Houston,TX,770902616,"Internal Medicine, Adolescent Medicine",Organization,https://www.innovativeuc.com/,"""Innovative Primary Care"" Houston TX mental health practice"
1417729617,Inpresent Psychiatry,2125640480,5718 WESTHEIMER RD STE 1000,Houston,TX,770579903,"Psychiatry & Neurology, Psychiatry",Organization,,"""Inpresent Psychiatry"" Houston TX mental health practice"
1669625109,Integra Behavioral Healthcare,7134649999,9055 KATY FWY SUITE 306,Houston,TX,770241624,"Psychiatry & Neurology, Psychiatry",Organization,,"""Integra Behavioral Healthcare"" Houston TX mental health practice"
1114651767,Integrated Community Care Network,2816873413,2420 FANNIN ST,Houston,TX,770029114,"Psychiatry & Neurology, Psychiatry",Organization,,"""Integrated Community Care Network"" Houston TX mental health practice"
1669180956,Integrated Psychiatry,7135100024,5444 WESTHEIMER RD STE 1535,Houston,TX,770565395,"Psychiatry & Neurology, Psychiatry",Organization,,"""Integrated Psychiatry"" Houston TX mental health practice"
1861088346,Intercontinental Psychiatry,8324922169,6902 S PEEK RD,Richmond,TX,774071741,"Psychiatry & Neurology, Psychiatry",Organization,,"""Intercontinental Psychiatry"" Richmond TX mental health practice"
1629372735,Intracare Behavioral Health Clinic,7133333771,2626 S LOOP W 430,Houston,TX,770542654,"Psychiatry & Neurology, Psychiatry",Organization,,"""Intracare Behavioral Health Clinic"" Houston TX mental health practice"
1801961818,Ivan C Spector,7139630769,3100 WESLAYAN ST #350,Houston,TX,770275727,"Psychiatry & Neurology, Psychiatry",Organization,https://ivancspector.com/,"""Ivan C Spector"" Houston TX mental health practice"
1336431493,Jamal Rafique,7136009550,5314 DASHWOOD DR SUITE 200,Houston,TX,770814603,"Psychiatry & Neurology, Psychiatry",Organization,,"""Jamal Rafique"" Houston TX mental health practice"
1548510878,James M. Rogers,2814691787,17350 ST. HWY. 249 STE. 358,Houston,TX,770641132,"Psychiatry & Neurology, Psychiatry",Organization,,"""James M. Rogers"" Houston TX mental health practice"
1144275140,Jason D. Baron,7137838889,5500 GUHN RD,Houston,TX,770406161,Case Management,Organization,,"""Jason D. Baron"" Houston TX mental health practice"
1003202318,Jason James,7134899142,7515 MAIN ST STE 400,Houston,TX,77030,"Psychiatry & Neurology, Psychiatry",Organization,,"""Jason James"" Houston TX mental health practice"
1720380421,Jerri P Sethna,2813970200,17115 RED OAK DR SUITE 116,Houston,TX,770902641,"Psychiatry & Neurology, Psychiatry",Organization,,"""Jerri P Sethna"" Houston TX mental health practice"
1851326730,Jorge A Raichman,7137726519,7500 BEECHNUT ST SUITE 214,Houston,TX,77074,"Psychiatry & Neurology, Psychiatry",Organization,,"""Jorge A Raichman"" Houston TX mental health practice"
1346275229,Jose A Gutierrez,7137726519,7500 BEECHNUT SUITE 214,Houston,TX,77074,"Psychiatry & Neurology, Psychiatry",Organization,,"""Jose A Gutierrez"" Houston TX mental health practice"
1053854935,Joseph Malieto Heath,8323154328,2001 LADBROOK DR,Kingwood,TX,773393004,"Psychiatry & Neurology, Psychiatry",Organization,,"""Joseph Malieto Heath"" Kingwood TX mental health practice"
1619274354,Jsa Health Texas,8887927122,410 PIERCE ST STE 103,Houston,TX,770028749,"Psychiatry & Neurology, Psychiatry",Organization,,"""Jsa Health Texas"" Houston TX mental health practice"
1811526635,Kambiz Jahanian,2103871923,7601 FANNIN ST,Houston,TX,770541905,"Psychiatry & Neurology, Psychiatry",Organization,,"""Kambiz Jahanian"" Houston TX mental health practice"
1639585433,Kh Psychiatry,7136009554,5314 DASHWOOD DR SUITE 200,Houston,TX,770814603,"Psychiatry & Neurology, Psychiatry",Organization,,"""Kh Psychiatry"" Houston TX mental health practice"
1396807350,Kinghaven Counseling Group,7134574372,6100 HILLCROFT AVE STE 642,Houston,TX,770811009,Case Management,Organization,https://kinghavencounseling.com/contact-us/,"""Kinghaven Counseling Group"" Houston TX mental health practice"
1194957464,Larry Flowers,2815805061,1125 CYPRESS STATION DR BLDG B-1,Houston,TX,770903054,"Psychiatry & Neurology, Psychiatry",Organization,,"""Larry Flowers"" Houston TX mental health practice"
1821163379,Laura L Champagne,7136478855,9055 KATY FWY SUITE 418,Houston,TX,770241624,"Psychiatry & Neurology, Psychiatry",Organization,,"""Laura L Champagne"" Houston TX mental health practice"
1639443435,Lawrenceg. Root,7137570894,1315 ST JOSEPH PKWY SUITE 1500,Houston,TX,770028233,"Psychiatry & Neurology, Psychiatry",Organization,,"""Lawrenceg. Root"" Houston TX mental health practice"
1588878870,Lighthouse For The Blind Of Houston,7132848494,3602 W DALLAS ST,Houston,TX,770191704,"Clinic/Center, Adult Day Care",Organization,https://houstonlighthouse.org/,"""Lighthouse For The Blind Of Houston"" Houston TX mental health practice"
1699923466,Lk & D Enterprises,2815869971,1125 CYPRESS STATION DR BLDG B #1 & #2,Houston,TX,770901602,"Psychiatry & Neurology, Psychiatry",Organization,,"""Lk & D Enterprises"" Houston TX mental health practice"
1891746970,Lone Star Circle Of Care,5128681124,2423 WILLIAMS DR,Georgetown,TX,786283200,"Clinic/Center, Federally Qualified Health Center (FQHC)",Organization,https://lonestarcares.org/,"""Lone Star Circle Of Care"" Georgetown TX mental health practice"
1851851133,Lone Star Health Center,2818849989,2626 S LOOP W STE 320,Houston,TX,770542649,,Organization,https://www.lonestarfamily.org/pharmacy/,"""Lone Star Health Center"" Houston TX mental health practice"
1699696161,Lotus Behavioral Health Services,4046920232,616 FM 1960 RD W STE 770B,Houston,TX,770903026,"Psychiatry & Neurology, Psychiatry",Organization,https://lotusbhservices.com/,"""Lotus Behavioral Health Services"" Houston TX mental health practice"
1124868229,Lovejoy Health,9144343300,24 GREENWAY PLZ STE 1800,Houston,TX,770462457,"Counselor, Mental Health",Organization,https://lovejoy.health/,"""Lovejoy Health"" Houston TX mental health practice"
1316648728,Lynx Behavioral Health,3466044780,480 N SAM HOUSTON PKWY E # 380B,Houston,TX,770603550,"Psychiatry & Neurology, Psychiatry",Organization,,"""Lynx Behavioral Health"" Houston TX mental health practice"
1780365395,M & D Professional Enterprizes,3464527533,618 1ST STREET E UNIT E,Humble,TX,773384607,"Psychiatry & Neurology, Psychiatry",Organization,,"""M & D Professional Enterprizes"" Humble TX mental health practice"
1639970734,Mana Health Partners Tx,7136442102,7633 BELLFORT ST,Houston,TX,770611703,Internal Medicine,Organization,,"""Mana Health Partners Tx"" Houston TX mental health practice"
1649940958,Manjeshwar Ramakrishna Prabhu,7139600344,1147 BRITTMOORE RD STE 4,Houston,TX,770435039,"Psychiatry & Neurology, Psychiatry",Organization,,"""Manjeshwar Ramakrishna Prabhu"" Houston TX mental health practice"
1164084729,Marangell And Al Jurdi,7134895000,24 GREENWAY PLZ STE 2020,Houston,TX,770462445,"Psychiatry & Neurology, Psychiatry",Organization,,"""Marangell And Al Jurdi"" Houston TX mental health practice"
1053765107,Marangell And Al Jurdi,7134895000,24 GREENWAY PLZ STE 2020,Houston,TX,770462445,"Psychiatry & Neurology, Psychiatry",Organization,,"""Marangell And Al Jurdi"" Houston TX mental health practice"
1134220650,Martha St. John,2814973500,11767 KATY FWY SUITE 364,Houston,TX,770791716,"Psychiatry & Neurology, Psychiatry",Organization,https://www.doctorstjohn.com/our-team/martha-st-john-md/,"""Martha St. John"" Houston TX mental health practice"
1285192658,Marvelous Counseling & Therapy,2815084466,13700 VETERANS MEMORIAL DR STE 100,Houston,TX,770141017,Case Management,Organization,https://marvelouscounseling.com/,"""Marvelous Counseling & Therapy"" Houston TX mental health practice"
1962078238,Maryann Muyco,2818246896,"2211 NORFOLK, SUITE 140",Houston,TX,77098,"Psychiatry & Neurology, Psychiatry",Organization,https://www.muycomd.com/,"""Maryann Muyco"" Houston TX mental health practice"
1477857720,Matthew Brams Md Alice Mao,7138646694,550 WESTCOTT ST STE. 520,Houston,TX,770079015,"Psychiatry & Neurology, Psychiatry",Organization,,"""Matthew Brams Md Alice Mao"" Houston TX mental health practice"
1477230100,Melton Psychiatry,8329301190,2211 NORFOLK ST STE 535,Houston,TX,770984164,"Psychiatry & Neurology, Psychiatry",Organization,,"""Melton Psychiatry"" Houston TX mental health practice"
1417184474,Michael D Lesem,8325381479,4306 YOAKUM BLVD STE 230,Houston,TX,770065878,"Psychiatry & Neurology, Psychiatry",Organization,https://www.lesemmd.com/about-us,"""Michael D Lesem"" Houston TX mental health practice"
1366713224,Midtown Psychiatry And Tms Center,7134263100,5225 KATY FWY SUITE 650,Houston,TX,770072292,"Psychiatry & Neurology, Psychiatry",Organization,https://midtownpsychiatrytms.wordpress.com/,"""Midtown Psychiatry And Tms Center"" Houston TX mental health practice"
1912433517,Milena Newhook,3467600500,920 FROSTWOOD DR,Houston,TX,770242314,"Psychiatry & Neurology, Psychiatry",Organization,https://www.drmilenanewhook.com/,"""Milena Newhook"" Houston TX mental health practice"
1053319384,Milton Altschuler,7136225480,4550 POST OAK PLACE DR STE 320,Houston,TX,770273165,"Psychiatry & Neurology, Psychiatry",Organization,,"""Milton Altschuler"" Houston TX mental health practice"
1073163093,Mind & Brain,8326997922,9432 KATY FWY STE 460,Houston,TX,770556349,"Psychiatry & Neurology, Psychiatry",Organization,https://www.houstonmindandbrain.com/,"""Mind & Brain"" Houston TX mental health practice"
1154272508,Mind Vibe Houston,3465561185,7777 SOUTHWEST FWY STE 934,Houston,TX,770741813,"Psychiatry & Neurology, Psychiatry",Organization,https://www.mindvibe.com/location/texas/houston/,"""Mind Vibe Houston"" Houston TX mental health practice"
1134888902,Mindful Health Solutions Tx,8448678444,1200 BINZ ST STE 480,Houston,TX,770046942,"Psychiatry & Neurology, Psychiatry",Organization,https://mindfulhealthsolutions.com/houston-tx/,"""Mindful Health Solutions Tx"" Houston TX mental health practice"
1871448175,Mindful Medical Group,4256407009,16225 PARK TEN PL STE 500,Houston,TX,770845152,"Psychiatry & Neurology, Psychiatry",Organization,,"""Mindful Medical Group"" Houston TX mental health practice"
1215675152,Mindrestorative Psychiatry,4093331344,2500 CITYWEST BLVD STE 150,Houston,TX,770423034,"Psychiatry & Neurology, Psychiatry",Organization,https://www.mindrestorative.com/,"""Mindrestorative Psychiatry"" Houston TX mental health practice"
1760343206,Mindshift Mental Health Urgent Care,3463303730,8850 HUFFMEISTER RD,Houston,TX,770955493,"Psychiatry & Neurology, Psychiatry",Organization,https://mindshift.care/,"""Mindshift Mental Health Urgent Care"" Houston TX mental health practice"
1659231884,Monica Grover,7133709655,1500 WAUGH DR STE 104,Houston,TX,770193911,"Psychiatry & Neurology, Psychiatry",Organization,,"""Monica Grover"" Houston TX mental health practice"
1497126122,Mpp Mso,3368646694,550 WESTCOTT ST SUITE 520,Houston,TX,770079015,"Psychiatry & Neurology, Psychiatry",Organization,,"""Mpp Mso"" Houston TX mental health practice"
1851590954,Mumtaz Suleman,2813166501,2060 SPACE PARK DR SUITE 404,Houston,TX,770583600,"Psychiatry & Neurology, Psychiatry",Organization,,"""Mumtaz Suleman"" Houston TX mental health practice"
1316485063,Mw Psychiatry,7137011998,1200 BINZ ST STE 520,Houston,TX,770046900,"Psychiatry & Neurology, Psychiatry",Organization,,"""Mw Psychiatry"" Houston TX mental health practice"
1790178390,Natalia Kazakevich,7136009500,5314 DASHWOOD DR,Houston,TX,770814603,"Psychiatry & Neurology, Psychiatry",Organization,,"""Natalia Kazakevich"" Houston TX mental health practice"
1457945602,Neighborhood Care Community Centers,8327747177,7324 SOUTHWEST FWY STE 800,Houston,TX,770742057,Case Management,Organization,,"""Neighborhood Care Community Centers"" Houston TX mental health practice"
1326759226,Neuralign,7138407956,8703 MEADOWCROFT DR,Houston,TX,770635006,"Psychiatry & Neurology, Psychiatry",Organization,https://neuralign.us/purchase,"""Neuralign"" Houston TX mental health practice"
1689393266,Neuro Care Associates,2814811197,11920 ASTORIA BLVD STE 300,Houston,TX,770896097,"Psychiatry & Neurology, Psychiatry",Organization,,"""Neuro Care Associates"" Houston TX mental health practice"
1730688300,Neuropsychiatric And Behavioral Consulting,7133461551,4888 LOOP CENTRAL DR STE 510,Houston,TX,770812226,"Psychiatry & Neurology, Psychiatry",Organization,,"""Neuropsychiatric And Behavioral Consulting"" Houston TX mental health practice"
1144141201,Nexa Behavioral Health,7025760775,5502 1ST ST,Katy,TX,774932472,"Psychiatry & Neurology, Psychiatry",Organization,https://nexabh.com/,"""Nexa Behavioral Health"" Katy TX mental health practice"
1629831946,Nexus Behavioral Care,8324227777,11455 FALLBROOK DR STE 302,Houston,TX,770654268,"Psychiatry & Neurology, Psychiatry",Organization,,"""Nexus Behavioral Care"" Houston TX mental health practice"
1265715965,Nichole Tomjanovich,7135201411,2323 S SHEPHERD DR SUITE 1012,Houston,TX,770197019,"Psychiatry & Neurology, Psychiatry",Organization,,"""Nichole Tomjanovich"" Houston TX mental health practice"
1508289083,Nneka Edokpayi,8325643526,118 ELDRIDGE RD STE A,Sugar Land,TX,774784695,Internal Medicine,Organization,,"""Nneka Edokpayi"" Sugar Land TX mental health practice"
1710147897,Nora J Davis,2812829000,17000 EL CAMINO REAL STE 302A,Houston,TX,77058,"Psychiatry & Neurology, Psychiatry",Organization,,"""Nora J Davis"" Houston TX mental health practice"
1992346647,Norax Health,2816994343,9100 SOUTHWEST FREE WAY SUITE 165,Houston,TX,77074,"Psychiatry & Neurology, Addiction Psychiatry",Organization,,"""Norax Health"" Houston TX mental health practice"
1164719795,North Houston Psychiatry,2816310081,14335 TORREY CHASE BLVD STE E,Houston,TX,770141634,"Psychiatry & Neurology, Psychiatry",Organization,http://www.northhoustonpsychiatry.com/,"""North Houston Psychiatry"" Houston TX mental health practice"
1265216550,Nubia Lluberes,8327903093,3131 EASTSIDE ST STE 450,Houston,TX,770981947,"Psychiatry & Neurology, Psychiatry",Organization,,"""Nubia Lluberes"" Houston TX mental health practice"
1184276909,Nume Tms Texas,8554231746,2211 NORFOLK ST STE 740,Houston,TX,770984062,"Psychiatry & Neurology, Psychiatry",Organization,,"""Nume Tms Texas"" Houston TX mental health practice"
1780278036,Nurturing Arms Counseling Services,8327747177,7324 SOUTHWEST FWY STE 800,Houston,TX,770742057,Case Management,Organization,https://nurturingarmscare.org/,"""Nurturing Arms Counseling Services"" Houston TX mental health practice"
1427662410,Olubunmi Asana,2814630889,9539 HUFFMEISTER RD,Houston,TX,770952856,"Psychiatry & Neurology, Psychiatry",Organization,,"""Olubunmi Asana"" Houston TX mental health practice"
1639061609,Omnia Health Collective,7134982112,3100 WESLAYAN ST STE 380,Houston,TX,770275736,Family Medicine,Organization,https://www.omnia-hc.com/,"""Omnia Health Collective"" Houston TX mental health practice"
1184287385,On Site Counseling Of Georgia,7139428100,3007 CAROLINE ST,Houston,TX,770042822,"Psychologist, Clinical",Organization,,"""On Site Counseling Of Georgia"" Houston TX mental health practice"
1053953513,On Site Counseling Of Oklahoma,7139428100,3007 CAROLINE ST,Houston,TX,770042822,"Psychologist, Clinical",Organization,,"""On Site Counseling Of Oklahoma"" Houston TX mental health practice"
1033751557,On Site Of North Carolina,7139428100,3007 CAROLINE ST,Houston,TX,770042822,"Psychologist, Clinical",Organization,,"""On Site Of North Carolina"" Houston TX mental health practice"
1114569035,Onsite Counseling Of Indiana,7139428100,3007 CAROLINE ST,Houston,TX,770042822,"Psychologist, Clinical",Organization,,"""Onsite Counseling Of Indiana"" Houston TX mental health practice"
1427690346,Onsite Counseling Of Louisiana,7139428100,3007 CAROLINE ST,Houston,TX,770042822,"Psychologist, Clinical",Organization,,"""Onsite Counseling Of Louisiana"" Houston TX mental health practice"
1043852973,Onsite Counseling Of Pennsylvania,7139428100,3007 CAROLINE ST,Houston,TX,770042822,"Psychologist, Clinical",Organization,,"""Onsite Counseling Of Pennsylvania"" Houston TX mental health practice"
1992656557,Opa Health Holdings,7138207040,11500 SPACE CENTER BLVD,Houston,TX,770593603,"Psychiatry & Neurology, Psychiatry",Organization,,"""Opa Health Holdings"" Houston TX mental health practice"
1972969491,Palms Clinical Services,8322484636,1010 WAVERLY ST,Houston,TX,770086760,Marriage & Family Therapist,Organization,,"""Palms Clinical Services"" Houston TX mental health practice"
1982296430,Parallel Wellness Center,4697667684,17350 STATE HIGHWAY 249 STE 220 #4479,Houston,TX,770647600,"Nurse Practitioner, Psych/Mental Health",Organization,,"""Parallel Wellness Center"" Houston TX mental health practice"
1194057083,Patricia P Corke Mdpa,2813335740,18333 EGRET BAY BLVD SUITE 305,Houston,TX,770583265,"Psychiatry & Neurology, Psychiatry",Organization,,"""Patricia P Corke Mdpa"" Houston TX mental health practice"
1174661532,Paulo R. Bettega,7138501190,6700 BELLAIRE BLVD,Houston,TX,770744906,"Psychiatry & Neurology, Psychiatry",Organization,,"""Paulo R. Bettega"" Houston TX mental health practice"
1225451776,Piedmont Behavioral Services,9192972930,17070 RED OAK DR STE 303,Houston,TX,770902616,"Psychiatry & Neurology, Psychiatry",Organization,,"""Piedmont Behavioral Services"" Houston TX mental health practice"
1811424195,Praetorian Rx,3035245972,1880 S DAIRY ASHFORD RD STE 106,Houston,TX,770774759,Family Medicine,Organization,,"""Praetorian Rx"" Houston TX mental health practice"
1407611346,Present Telepsychiatry,8325521578,1415 NORTH LOOP W STE 300-14,Houston,TX,770081664,"Psychiatry & Neurology, Psychiatry",Organization,https://presentpsychiatry.com/,"""Present Telepsychiatry"" Houston TX mental health practice"
1063470912,Primary Medicine Center,7137900745,7707 FANNIN ST SUITE 205,Houston,TX,770541926,"Psychiatry & Neurology, Psychiatry",Organization,,"""Primary Medicine Center"" Houston TX mental health practice"
1760297600,Primrose Psychiatric Services,5714600298,10425 HUFFMEISTER RD STE 420,Houston,TX,770653429,"Psychiatry & Neurology, Psychiatry",Organization,,"""Primrose Psychiatric Services"" Houston TX mental health practice"
1942698139,Progressive Multi-specialty Group,2819933733,1113 WEST BAKER ROAD SUITE F,Baytown,TX,775212391,General Practice,Organization,,"""Progressive Multi-specialty Group"" Baytown TX mental health practice"
1770125676,Psych Counseling,7139428100,3007 CAROLINE ST,Houston,TX,770042822,"Psychologist, Clinical",Organization,,"""Psych Counseling"" Houston TX mental health practice"
1033721279,Psych Insight Plcc,8447467444,19 BRIAR HOLLOW LN SUITE 265,Houston,TX,77027,"Psychiatry & Neurology, Psychiatry",Organization,,"""Psych Insight Plcc"" Houston TX mental health practice"
1972463560,Psych Md Medical Group,7184144772,709 REINICKE ST,Houston,TX,770075162,"Psychiatry & Neurology, Psychiatry",Organization,,"""Psych Md Medical Group"" Houston TX mental health practice"
1831980747,Psych Me,4802394747,4802 WARM SPRINGS RD,Houston,TX,770355921,"Psychiatry & Neurology, Psychiatry",Organization,,"""Psych Me"" Houston TX mental health practice"
1487940599,Psychiatric Services Of Houston And Associates I,7138500049,4635 SOUTHWEST FWY STE 635,Houston,TX,770277112,"Psychiatry & Neurology, Psychiatry",Organization,,"""Psychiatric Services Of Houston And Associates I"" Houston TX mental health practice"
1134415243,Psychiatric Services,7138500049,4635 SOUTHWEST FWY STE 635,Houston,TX,770277112,"Psychiatry & Neurology, Psychiatry",Organization,,"""Psychiatric Services"" Houston TX mental health practice"
1013476027,Psychiatry Of Texas,8328694818,7877 WILLOW CHASE BLVD,Houston,TX,770705934,"Psychiatry & Neurology, Psychiatry",Organization,,"""Psychiatry Of Texas"" Houston TX mental health practice"
1639747264,Psychiatry Relief,8329757460,16316 FM 529 RD STE B,Houston,TX,770951465,"Psychiatry & Neurology, Psychiatry",Organization,https://psychiatryrelief.com/,"""Psychiatry Relief"" Houston TX mental health practice"
1164640629,Psychotherapy Associates,7136228411,3000 WESLAYAN ST SUITE 347,Houston,TX,770275700,"Social Worker, Clinical",Organization,https://www.acadiapsychotherapy.com/depression-therapy,"""Psychotherapy Associates"" Houston TX mental health practice"
1891527289,Psychplus Associates Of Alaska,8328694818,7877 WILLOW CHASE BLVD,Houston,TX,770705934,"Psychiatry & Neurology, Psychiatry",Organization,https://psychplus.com/entities/,"""Psychplus Associates Of Alaska"" Houston TX mental health practice"
1154153542,Psychplus Associates Of Hawaii,8328694818,7877 WILLOW CHASE BLVD,Houston,TX,770705934,"Psychiatry & Neurology, Psychiatry",Organization,https://psychplus.com/entities/,"""Psychplus Associates Of Hawaii"" Houston TX mental health practice"
1184472128,Psychplus Medical Associates Of Alaska,8328694818,7877 WILLOW CHASE BLVD,Houston,TX,770705934,Family Medicine,Organization,,"""Psychplus Medical Associates Of Alaska"" Houston TX mental health practice"
1124875588,Psychplus Medical Associates Of California,8328694818,7877 WILLOW CHASE BLVD,Houston,TX,770705934,Internal Medicine,Organization,https://psychplus.com/entities/,"""Psychplus Medical Associates Of California"" Houston TX mental health practice"
1184471542,Psychplus Medical Associates Of Hawaii,8328694818,7877 WILLOW CHASE BLVD,Houston,TX,770705934,Family Medicine,Organization,,"""Psychplus Medical Associates Of Hawaii"" Houston TX mental health practice"
1558118026,Psychplus Medical Associates,8328694818,7877 WILLOW CHASE BLVD,Houston,TX,770705934,Family Medicine,Organization,https://psychplus.com/entities/,"""Psychplus Medical Associates"" Houston TX mental health practice"
1083843528,Quality Life Hcs,7138500049,4314 YOAKUM BLVD,Houston,TX,770065818,"Community Based Residential Treatment Facility, Intellectual and/or Developmental Disabilities",Organization,,"""Quality Life Hcs"" Houston TX mental health practice"
1831043686,Qyvoratech,5072501127,18715 AMESBURY MANOR LN,Houston,TX,770943319,"Psychiatry & Neurology, Psychiatry",Organization,,"""Qyvoratech"" Houston TX mental health practice"
1770751471,Radhika Dani,7133984796,2604 QUENBY AVE,Houston,TX,770052428,"Psychiatry & Neurology, Psychiatry",Organization,https://rdanimd.com/,"""Radhika Dani"" Houston TX mental health practice"
1073208369,Real Therapy Solutions,2812053900,12712 W LAKE HOUSTON PKWY STE B-4056,Houston,TX,770446467,Case Management,Organization,,"""Real Therapy Solutions"" Houston TX mental health practice"
1821668088,Relentless Medical Group,4093440851,902 NORMANDY ST STE 100,Houston,TX,770154952,General Practice,Organization,https://relentlessmedicalgroup.com/,"""Relentless Medical Group"" Houston TX mental health practice"
1699351205,Renu Mental Wellness Group,7134087551,11500 NORTHWEST FWY # 304,Houston,TX,770926530,Clinical Neuropsychologist,Organization,https://www.renuwellnessgroup.com/,"""Renu Mental Wellness Group"" Houston TX mental health practice"
1841946191,Resilience Center Of Texas,3465885696,1401 LAKE PLAZA DRIVE SUITE 200 - SUITE 154,Spring,TX,77389,"Psychiatry & Neurology, Psychiatry",Organization,,"""Resilience Center Of Texas"" Spring TX mental health practice"
1174977045,Ricardo Delcid,7137309276,310 SUL ROSS ST,Houston,TX,770065116,"Psychiatry & Neurology, Psychiatry",Organization,https://delcidmd.com/,"""Ricardo Delcid"" Houston TX mental health practice"
1538325600,Richard B. Pesikoff M.d. & Associates,7137955424,24 GREENWAY PLZ SUITE 1204,Houston,TX,770462401,"Psychiatry & Neurology, Psychiatry",Organization,https://www.drpesikoff.com/,"""Richard B. Pesikoff M.d. & Associates"" Houston TX mental health practice"
1881876613,Richard E Palmer Jr.,2814692181,12345 JONES RD STE. 101,Houston,TX,770704855,"Psychiatry & Neurology, Psychiatry",Organization,,"""Richard E Palmer Jr."" Houston TX mental health practice"
1407112840,Richard M. Barrett M.d.p.a.,7135285096,3730 KIRBY DR 700,Houston,TX,770983905,"Psychiatry & Neurology, Psychiatry",Organization,,"""Richard M. Barrett M.d.p.a."" Houston TX mental health practice"
1780929489,Rio Grande Psychiatric Associates,7137962273,7601 FANNIN ST,Houston,TX,77054,"Psychiatry & Neurology, Psychiatry",Organization,,"""Rio Grande Psychiatric Associates"" Houston TX mental health practice"
1508848649,Robert N Earle,2812188181,1560 W BAY AREA BLVD STE 210,Friendswood,TX,775462669,"Psychiatry & Neurology, Psychiatry",Organization,,"""Robert N Earle"" Friendswood TX mental health practice"
1558380790,Rodom Medical Consulting,2815730330,2401 MORSE ST,Houston,TX,770196731,Internal Medicine,Organization,,"""Rodom Medical Consulting"" Houston TX mental health practice"
1407394844,Ruan Medical Group,7136901991,333 WEST LOOP N STE 250,Houston,TX,770247767,Internal Medicine,Organization,,"""Ruan Medical Group"" Houston TX mental health practice"
1700575503,Ruben Mind Health,7133461551,4888 LOOP CENTRAL DR STE 510,Houston,TX,770812226,"Psychiatry & Neurology, Psychiatry",Organization,,"""Ruben Mind Health"" Houston TX mental health practice"
1528557154,Rx Health,3468420424,1034 REGIONAL PARK DRIVE,Houston,TX,770601117,Case Management,Organization,,"""Rx Health"" Houston TX mental health practice"
1659180271,Saturn Behavioral Health,2814093579,709 N EMILE ST,Houston,TX,770207124,"Psychiatry & Neurology, Psychiatry",Organization,,"""Saturn Behavioral Health"" Houston TX mental health practice"
1710112727,Scott E Sprabery,7135278448,3701 KIRBY DR STE 570,Houston,TX,770983926,"Psychiatry & Neurology, Psychiatry",Organization,,"""Scott E Sprabery"" Houston TX mental health practice"
1568059996,Senior Psychcare Npho,7138500049,4635 SOUTHWEST FWY STE 635,Houston,TX,770277112,"Psychiatry & Neurology, Psychiatry",Organization,,"""Senior Psychcare Npho"" Houston TX mental health practice"
1942596903,Senior Psychcare Of Dallas I,7138500049,4635 SOUTHWEST FWY STE 635,Houston,TX,770277112,"Psychiatry & Neurology, Psychiatry",Organization,,"""Senior Psychcare Of Dallas I"" Houston TX mental health practice"
1225324270,Senior Psychcare Of San Antonio I,7138500049,4635 SOUTHWEST FWY STE 635,Houston,TX,770277112,"Psychiatry & Neurology, Psychiatry",Organization,,"""Senior Psychcare Of San Antonio I"" Houston TX mental health practice"
1114687415,Serenity Mental Health Services,2819409229,2323 MCCUE RD. #2003,Houston,TX,770566916,"Psychiatry & Neurology, Psychiatry",Organization,https://www.mindfulofserenitymhs.org/,"""Serenity Mental Health Services"" Houston TX mental health practice"
1992451512,Serenity Psychcare,2819409229,2323 MCCUE ROAD SUITE 2003,Houston,TX,770564691,"Psychiatry & Neurology, Psychiatry",Organization,https://www.serenitypsychcare.com/,"""Serenity Psychcare"" Houston TX mental health practice"
1891985271,Shamrock Psychiatric Clinic P A,7139889911,6420 HILLCROFT ST 411,Houston,TX,770813190,"Psychiatry & Neurology, Psychiatry",Organization,,"""Shamrock Psychiatric Clinic P A"" Houston TX mental health practice"
1295997948,Sheila Liu,7132710000,6614 HORNWOOD DR,Houston,TX,770745010,"Psychiatry & Neurology, Psychiatry",Organization,,"""Sheila Liu"" Houston TX mental health practice"
1760722615,Shriners Hospitals For Children,7137971616,6977 MAIN ST,Houston,TX,770303701,Orthopaedic Surgery,Organization,https://www.shrinerschildrens.org/,"""Shriners Hospitals For Children"" Houston TX mental health practice"
1124340799,Six Pines Clinic,2814198888,8850 SIX PINES DR STE 240,Shenandoah,TX,773802608,"Psychiatry & Neurology, Psychiatry",Organization,,"""Six Pines Clinic"" Shenandoah TX mental health practice"
1801576665,Skytherapist Behavioral Health Services Of Texas,4045799167,3730 KIRBY DR # 12001,Houston,TX,770983905,"Psychiatry & Neurology, Psychiatry",Organization,,"""Skytherapist Behavioral Health Services Of Texas"" Houston TX mental health practice"
1497631659,Soluna Psychiatry,8327021099,128 VISION PARK BLVD STE 230,Shenandoah,TX,773843018,"Psychiatry & Neurology, Psychiatry",Organization,,"""Soluna Psychiatry"" Shenandoah TX mental health practice"
1154160448,Song & Jahanian Clinic,2815336880,11931 S HIGHWAY 6,Sugar Land,TX,774985727,"Psychiatry & Neurology, Psychiatry",Organization,,"""Song & Jahanian Clinic"" Sugar Land TX mental health practice"
1174297303,Southwest Psychiatric Services,2489055091,3101 S AUSTIN AVE,Georgetown,TX,786267541,"Psychiatry & Neurology, Psychiatry",Organization,,"""Southwest Psychiatric Services"" Georgetown TX mental health practice"
1235526195,Sp Psychiatric Consulting,7133461551,4888 LOOP CENTRAL DR SUITE 510,Houston,TX,770812227,"Psychiatry & Neurology, Psychiatry",Organization,,"""Sp Psychiatric Consulting"" Houston TX mental health practice"
1801728134,Suzette Toombs,8323261433,1900 W GRAY ST UNIT 130385,Houston,TX,772192617,"Psychiatry & Neurology, Psychiatry",Organization,,"""Suzette Toombs"" Houston TX mental health practice"
1003573684,Synergique Healing,7138407956,8703 MEADOWCROFT DR,Houston,TX,770635006,"Psychiatry & Neurology, Psychiatry",Organization,,"""Synergique Healing"" Houston TX mental health practice"
1831649219,Tanglewood Psychiatry,7137850101,7575 SAN FELIPE ST #245,Houston,TX,770631711,"Psychiatry & Neurology, Psychiatry",Organization,,"""Tanglewood Psychiatry"" Houston TX mental health practice"
1659050904,Tetch Health Sciences,6464218985,2322 CROSSMILL LN,Katy,TX,774506792,"Clinic/Center, Medical Specialty",Organization,,"""Tetch Health Sciences"" Katy TX mental health practice"
1194355313,Texas Psychiatry Group,8326998900,2600 S GESSNER RD STE 270,Houston,TX,770633200,"Psychiatry & Neurology, Psychiatry",Organization,,"""Texas Psychiatry Group"" Houston TX mental health practice"
1639502289,Texas Specialty Care,8325403908,1110 NASA PKWY STE 410,Houston,TX,770583310,"Psychiatry & Neurology, Psychiatry",Organization,https://texasspecialtyclinic.com/blogs/what-is-mental-health-counseling-texas-specialty-care/,"""Texas Specialty Care"" Houston TX mental health practice"
1235978057,Texas Tms Center,8323804008,2929 ALLEN PKWY STE 200,Houston,TX,770197123,"Psychiatry & Neurology, Psychiatry",Organization,,"""Texas Tms Center"" Houston TX mental health practice"
1972543833,The Children's Assessment Center Foundation,7139863300,2500 BOLSOVER,Houston,TX,77005,"Counselor, Mental Health",Organization,,"""The Children's Assessment Center Foundation"" Houston TX mental health practice"
1245911940,The Hartley Clinic,7139133585,3400 BISSONNET ST STE 270,Houston,TX,770052192,"Psychiatry & Neurology, Psychiatry",Organization,https://www.thehartleyclinic.com/,"""The Hartley Clinic"" Houston TX mental health practice"
1174608160,The Suchowiecky Center,7137920077,7505 FANNIN ST STE 350 THE SUCHOWIECKY CENTER,Houston,TX,770541954,"Psychiatry & Neurology, Psychiatry",Organization,,"""The Suchowiecky Center"" Houston TX mental health practice"
1497776017,Tmh Physician Organization,7134413800,6560 FANNIN ST SUITE 900,Houston,TX,770302761,Neurological Surgery,Organization,,"""Tmh Physician Organization"" Houston TX mental health practice"
1154892230,Tms Neurohealth Texas,8559404867,4009 BANISTER LN STE 360,Austin,TX,787048082,"Psychiatry & Neurology, Psychiatry",Organization,,"""Tms Neurohealth Texas"" Austin TX mental health practice"
1245754902,Tony A Pham,7133763459,1315 ST JOSEPH PKWY STE 1307,Houston,TX,770028236,"Psychiatry & Neurology, Psychiatry",Organization,https://tonyphammd.com/,"""Tony A Pham"" Houston TX mental health practice"
1083490882,Tranquilliem Health,6468272999,1919 TAYLOR ST STE F,Houston,TX,770073973,"Psychiatry & Neurology, Psychiatry",Organization,https://tranquilliemhealth.com/,"""Tranquilliem Health"" Houston TX mental health practice"
1811170368,Tzu Chiau Lu,7138689177,427 W 20TH ST STE 212,Houston,TX,770082400,"Psychiatry & Neurology, Psychiatry",Organization,,"""Tzu Chiau Lu"" Houston TX mental health practice"
1114689320,Uh Health,7137439682,"4349 MARTIN LUTHER KING BLVD HEALTH 2 BUILDING, SUITE 1001E",Houston,TX,772043074,Family Medicine,Organization,,"""Uh Health"" Houston TX mental health practice"
1073597548,University Of Texas Health Science Center At Houston,7137415000,2800 S MACGREGOR WAY,Houston,TX,770211032,"Psychiatry & Neurology, Psychiatry",Organization,,"""University Of Texas Health Science Center At Houston"" Houston TX mental health practice"
1770739088,University Of Texas Health Science Center At Houston,7137415000,2800 S MACGREGOR WAY,Houston,TX,770211032,"Psychiatry & Neurology, Psychiatry",Organization,,"""University Of Texas Health Science Center At Houston"" Houston TX mental health practice"
1144393802,University Of Texas Medical Branch Austin Initiatives At Utmb,4097722222,313 E 12TH ST,Austin,TX,787011954,Internal Medicine,Organization,,"""University Of Texas Medical Branch Austin Initiatives At Utmb"" Austin TX mental health practice"
1518263813,University Of Texas System Medical Foundation,7134862700,1941 EAST RD,Houston,TX,770546010,"Psychiatry & Neurology, Psychiatry",Organization,,"""University Of Texas System Medical Foundation"" Houston TX mental health practice"
1760423974,Utmb Faculty Group Practice,9365600515,206 MIMMS AVE,Nacogdoches,TX,759615028,Obstetrics & Gynecology,Organization,,"""Utmb Faculty Group Practice"" Nacogdoches TX mental health practice"
1629019823,Utmb Faculty Group Practice,2814853220,4616 BROADWAY ST STE. F,Pearland,TX,775813956,Obstetrics & Gynecology,Organization,,"""Utmb Faculty Group Practice"" Pearland TX mental health practice"
1154362382,Utmb Faculty Group Practice,7134735180,3737 RED BLUFF RD STE. 150,Pasadena,TX,775033307,Obstetrics & Gynecology,Organization,,"""Utmb Faculty Group Practice"" Pasadena TX mental health practice"
1669116570,Velox Medical Center,8328020033,13625 BEECHNUT ST STE C,Houston,TX,770836841,Family Medicine,Organization,,"""Velox Medical Center"" Houston TX mental health practice"
1013641265,Velox Psychiatric Management,8328020033,13625 BEECHNUT ST STE C,Houston,TX,770836841,"Nurse Practitioner, Psych/Mental Health",Organization,,"""Velox Psychiatric Management"" Houston TX mental health practice"
1891166518,Vibrant Comprehensive Services,2523822522,16310 TOMBALL PKWY UNIT 1503,Houston,TX,770641812,"Counselor, Mental Health",Organization,https://www.vibrantcares.org/,"""Vibrant Comprehensive Services"" Houston TX mental health practice"
1154497410,Victor A. Oderinde,2819896603,2411 FOUNTAIN VIEW DR SUITE 217,Houston,TX,770574817,"Psychiatry & Neurology, Psychiatry",Organization,,"""Victor A. Oderinde"" Houston TX mental health practice"
1457963209,Village Psychiatry,2818887962,9525 KATY FWY STE 138,Houston,TX,770241433,"Psychiatry & Neurology, Psychiatry",Organization,https://www.village-psychiatry.com/,"""Village Psychiatry"" Houston TX mental health practice"
1568205433,Vj Tutson Md And Associates,3104821846,1200 BINZ ST STE 480,Houston,TX,770046942,"Psychiatry & Neurology, Psychiatry",Organization,,"""Vj Tutson Md And Associates"" Houston TX mental health practice"
1659219947,Voyager Behavioral Health,8326647863,3120 SOUTHWEST FWY STE 617,Houston,TX,770984521,"Psychiatry & Neurology, Psychiatry",Organization,,"""Voyager Behavioral Health"" Houston TX mental health practice"
1588319859,Wellnite Medical Group,3418887637,1919 TAYLOR ST STE F,Houston,TX,770073973,"Psychiatry & Neurology, Neurology",Organization,https://www.wellnite.com/post/finding-the-right-provider-for-you,"""Wellnite Medical Group"" Houston TX mental health practice"
1205719135,Wellwyn Health,2816604444,1000 MAIN ST STE 2300,Houston,TX,770026353,"Psychiatry & Neurology, Psychiatry",Organization,https://www.wellwynhealth.com/,"""Wellwyn Health"" Houston TX mental health practice"
1811777931,Westside Behavioral Health,7135884395,24 GREENWAY PLZ STE 1800,Houston,TX,770462457,"Psychiatry & Neurology, Psychiatry",Organization,,"""Westside Behavioral Health"" Houston TX mental health practice"
1639057532,Whole Mind Of Texas,8014777189,1315 ST JOSEPH PKWY STE 1810,Houston,TX,770028238,"Psychiatry & Neurology, Psychiatry",Organization,,"""Whole Mind Of Texas"" Houston TX mental health practice"
1275136277,Winsome Health Behavioral Management,8323503929,2801 GESSNER RD,Houston,TX,770802503,"Psychiatry & Neurology, Psychiatry",Organization,,"""Winsome Health Behavioral Management"" Houston TX mental health practice"
1457163479,Within-u Integrative Psychiatry,3467680290,5900 MEMORIAL DR STE 218,Houston,TX,770078008,"Psychiatry & Neurology, Psychiatry",Organization,,"""Within-u Integrative Psychiatry"" Houston TX mental health practice"
1457063620,Your Wellness Practice,7133379010,"4295 SAN FELIPE ST., STE 205",Houston,TX,77027,"Psychiatry & Neurology, Psychiatry",Organization,,"""Your Wellness Practice"" Houston TX mental health practice"
1881366383,Zera Behavioral Health Services,2815087434,17030 NANES DR STE 209,Houston,TX,770902533,"Psychiatry & Neurology, Psychiatry",Organization,,"""Zera Behavioral Health Services"" Houston TX mental health practice"
1407641749,A B Roots Consulting,5129600178,417 LEDGEWAY E,Austin,TX,787464452,Social Worker,Organization,,"""A B Roots Consulting"" Austin TX mental health practice"
1497485106,Adjuvant Behavioral Health,8669122746,11754 JOLLYVILLE RD STE 110,Austin,TX,787593948,"Clinic/Center, Mental Health (Including Community Mental Health Center)",Organization,https://adjuvantbh.com/leadership/,"""Adjuvant Behavioral Health"" Austin TX mental health practice"
1801037403,Adult Psychiatric Care Center,5124190100,3305 NORTHLAND DR STE 401,Austin,TX,787314990,"Psychiatry & Neurology, Psychiatry",Organization,,"""Adult Psychiatric Care Center"" Austin TX mental health practice"
1710587076,Agile Psychiatry,5123376684,2802 FLINTROCK TRCE STE 375,Austin,TX,787381743,"Psychiatry & Neurology, Psychiatry",Organization,https://www.agilepsychiatry.com/,"""Agile Psychiatry"" Austin TX mental health practice"
1154624260,Agmp,5126302467,5111B MARTIN AVE,Austin,TX,787512118,"Psychiatry & Neurology, Psychiatry",Organization,,"""Agmp"" Austin TX mental health practice"
1508615147,Alluri Behavioral Services,4052044903,1508 DESSAU RIDGE LN STE 202,Austin,TX,787542190,"Psychiatry & Neurology, Psychiatry",Organization,,"""Alluri Behavioral Services"" Austin TX mental health practice"
1548762321,Amana Psychiatric Associates,5125216189,4131 SPICEWOOD SPRINGS RD STE L2,Austin,TX,787598652,"Psychiatry & Neurology, Psychiatry",Organization,,"""Amana Psychiatric Associates"" Austin TX mental health practice"
1629642814,Amy Walton,5129406634,2525 WALLINGWOOD DR STE 7D,Austin,TX,787466900,"Psychiatry & Neurology, Psychiatry",Organization,https://amywaltonmd.com/,"""Amy Walton"" Austin TX mental health practice"
1033710892,Anew Era Tms & Psychiatry Of Texas,7148281800,8140 N MOPAC EXPRESSWAY BUILDING 3 STE 150,Austin,TX,787597875,"Psychiatry & Neurology, Psychiatry",Organization,,"""Anew Era Tms & Psychiatry Of Texas"" Austin TX mental health practice"
1821724527,Apollo Neurotrauma Therapeutics,7134359663,4319 JAMES CASEY ST STE 100,Austin,TX,787451189,"Psychiatry & Neurology, Psychiatry",Organization,https://apolloneurotherapy.com/,"""Apollo Neurotrauma Therapeutics"" Austin TX mental health practice"
1962234096,Apricity,8174382917,3509 HULEN ST STE 207,Fort Worth,TX,761076865,"Clinic/Center, Adult Mental Health",Organization,,"""Apricity"" Fort Worth TX mental health practice"
1538246954,Austin Family Mental Health,5123287222,4005 BANISTER LN STE 200C,Austin,TX,787048077,"Psychiatry & Neurology, Psychiatry",Organization,,"""Austin Family Mental Health"" Austin TX mental health practice"
1063975134,Austin Mind And Behavioral Health,5129036173,11673 JOLLYVILLE RD STE 201,Austin,TX,787594211,"Psychiatry & Neurology, Psychiatry",Organization,,"""Austin Mind And Behavioral Health"" Austin TX mental health practice"
1861054223,Austin Psychcare,5129859301,4131 SPICEWOOD SPRINGS RD STE G5,Austin,TX,787598659,"Psychiatry & Neurology, Psychiatry",Organization,https://www.austinpsychcare.com/,"""Austin Psychcare"" Austin TX mental health practice"
1053591339,Austin Psychiatric Alliance,5126379090,4101 PARKSTONE HEIGHTS DR STE 360,Austin,TX,787467482,"Psychiatry & Neurology, Psychiatry",Organization,,"""Austin Psychiatric Alliance"" Austin TX mental health practice"
1124563754,Austin Psychiatric Clinic,5124079440,1600 W 38TH ST SUITE 421,Austin,TX,787316400,"Psychiatry & Neurology, Child & Adolescent Psychiatry",Organization,,"""Austin Psychiatric Clinic"" Austin TX mental health practice"
1750337259,Austin Travis County Mental Health And Mental Retardation Center,5124724357,1430 COLLIER ST,Austin,TX,787042911,"Psychiatry & Neurology, Psychiatry",Organization,,"""Austin Travis County Mental Health And Mental Retardation Center"" Austin TX mental health practice"
1063879989,Austinpsychiatric Services,5125848196,2806 FLINTROCK TRCE STE A103,Austin,TX,787381745,"Psychiatry & Neurology, Psychiatry",Organization,,"""Austinpsychiatric Services"" Austin TX mental health practice"
1356800569,Babylon Healthcare,8004756168,2500 BEE CAVES RD BLDG 1 STE 400,Austin,TX,787465888,Family Medicine,Organization,,"""Babylon Healthcare"" Austin TX mental health practice"
1841162856,Balanced Wellbeing Nationwide,8777792429,2021 GUADALUPE ST STE 260,Austin,TX,787055654,"Psychiatry & Neurology, Psychiatry",Organization,,"""Balanced Wellbeing Nationwide"" Austin TX mental health practice"
1861144032,Baobab Psychiatric Services,5126553104,2200 N A W GRIMES BLVD STE 600,Round Rock,TX,786652745,"Psychiatry & Neurology, Psychiatry",Organization,https://www.baobabpsychiatry.com/,"""Baobab Psychiatric Services"" Round Rock TX mental health practice"
1659197366,Bhiinco Better Health Integrated Initiatives,8173859359,5900 BALCONES DR # 25850,Austin,TX,787314257,"Psychiatry & Neurology, Psychiatry",Organization,https://bhiinco.com/,"""Bhiinco Better Health Integrated Initiatives"" Austin TX mental health practice"
1164203402,Bloom Wellness And Psychiatry,5129522644,821 W 11TH ST,Austin,TX,787012009,"Psychiatry & Neurology, Psychiatry",Organization,,"""Bloom Wellness And Psychiatry"" Austin TX mental health practice"
1902613169,Blue Gibbous,9032727744,212 W HIGHLAND MALL BLVD UNIT 493,Austin,TX,787523881,"Psychiatry & Neurology, Psychiatry",Organization,,"""Blue Gibbous"" Austin TX mental health practice"
1417505447,Brain And Behavior,5128618929,4131 SPICEWOOD SPRINGS RD STE H2,Austin,TX,787598659,"Psychiatry & Neurology, Psychiatry",Organization,,"""Brain And Behavior"" Austin TX mental health practice"
1831045608,Brazos Valley Medical Practice,7377074569,316 W 12TH ST FL 4,Austin,TX,787011815,Internal Medicine,Organization,https://brazosvalleymedical.com/,"""Brazos Valley Medical Practice"" Austin TX mental health practice"
1760737092,Brent Turnipseed,5124547741,1600 W 38TH ST SUITE 404,Austin,TX,787316400,"Psychiatry & Neurology, Psychiatry",Organization,,"""Brent Turnipseed"" Austin TX mental health practice"
1780918938,Charles Sweet M.d. M.p.h.,5123021954,3724 JEFFERSON ST # 207,Austin,TX,787316225,"Psychiatry & Neurology, Child & Adolescent Psychiatry",Organization,,"""Charles Sweet M.d. M.p.h."" Austin TX mental health practice"
1740767607,Clear Water Psychiatry & Wellness,5122033588,1600 W 38TH ST STE 318,Austin,TX,78731,"Psychiatry & Neurology, Psychiatry",Organization,https://clearwateraustin.com/,"""Clear Water Psychiatry & Wellness"" Austin TX mental health practice"
1023321122,Community Care Consortium,5123740401,10204 BIRDLIP CIR,Austin,TX,787333415,"Internal Medicine, Cardiovascular Disease",Organization,,"""Community Care Consortium"" Austin TX mental health practice"
1821538364,Comprehensive Psychiatry,5128294210,13341 US 290 BLDG 1-103,Austin,TX,78737,"Psychiatry & Neurology, Psychiatry",Organization,,"""Comprehensive Psychiatry"" Austin TX mental health practice"
1962190744,Couch & Cardigan,5125753599,4131 SPICEWOOD SPRINGS RD STE L1,Austin,TX,787598652,"Psychiatry & Neurology, Psychiatry",Organization,,"""Couch & Cardigan"" Austin TX mental health practice"
1518611722,Cpf Omega Recovery,5123871126,1710 EVERGREEN AVE STE C,Austin,TX,787042955,"Clinic/Center, Adult Mental Health",Organization,https://omegarecovery.org/,"""Cpf Omega Recovery"" Austin TX mental health practice"
1578254975,Craig Franke Md & Associates,7372713008,901 SAD WILLOW PASS,Driftwood,TX,786194100,"Psychiatry & Neurology, Psychiatry",Organization,,"""Craig Franke Md & Associates"" Driftwood TX mental health practice"
1871994855,Daniel Hochman,5124626729,1106 W DITTMAR RD,Austin,TX,787456328,"Psychiatry & Neurology, Psychiatry",Organization,,"""Daniel Hochman"" Austin TX mental health practice"
1427366152,Daniel Lennard Creson,9403876250,914 N LOCUST ST.,Denton,TX,762012954,"Psychiatry & Neurology, Psychiatry",Organization,,"""Daniel Lennard Creson"" Denton TX mental health practice"
1629853825,Deep Centered Psychiatry,9725288173,508 DEEP EDDY AVE,Austin,TX,787034555,"Psychiatry & Neurology, Psychiatry",Organization,https://deepeddypsychotherapy.com/project/mai-nguyen-fnp/,"""Deep Centered Psychiatry"" Austin TX mental health practice"
1609496124,Doko Medical,6479927284,1005 CONGRESS AVE,Austin,TX,787012463,Family Medicine,Organization,,"""Doko Medical"" Austin TX mental health practice"
1467082685,Dr. Cheryl L. Hodges,7373666100,7000 N MOPAC EXPY STE 200,Austin,TX,787313013,"Psychiatry & Neurology, Psychiatry",Organization,https://www.drcherylhodgespsychiatry.com/services/ongoing-psychiatric-care-&-management,"""Dr. Cheryl L. Hodges"" Austin TX mental health practice"
1265995401,Eagan Medical Group,8337665613,8140 N MOPAC EXPY STE 150,Austin,TX,787598837,"Psychiatry & Neurology, Psychiatry",Organization,https://eaganmedicalgroup.com/services.html,"""Eagan Medical Group"" Austin TX mental health practice"
1326350513,Eating Recovery Center Of Texas,8778258584,511 OAKWOOD BLVD STE 100,Round Rock,TX,786814068,"Clinic/Center, Adult Mental Health",Organization,,"""Eating Recovery Center Of Texas"" Round Rock TX mental health practice"
1003539990,Elizabeth Alfson,5122737276,3307 NORTHLAND DR STE 325,Austin,TX,787314946,"Psychiatry & Neurology, Psychiatry",Organization,https://www.lizalfsonmd.com/,"""Elizabeth Alfson"" Austin TX mental health practice"
1003643768,Elliott And Grace,5123182199,5900 BALCONES DR STE 100,Austin,TX,787314298,"Nurse Practitioner, Psych/Mental Health",Organization,,"""Elliott And Grace"" Austin TX mental health practice"
1457038721,Endeavors Health Services Board,2108663660,6333 DE ZAVALA RD # A421,San Antonio,TX,782492115,Specialist,Organization,,"""Endeavors Health Services Board"" San Antonio TX mental health practice"
1285448746,Estela Psychiatry,2132938763,13492 N HIGHWAY 183 STE 120-200,Austin,TX,787502252,"Psychiatry & Neurology, Psychiatry",Organization,https://www.estelamentalhealth.com/,"""Estela Psychiatry"" Austin TX mental health practice"
1518729433,Finding Your Peace Healing Springs,5123372520,5900 BALCONES DR # 17779,Austin,TX,787314257,"Psychiatry & Neurology, Psychiatry",Organization,https://www.peacefulmindwellnesshealth.org/book-online,"""Finding Your Peace Healing Springs"" Austin TX mental health practice"
1770878043,Frank S Floca,5127954344,7005 MIRA LOMA LN STE 102,Austin,TX,787231411,"Psychiatry & Neurology, Psychiatry",Organization,,"""Frank S Floca"" Austin TX mental health practice"
1184665648,Frank S. Floca,5124917118,1007 MO PAC CIR STE 203,Austin,TX,787466864,,Organization,,"""Frank S. Floca"" Austin TX mental health practice"
1508718081,Frontier Performance Health,6623786624,112 WILL DAVIS DR UNIT 3160,Austin,TX,787523556,"Psychiatry & Neurology, Psychiatry",Organization,,"""Frontier Performance Health"" Austin TX mental health practice"
1922419324,Gramercy Specialty Clinic,5127772686,4009 BANISTER LN STE 355,Austin,TX,787047040,"Counselor, Professional",Organization,,"""Gramercy Specialty Clinic"" Austin TX mental health practice"
1396486619,Harbor Health Medical Group,8554818375,500 N CAPITAL OF TEXAS HWY STE 125,Austin,TX,787463302,Family Medicine,Organization,,"""Harbor Health Medical Group"" Austin TX mental health practice"
1811082654,Health And Human Services Commission,5124544731,2203 W 35TH ST,Austin,TX,787031203,"Intermediate Care Facility, Intellectual Disabilities",Organization,,"""Health And Human Services Commission"" Austin TX mental health practice"
1811907983,Health And Human Services Commission,2105317805,6711 S NEW BRAUNFELS AVENUE SUITE 100,San Antonio,TX,782233005,Psychologist,Organization,,"""Health And Human Services Commission"" San Antonio TX mental health practice"
1043314263,Health And Human Services Commission,9405529901,4730 COLLEGE DRIVE,Vernon,TX,763844009,Clinical Neuropsychologist,Organization,,"""Health And Human Services Commission"" Vernon TX mental health practice"
1003823030,Health And Human Services Commission,5124192843,4110 GUADALUPE ST,Austin,TX,787514296,Clinical Neuropsychologist,Organization,,"""Health And Human Services Commission"" Austin TX mental health practice"
1043220718,Health And Human Services Commission,9725518826,1200 E BRIN STREET,Terrell,TX,751602938,Psychologist,Organization,,"""Health And Human Services Commission"" Terrell TX mental health practice"
1548273873,Health And Human Services Commission,2457562171,3501 NORTH 19TH STREET,Waco,TX,767082007,Clinical Neuropsychologist,Organization,,"""Health And Human Services Commission"" Waco TX mental health practice"
1356414692,Health And Human Services Commission,9563648000,1401 S RANGERVILLE RD,Harlingen,TX,785527638,Clinical Neuropsychologist,Organization,,"""Health And Human Services Commission"" Harlingen TX mental health practice"
1346353232,Health And Human Services Commission,9155322202,4615 ALAMEDA AVENUE,El Paso,TX,799052702,Psychologist,Organization,,"""Health And Human Services Commission"" El Paso TX mental health practice"
1639182967,Health And Human Services Commission,9036837201,805 NORTH DICKINSON,Rusk,TX,757850318,Psychologist,Organization,,"""Health And Human Services Commission"" Rusk TX mental health practice"
1437263738,Health And Human Services Commission,9406891220,6515 KEMP BLVD,Wichita Falls,TX,763085419,Psychologist,Organization,,"""Health And Human Services Commission"" Wichita Falls TX mental health practice"
1588671481,Health And Human Services Commission,8308962211,721 THOMPSON DRIVE,Kerrville,TX,780285154,"Psychologist, Clinical",Organization,,"""Health And Human Services Commission"" Kerrville TX mental health practice"
1437262326,Health And Human Services Commission,4322687247,1901 N. HWY 87,Big Spring,TX,797200283,Psychologist,Organization,,"""Health And Human Services Commission"" Big Spring TX mental health practice"
1447025424,Heart Space Health,7372262569,612 W 22ND ST,Austin,TX,787055104,"Psychiatry & Neurology, Psychiatry",Organization,,"""Heart Space Health"" Austin TX mental health practice"
1780529420,Integrity Psychiatry,5127771294,11200 CUSSETA LN,Austin,TX,787392075,"Psychiatry & Neurology, Psychiatry",Organization,,"""Integrity Psychiatry"" Austin TX mental health practice"
1902215098,Iris Telehealth Medical Group,8882852269,"13740 N HIGHWAY 183 SUITE L2, #221",Austin,TX,78750,"Psychiatry & Neurology, Psychiatry",Organization,https://iristelehealth.com/,"""Iris Telehealth Medical Group"" Austin TX mental health practice"
1114568557,Jaime Nelson Pmhnp,5128070640,314 E HIGHLAND MALL BLVD STE 305,Austin,TX,787523731,"Psychiatry & Neurology, Psychiatry",Organization,,"""Jaime Nelson Pmhnp"" Austin TX mental health practice"
1487702684,Jay Alan Davis,5123060050,419 BRADY LN,Austin,TX,787465501,"Psychiatry & Neurology, Psychiatry",Organization,,"""Jay Alan Davis"" Austin TX mental health practice"
1972461382,Jordan & Jordan Healthcare And Management Solutions,5123600783,13740 N HIGHWAY 183 STE P3-P4,Austin,TX,787501884,"Psychiatry & Neurology, Psychiatry",Organization,,"""Jordan & Jordan Healthcare And Management Solutions"" Austin TX mental health practice"
1679306872,Julie Tollemache,5126189055,411 E 45TH ST,Austin,TX,787513830,"Psychiatry & Neurology, Child & Adolescent Psychiatry",Organization,,"""Julie Tollemache"" Austin TX mental health practice"
1063522498,Kearley & Schmitt,5124918444,1433 FAIRFIELD DR,Austin,TX,787587244,"Social Worker, Clinical",Organization,,"""Kearley & Schmitt"" Austin TX mental health practice"
1518674365,Kelly Campbell,5125243674,5910 COURTYARD DR STE 220,Austin,TX,787313341,"Psychiatry & Neurology, Psychiatry",Organization,,"""Kelly Campbell"" Austin TX mental health practice"
1619722444,Kiddo Psychiatry,5123484322,12591 RESEARCH BLVD,Austin,TX,787592248,"Psychiatry & Neurology, Child & Adolescent Psychiatry",Organization,https://kiddopsychiatry.com/,"""Kiddo Psychiatry"" Austin TX mental health practice"
1518245521,Kimberly Kjome,5123911501,2911 MEDICAL ARTS ST BUILDING 7,Austin,TX,787053376,"Psychiatry & Neurology, Psychiatry",Organization,,"""Kimberly Kjome"" Austin TX mental health practice"
1639648264,Kristin Lasseter,5129824116,4022 MENCHACA RD,Austin,TX,787046746,"Clinic/Center, Adult Mental Health",Organization,,"""Kristin Lasseter"" Austin TX mental health practice"
1952198582,Kwik Psych Clinics,7373671230,12335 HYMEADOW DR STE 450,Austin,TX,787501952,"Psychiatry & Neurology, Psychiatry",Organization,https://kwikpsych.com/contact/,"""Kwik Psych Clinics"" Austin TX mental health practice"
1104511039,Legion Medical,7372372900,1606 HEADWAY CIR STE 9779,Austin,TX,787545123,"Psychiatry & Neurology, Psychiatry",Organization,,"""Legion Medical"" Austin TX mental health practice"
1578925970,Leonard Weiss,5126460880,3006 BEE CAVES RD D-203,Austin,TX,787465588,"Psychiatry & Neurology, Psychiatry",Organization,,"""Leonard Weiss"" Austin TX mental health practice"
1740069335,Lina Mental Health,9723018044,5900 BALCONES DR STE 100,Austin,TX,787314298,"Psychiatry & Neurology, Psychiatry",Organization,,"""Lina Mental Health"" Austin TX mental health practice"
1023227873,Lisa D. Jones,5129471107,4131 SPICEWOOD SPRINGS RD SUITE K1,Austin,TX,787598661,"Psychiatry & Neurology, Psychiatry",Organization,,"""Lisa D. Jones"" Austin TX mental health practice"
1841670189,M A Khan,5124404800,1407 W STASSNEY LN,Austin,TX,787452947,"Psychiatry & Neurology, Psychiatry",Organization,,"""M A Khan"" Austin TX mental health practice"
1760905913,Maitreyee Patel Lund,5125503730,12343 HYMEADOW DR STE 2M,Austin,TX,787501830,"Psychiatry & Neurology, Psychiatry",Organization,,"""Maitreyee Patel Lund"" Austin TX mental health practice"
1952733263,Marco A Vega,5125802323,2911 MEDICAL ARTS ST STE 8,Austin,TX,787053302,"Psychiatry & Neurology, Psychiatry",Organization,,"""Marco A Vega"" Austin TX mental health practice"
1427427798,Mark C. Schuchman,9738954234,11320 VIRIDIAN WAY,Austin,TX,787392093,"Psychiatry & Neurology, Psychiatry",Organization,,"""Mark C. Schuchman"" Austin TX mental health practice"
1073991592,Mental Health & Wellness - Austin,5129203620,3705 MEDICAL PKWY SUITE 360,Austin,TX,787051019,"Psychiatry & Neurology, Psychiatry",Organization,,"""Mental Health & Wellness - Austin"" Austin TX mental health practice"
1851062723,Mindcare Solutions Of Texas,8442914535,901 W BEN WHITE BLVD,Austin,TX,787046903,"Psychiatry & Neurology, Psychiatry",Organization,,"""Mindcare Solutions Of Texas"" Austin TX mental health practice"
1396290730,Mindcare Solutions Of Texas,8442914535,901 W BEN WHITE BLVD,Austin,TX,787046903,"Psychiatry & Neurology, Psychiatry",Organization,,"""Mindcare Solutions Of Texas"" Austin TX mental health practice"
1821604364,Mindful Brain Health,5128868791,5900 BALCONES DR STE ITE100,Austin,TX,787314257,"Psychiatry & Neurology, Psychiatry",Organization,,"""Mindful Brain Health"" Austin TX mental health practice"
1316212855,Nazrul Islam,5123717905,1600 W 38TH ST 415,Austin,TX,787316400,"Psychiatry & Neurology, Psychiatry",Organization,,"""Nazrul Islam"" Austin TX mental health practice"
1982443081,Neev Neuropsychiatry,5042613159,5900 BALCONES DR # 8164,Austin,TX,787314257,"Psychiatry & Neurology, Neurology",Organization,,"""Neev Neuropsychiatry"" Austin TX mental health practice"
1265302244,Neurolimits Clinic,7137039527,1705 S CAPITAL OF TEXAS HWY STE 400,Austin,TX,787466562,"Psychiatry & Neurology, Psychiatry",Organization,,"""Neurolimits Clinic"" Austin TX mental health practice"
1215018098,Neuropsychiatric Associates Of Austin,5124545716,1600 W 38TH ST STE 321,Austin,TX,787316406,"Psychiatry & Neurology, Psychiatry",Organization,,"""Neuropsychiatric Associates Of Austin"" Austin TX mental health practice"
1841919461,New U Psychiatry,5122225743,5900 BALCONES DR STE 6054,Austin,TX,787314257,"Psychiatry & Neurology, Psychiatry",Organization,,"""New U Psychiatry"" Austin TX mental health practice"
1225297344,Northwest Psychiatry,5123427979,11673 JOLLYVILLE ROAD STE 202,Austin,TX,787594200,"Psychiatry & Neurology, Psychiatry",Organization,,"""Northwest Psychiatry"" Austin TX mental health practice"
1144619529,Olive Branch Wellness,5128146872,3705 MEDICAL PKWY SUITE 360,Austin,TX,787051019,"Psychiatry & Neurology, Psychiatry",Organization,https://olivebwellness.com/,"""Olive Branch Wellness"" Austin TX mental health practice"
1750100798,Osteen Mckay Medical,7373873428,3616 FAR WEST BLVD # 117-154,Austin,TX,787313082,"Psychiatry & Neurology, Psychiatry",Organization,,"""Osteen Mckay Medical"" Austin TX mental health practice"
1750307377,Paladin Cmhc,5128350500,7901 CAMERON RD BLDG 2 STE 100,Austin,TX,787543802,"Counselor, Mental Health",Organization,,"""Paladin Cmhc"" Austin TX mental health practice"
1780312116,Paloma Psychiatry And Mental Health,5128931515,13625 POND SPRINGS RD STE 105,Austin,TX,787294400,"Psychiatry & Neurology, Psychiatry",Organization,,"""Paloma Psychiatry And Mental Health"" Austin TX mental health practice"
1912733486,Path Forward,5122263953,3101 SOUTH LAMAR BOULEVARD #1320,Austin,TX,787045859,"Psychiatry & Neurology, Psychiatry",Organization,https://www.apathforwardco.com/contact,"""Path Forward"" Austin TX mental health practice"
1366001661,Person-centered Psychiatry & Psychotherapy,5125535382,1801 W KOENIG LN,Austin,TX,787561208,"Nurse Practitioner, Psych/Mental Health",Organization,https://www.personcenteredpsych.com/,"""Person-centered Psychiatry & Psychotherapy"" Austin TX mental health practice"
1124139506,Pondworks,5123719555,3636 EXECUTIVE CENTER DR STE G70,Austin,TX,787311628,"Psychiatry & Neurology, Psychiatry",Organization,,"""Pondworks"" Austin TX mental health practice"
1295117554,Prime Psychiatry,4697774691,11330 LEGACY DR STE 103,Frisco,TX,750331210,"Psychiatry & Neurology, Psychiatry",Organization,https://primepsychiatrymd.com/,"""Prime Psychiatry"" Frisco TX mental health practice"
1194901116,Priscilla E. Sierk,5128708180,3355 BEE CAVE RD SUITE 507,Austin,TX,787466682,"Psychiatry & Neurology, Psychiatry",Organization,https://www.drsierk.com/,"""Priscilla E. Sierk"" Austin TX mental health practice"
1568905768,Prism Counseling Services,4197068726,3009 E 4TH ST,Austin,TX,787024811,"Counselor, Mental Health",Organization,https://prismcounselingser.wixsite.com/prismcounseling/mission,"""Prism Counseling Services"" Austin TX mental health practice"
1164541488,Psychiatric Consultants Of Fort Worth,5123775000,5910 COURTYARD DR STE 330,Austin,TX,787313334,"Clinic/Center, Mental Health (Including Community Mental Health Center)",Organization,,"""Psychiatric Consultants Of Fort Worth"" Austin TX mental health practice"
1720951619,Psychiatric Consultants Of Ntx,9723825603,5540 RECTOR RD,Denton,TX,76207,"Psychiatry & Neurology, Psychiatry",Organization,,"""Psychiatric Consultants Of Ntx"" Denton TX mental health practice"
1659510428,Restorative Health And Wellness,8883800988,823 CONGRESS AVE STE 150-518,Austin,TX,787012405,Physical Medicine & Rehabilitation,Organization,https://restorativehealthandwellness.com/why-you-should-sit-on-the-floor/,"""Restorative Health And Wellness"" Austin TX mental health practice"
1003563610,Robert J Buchanan,5122983637,3705 MEDICAL PKWY STE 520,Austin,TX,787051029,"Psychiatry & Neurology, Psychiatry",Organization,https://buchananfirm.com/blog/firm-news/medical-malpractice-happens-to-celebrities-part-i/,"""Robert J Buchanan"" Austin TX mental health practice"
1477981744,Robin May-davis Psychiatry,5125372048,2224 WALSH TARLTON LN,Austin,TX,787467761,"Psychiatry & Neurology, Psychiatry",Organization,https://www.robinmaydavismd.com/index.html,"""Robin May-davis Psychiatry"" Austin TX mental health practice"
1386206472,Ruby Shoes Psychiatry,5125210868,510 HEARN ST STE 100,Austin,TX,787034516,"Psychiatry & Neurology, Psychiatry",Organization,,"""Ruby Shoes Psychiatry"" Austin TX mental health practice"
1487663274,Scott R. Elkin,5123060061,1510 W 34TH ST STE 205,Austin,TX,787031494,"Psychiatry & Neurology, Psychiatry",Organization,https://drelkin.com/,"""Scott R. Elkin"" Austin TX mental health practice"
1639170541,Senior Adults Specialty Healthcare,5124763556,3215 STECK AVE SUITE 200,Austin,TX,787577566,,Organization,https://www.healthcare4ppl.com/medical-group/texas/austin/senior-adults-specialty-healthcare-pa-5294624516.html,"""Senior Adults Specialty Healthcare"" Austin TX mental health practice"
1508896804,Seton/ut Southwestern University Physicians Group,5123248960,601 E 15TH ST,Austin,TX,787011930,Family Medicine,Organization,,"""Seton/ut Southwestern University Physicians Group"" Austin TX mental health practice"
1023311321,Shiva Kumar Lam,5124404800,1407 W STASSNEY LN,Austin,TX,787452947,"Psychiatry & Neurology, Child & Adolescent Psychiatry",Organization,,"""Shiva Kumar Lam"" Austin TX mental health practice"
1154263788,Significo,7812230636,2603 DOUGLAS ST,Austin,TX,787415709,"Psychiatry & Neurology, Psychiatry",Organization,,"""Significo"" Austin TX mental health practice"
1104615541,Sound Psychiatry Dfw,4699456245,5900 BALCONES DR STE 24718,Austin,TX,787314257,"Psychiatry & Neurology, Psychiatry",Organization,https://soundpsychiatrydfw.com/,"""Sound Psychiatry Dfw"" Austin TX mental health practice"
1437723491,Southwest Neuropsychiatry Association,7374715402,1106 CLAYTON LN STE 240W,Austin,TX,787232478,"Psychiatry & Neurology, Psychiatry",Organization,,"""Southwest Neuropsychiatry Association"" Austin TX mental health practice"
1235535121,Specialty Clinic Medical Group,5123821933,5625 EIGER RD STE 215,Austin,TX,787358977,"Psychiatry & Neurology, Psychiatry",Organization,https://specialtyaustin.com/,"""Specialty Clinic Medical Group"" Austin TX mental health practice"
1629409909,Specialty Clinic Medical Group,5123821933,2217 PARK BEND DR STE 300,Austin,TX,787585674,"Psychiatry & Neurology, Psychiatry",Organization,https://specialtyaustin.com/,"""Specialty Clinic Medical Group"" Austin TX mental health practice"
1093053373,Specialty Clinic Of Austin,5123021954,4515 SETON CENTER PKWY 175,Austin,TX,787595290,"Psychiatry & Neurology, Psychiatry",Organization,https://specialtyaustin.com/,"""Specialty Clinic Of Austin"" Austin TX mental health practice"
1710636162,Spelber Psychiatry,5123486249,1631 E 2ND ST,Austin,TX,787024490,"Psychiatry & Neurology, Psychiatry",Organization,https://www.spelberpsychiatry.com/,"""Spelber Psychiatry"" Austin TX mental health practice"
1912871419,Still Waters Psychiatry,5123557225,"13809 RESEARCH BLVD SUITES 500-559, OFFICE 559",Austin,TX,787501241,"Psychiatry & Neurology, Psychiatry",Organization,,"""Still Waters Psychiatry"" Austin TX mental health practice"
1982557492,Terra Psychiatry,9178305432,5900 BALCONES DR STE 100,Austin,TX,787314298,"Psychiatry & Neurology, Psychiatry",Organization,,"""Terra Psychiatry"" Austin TX mental health practice"
1366442550,Texas Oaks Psychiatric Hospital Lp,5124640200,1407 W STASSNEY LN,Austin,TX,787452947,Psychiatric Hospital,Organization,,"""Texas Oaks Psychiatric Hospital Lp"" Austin TX mental health practice"
1427693928,The University Of Texas At Austin,5124713515,100 W DEAN KEETON ST.,Austin,TX,78712,Counselor,Organization,,"""The University Of Texas At Austin"" Austin TX mental health practice"
1700415098,Thera,7073946088,10900 RESEARCH BLVD STE 160C,Austin,TX,787595718,Marriage & Family Therapist,Organization,https://thera-fi.com/therapy-near-me-anxiety-while-searching-for-your-therapist/,"""Thera"" Austin TX mental health practice"
1457753287,Three Oaks Counseling Group,5127100551,5524 BEE CAVES RD STE H2,West Lake Hills,TX,787465246,"Psychiatry & Neurology, Psychiatry",Organization,https://threeoakstexas.com/,"""Three Oaks Counseling Group"" West Lake Hills TX mental health practice"
1780526848,Thriving Mind Solutions,7378088383,5900 BALCONES DR # 23963,Austin,TX,787314257,"Psychologist, Clinical",Organization,https://thrivingmindsolutions.com/about,"""Thriving Mind Solutions"" Austin TX mental health practice"
1043637028,Timothy D. Sheehan Iii,5124547741,1600 W 38TH ST STE 404,Austin,TX,787316407,"Psychiatry & Neurology, Psychiatry",Organization,https://drtimothysheehan.com/,"""Timothy D. Sheehan Iii"" Austin TX mental health practice"
1376958983,Zaaz Wellness,5129026920,4407 BEE CAVES RD STE 111,West Lake Hills,TX,787466498,"Psychiatry & Neurology, Psychiatry",Organization,,"""Zaaz Wellness"" West Lake Hills TX mental health practice"
1871414235,Zadoo Psychiatric Care,2107427350,5900 BALCONES DR STE 100,Austin,TX,787314298,"Psychiatry & Neurology, Psychiatry",Organization,,"""Zadoo Psychiatric Care"" Austin TX mental health practice"
1407981350,Abel Hipolito Mdpa,2106142888,8600 WURZBACH RD STE 504,San Antonio,TX,782404330,"Psychiatry & Neurology, Psychiatry",Organization,,"""Abel Hipolito Mdpa"" San Antonio TX mental health practice"
1306020318,Act Psychiatric Genetics Center,2103440506,84 NE LOOP 410 STE 140,San Antonio,TX,782165860,"Psychiatry & Neurology, Psychiatry",Organization,,"""Act Psychiatric Genetics Center"" San Antonio TX mental health practice"
1922017003,Alamo City Psychiatric Physicians,2106152346,7940 FLOYD CURL DR SUITE 1040,San Antonio,TX,782293905,"Psychiatry & Neurology, Psychiatry",Organization,,"""Alamo City Psychiatric Physicians"" San Antonio TX mental health practice"
1558175554,Alamo Heights Concierge Psychiatry,2105950406,6714 N NEW BRAUNFELS AVE STE 105,San Antonio,TX,782093846,"Psychiatry & Neurology, Psychiatry",Organization,,"""Alamo Heights Concierge Psychiatry"" San Antonio TX mental health practice"
1043047103,Alamo Heights Mind And Wellness Center,2102405217,790 GENERATIONS DR STE 205,New Braunfels,TX,781300087,"Psychiatry & Neurology, Psychiatry",Organization,,"""Alamo Heights Mind And Wellness Center"" New Braunfels TX mental health practice"
1295966521,Amy Mulroy,2106921929,7940 FLOYD CURL DR SUITE 1020,San Antonio,TX,782293905,"Psychiatry & Neurology, Psychiatry",Organization,https://amymulroymd.com/,"""Amy Mulroy"" San Antonio TX mental health practice"
1386224137,Andala Medical Texas,2108627246,4600 LOCKHILL SELMA RD STE 108,San Antonio,TX,782492186,"Psychiatry & Neurology, Psychiatry",Organization,,"""Andala Medical Texas"" San Antonio TX mental health practice"
1033885819,Andala Medical Texas,2108627246,1125 RAINTREE CIR STE 201,Allen,TX,750135288,"Psychiatry & Neurology, Psychiatry",Organization,,"""Andala Medical Texas"" Allen TX mental health practice"
1053568121,Aneta A. Schuenemeyer,2106149595,9480 HUEBNER RD STE. 210,San Antonio,TX,782401655,"Psychiatry & Neurology, Psychiatry",Organization,,"""Aneta A. Schuenemeyer"" San Antonio TX mental health practice"
1558998336,Arclight Mbc,2105986868,1535 BRADY BLVD STE #2,San Antonio,TX,782374355,Family Medicine,Organization,,"""Arclight Mbc"" San Antonio TX mental health practice"
1801487889,Ascend Tms,2107054131,19016 STONE OAK PKWY STE 106,San Antonio,TX,782583281,"Psychiatry & Neurology, Psychiatry",Organization,https://tmsnearby.com/clinics/texas/san-antonio/ascend-tms-psychiatric-specialty-services,"""Ascend Tms"" San Antonio TX mental health practice"
1386390235,Aura Psychiatry,9736342547,10127 MOROCCO ST STE 113,San Antonio,TX,782163943,"Nurse Practitioner, Psych/Mental Health",Organization,https://auramd.com/locations/texas/moores-crossing,"""Aura Psychiatry"" San Antonio TX mental health practice"
1366945495,Avail Telemedicine,5127106271,4801 BROADWAY ST UNIT 6512,San Antonio,TX,782097717,"Psychiatry & Neurology, Psychiatry",Organization,,"""Avail Telemedicine"" San Antonio TX mental health practice"
1689344111,Azalia Martinez Ii,2104919400,LAUREL RIDGE TREATMENT CENTER 17720 CORPORATE WOODS DRIVE,San Antonio,TX,78259,"Psychiatry & Neurology, Psychiatry",Organization,,"""Azalia Martinez Ii"" San Antonio TX mental health practice"
1861952657,Behavioral Health & Integrated Care,8332782888,1955 BABCOCK RD,San Antonio,TX,782294511,Counselor,Organization,,"""Behavioral Health & Integrated Care"" San Antonio TX mental health practice"
1144869363,Blue Skyes Health & Care,2107422330,4201 MEDICAL DR STE 370,San Antonio,TX,782295623,"Psychiatry & Neurology, Psychiatry",Organization,https://blueskyeshealth.com/,"""Blue Skyes Health & Care"" San Antonio TX mental health practice"
1497259899,Bps Wellness,2107755757,8550 HUEBNER RD,San Antonio,TX,782401803,"Psychiatry & Neurology, Psychiatry",Organization,,"""Bps Wellness"" San Antonio TX mental health practice"
1629435110,Cantera Psychiatry,2109604352,85 NE LOOP 410 STE 420,San Antonio,TX,782165836,"Psychiatry & Neurology, Psychiatry",Organization,https://www.canterapsychiatry.com/,"""Cantera Psychiatry"" San Antonio TX mental health practice"
1528616935,Cerebella,2106969292,16019 VIA SHAVANO,San Antonio,TX,782492370,"Psychiatry & Neurology, Psychiatry",Organization,,"""Cerebella"" San Antonio TX mental health practice"
1023483658,Charles H Sargent,2102551499,1010 CENTRAL PKWY S,San Antonio,TX,782325021,"Psychiatry & Neurology, Psychiatry",Organization,,"""Charles H Sargent"" San Antonio TX mental health practice"
1639017676,Christian Assistance Ministry,2102234099,110 MCCULLOUGH AVE,San Antonio,TX,782151829,"Psychiatry & Neurology, Psychiatry",Organization,https://christianassistanceministry.org/cam-services/,"""Christian Assistance Ministry"" San Antonio TX mental health practice"
1477021475,Crosspoint,2105494747,1502 N. PANAM EXPRESSWAY,San Antonio,TX,78208,"Psychiatry & Neurology, Psychiatry",Organization,,"""Crosspoint"" San Antonio TX mental health practice"
1902274269,D V Listengarten,2105415300,8550 HUEBNER RD,San Antonio,TX,78240,"Psychiatry & Neurology, Psychiatry",Organization,,"""D V Listengarten"" San Antonio TX mental health practice"
1700658572,Deshpande Healthcare,5733810305,17720 CORPORATE WOODS DR,San Antonio,TX,782593500,"Psychiatry & Neurology, Psychiatry",Organization,,"""Deshpande Healthcare"" San Antonio TX mental health practice"
1013272665,Dr. Edmund Cavazos,2106887735,4402 VANCE JACKSON RD STE 100,San Antonio,TX,78230,"Psychiatry & Neurology, Psychiatry",Organization,,"""Dr. Edmund Cavazos"" San Antonio TX mental health practice"
1518190859,E P Ted Williams Mdpa,2104049696,7122 STONEWALL HL,San Antonio,TX,782561926,"Psychiatry & Neurology, Psychiatry",Organization,,"""E P Ted Williams Mdpa"" San Antonio TX mental health practice"
1316296098,Edulfo Gonzalez,2102299085,8550 HUEBNER RD,San Antonio,TX,782401803,"Psychiatry & Neurology, Psychiatry",Organization,,"""Edulfo Gonzalez"" San Antonio TX mental health practice"
1679760177,Eileen A. Smith,2109670515,8601 VILLAGE DR 118,San Antonio,TX,782175512,"Psychiatry & Neurology, Psychiatry",Organization,,"""Eileen A. Smith"" San Antonio TX mental health practice"
1184881724,El Paso Mental Health,9153831401,9440 VISCOUNT BLVD STE 100,El Paso,TX,799257054,"Nurse Practitioner, Psych/Mental Health",Organization,,"""El Paso Mental Health"" El Paso TX mental health practice"
1376185298,Elder Care Behavioral Health Services,2103954520,10410 DOHERTY SPG,San Antonio,TX,782551041,"Psychiatry & Neurology, Psychiatry",Organization,,"""Elder Care Behavioral Health Services"" San Antonio TX mental health practice"
1932854981,Eleanor Health Professional Tx,7262013047,8500 VILLAGE DR STE 101,San Antonio,TX,782175510,"Psychiatry & Neurology, Addiction Medicine",Organization,,"""Eleanor Health Professional Tx"" San Antonio TX mental health practice"
1861761389,Enrique S. Garza,2102129597,730 N MAIN AVE STE 615,San Antonio,TX,782051152,"Psychiatry & Neurology, Psychiatry",Organization,,"""Enrique S. Garza"" San Antonio TX mental health practice"
1184912974,Erlinda E Belvis,2102254251,343 W HOUSTON ST SUITE 503,San Antonio,TX,782052107,"Psychiatry & Neurology, Psychiatry",Organization,,"""Erlinda E Belvis"" San Antonio TX mental health practice"
1093946188,Fermin Briones Jr,2106148400,4242 MEDICAL DRIVE STE 6300,San Antonio,TX,782295640,"Psychiatry & Neurology, Psychiatry",Organization,,"""Fermin Briones Jr"" San Antonio TX mental health practice"
1073757100,Focus And Balance,2108589980,2040 BABCOCK RD STE 301,San Antonio,TX,782294428,"Psychiatry & Neurology, Psychiatry",Organization,,"""Focus And Balance"" San Antonio TX mental health practice"
1962176529,Foresight Mental Health Group,8885888995,4372 N LOOP 1604 W STE 100,San Antonio,TX,782491200,Counselor,Organization,https://foresightmentalhealth.com/informed-consent/,"""Foresight Mental Health Group"" San Antonio TX mental health practice"
1538710371,Fox & Rose Insight,2106148400,4242 MEDICAL DR STE 6300,San Antonio,TX,782295372,"Psychiatry & Neurology, Psychiatry",Organization,,"""Fox & Rose Insight"" San Antonio TX mental health practice"
1619208352,Francisco J Rodriguez,2102241616,311 CAMDEN ST STE 211,San Antonio,TX,782152012,"Psychiatry & Neurology, Psychiatry",Organization,,"""Francisco J Rodriguez"" San Antonio TX mental health practice"
1750426763,Frank Lane,2108269599,3030 NACOGDOCHES RD SUITE 101,San Antonio,TX,782174540,"Psychiatry & Neurology, Psychiatry",Organization,,"""Frank Lane"" San Antonio TX mental health practice"
1679309561,Freedom Behavioral Health - Killeen,2542263090,809 S W S YOUNG DR,Killeen,TX,765434801,"Psychiatry & Neurology, Psychiatry",Organization,,"""Freedom Behavioral Health - Killeen"" Killeen TX mental health practice"
1639804313,Fuqua Psychiatric Consulting,2102012241,8000 W IH 10 STE 1500,San Antonio,TX,782303883,"Psychiatry & Neurology, Psychiatry",Organization,,"""Fuqua Psychiatric Consulting"" San Antonio TX mental health practice"
1295032548,Gary L Penny Md P A,2106160999,7711 LOUIS PASTEUR DR STE 812,San Antonio,TX,782293423,"Psychiatry & Neurology, Psychiatry",Organization,,"""Gary L Penny Md P A"" San Antonio TX mental health practice"
1578861092,Gianina Gomez,8007781242,1141 N LOOP 1604 E # 188,San Antonio,TX,782321339,"Psychiatry & Neurology, Psychiatry",Organization,,"""Gianina Gomez"" San Antonio TX mental health practice"
1346906062,Grace & Kristopher Richardson,2108316968,4400 S PIEDRAS DR STE 217,San Antonio,TX,782281223,"Psychiatry & Neurology, Psychiatry",Organization,,"""Grace & Kristopher Richardson"" San Antonio TX mental health practice"
1851061071,Grace Psychiatric Clinic,5513886392,5282 MEDICAL DR STE 605,San Antonio,TX,782296114,"Nurse Practitioner, Psych/Mental Health",Organization,,"""Grace Psychiatric Clinic"" San Antonio TX mental health practice"
1942556717,Grace Salinas-garcia,2104954888,9518 TIOGA DR,San Antonio,TX,782303118,"Psychiatry & Neurology, Psychiatry",Organization,,"""Grace Salinas-garcia"" San Antonio TX mental health practice"
1518548262,Graceland Psychiatric And Neuromodulation Center,2108685801,2411 NE LOOP 410 STE 114,San Antonio,TX,782176600,"Psychiatry & Neurology, Psychiatry",Organization,,"""Graceland Psychiatric And Neuromodulation Center"" San Antonio TX mental health practice"
1780559203,Graceland Psychiatry Solutions,8178635264,2411 NE LOOP 410 STE 112,San Antonio,TX,782176600,"Psychiatry & Neurology, Psychiatry",Organization,,"""Graceland Psychiatry Solutions"" San Antonio TX mental health practice"
1548497555,Gus Daniels,2106160245,3711 MEDICAL DR APT 635,San Antonio,TX,782292284,"Psychiatry & Neurology, Psychiatry",Organization,,"""Gus Daniels"" San Antonio TX mental health practice"
1841034774,Healing Space Therapeutics,2105602786,1015 ELDORADO ST,San Antonio,TX,782251710,"Counselor, Mental Health",Organization,,"""Healing Space Therapeutics"" San Antonio TX mental health practice"
1093894859,Health And Human Services Commission,2105329610,6711 S NEW BRAUNFELS AVE STE 500,San Antonio,TX,782233004,"Intermediate Care Facility, Intellectual Disabilities",Organization,,"""Health And Human Services Commission"" San Antonio TX mental health practice"
1093687261,Healthbound Medical,2107614901,2020 BABCOCK RD STE 19,San Antonio,TX,782294437,Internal Medicine,Organization,,"""Healthbound Medical"" San Antonio TX mental health practice"
1386823953,Hector X. Samaniego Jr.,2107321773,4257 NW LOOP 410,San Antonio,TX,782294710,"Psychiatry & Neurology, Psychiatry",Organization,,"""Hector X. Samaniego Jr."" San Antonio TX mental health practice"
1467487587,Heritage Health Center,2106975700,8703 WURZBACH RD,San Antonio,TX,78240,"Psychiatry & Neurology, Psychiatry",Organization,,"""Heritage Health Center"" San Antonio TX mental health practice"
1588987093,Hm Therapy Clinic,2106141800,4242 MEDICAL DR STE 4100,San Antonio,TX,782295640,"Psychiatry & Neurology, Psychiatry",Organization,,"""Hm Therapy Clinic"" San Antonio TX mental health practice"
1255541298,Hugo R. Hernandez,2102291900,343 W HOUSTON ST STE 807,San Antonio,TX,782052107,"Psychiatry & Neurology, Psychiatry",Organization,,"""Hugo R. Hernandez"" San Antonio TX mental health practice"
1003361635,Ikare Mood Trauma Recovery Clinic,2103010125,8401 DATAPOINT DR STE 900,San Antonio,TX,782295385,"Psychiatry & Neurology, Psychiatry",Organization,https://www.ikarepsychiatry.com/,"""Ikare Mood Trauma Recovery Clinic"" San Antonio TX mental health practice"
1457281271,Innova Peace,2102543618,3502 PAESANOS PKWY,San Antonio,TX,782311297,"Psychiatry & Neurology, Psychiatry",Organization,,"""Innova Peace"" San Antonio TX mental health practice"
1659936912,Innovative Therapy By Rc,2105631043,9263 ENCINO VLG,San Antonio,TX,782504937,"Social Worker, Clinical",Organization,,"""Innovative Therapy By Rc"" San Antonio TX mental health practice"
1467243899,Inquest Mental Wellness,2104611216,10010 SAN PEDRO AVE STE 325,San Antonio,TX,782163858,"Psychiatry & Neurology, Psychiatry",Organization,,"""Inquest Mental Wellness"" San Antonio TX mental health practice"
1265210876,Inquest Primary Care Services,2104611216,10010 SAN PEDRO AVE STE 325,San Antonio,TX,782163858,"Nurse Practitioner, Primary Care",Organization,https://inquesthealth.com/,"""Inquest Primary Care Services"" San Antonio TX mental health practice"
1598243479,Insight Mental Wellness,2102457862,10807 PERRIN BEITEL RD STE 300,San Antonio,TX,782173144,"Psychiatry & Neurology, Psychiatry",Organization,,"""Insight Mental Wellness"" San Antonio TX mental health practice"
1144140898,Interventional Mind,2107946423,18756 STONE OAK PKWY STE 200,San Antonio,TX,782584354,"Psychiatry & Neurology, Psychiatry",Organization,,"""Interventional Mind"" San Antonio TX mental health practice"
1467344481,Intuitive Psychiatric Solutions,2104913512,17720 CORPORATE WOODS DR,San Antonio,TX,782593500,"Psychiatry & Neurology, Psychiatry",Organization,,"""Intuitive Psychiatric Solutions"" San Antonio TX mental health practice"
1528728680,J.g.j,2106923030,4807 WEST AVE # 100,San Antonio,TX,782132709,"Clinic/Center, Mental Health (Including Community Mental Health Center)",Organization,,"""J.g.j"" San Antonio TX mental health practice"
1043961170,Jackson Neuroscience Center,2108304681,540 MADISON OAK DR STE 340,San Antonio,TX,782583921,"Psychiatry & Neurology, Psychiatry",Organization,https://www.jacksonneurosciencecenter.org/,"""Jackson Neuroscience Center"" San Antonio TX mental health practice"
1669753943,John Adams M.d. Psychioatry,2104919400,17720 CORPORATE WOODS DR,San Antonio,TX,782593500,"Psychiatry & Neurology, Psychiatry",Organization,,"""John Adams M.d. Psychioatry"" San Antonio TX mental health practice"
1871936393,John N.enriquez,2102771002,343 W HOUSTON ST SUITE 702,San Antonio,TX,782052107,"Psychiatry & Neurology, Psychiatry",Organization,,"""John N.enriquez"" San Antonio TX mental health practice"
1528738978,Kristopher L. Richardson Pa-c,2108316968,4400 S PIEDRAS DR STE 217,San Antonio,TX,782281223,"Psychiatry & Neurology, Psychiatry",Organization,,"""Kristopher L. Richardson Pa-c"" San Antonio TX mental health practice"
1306429816,Kumar Bhp,2108964539,14855 BLANCO RD STE 355,San Antonio,TX,782167731,"Psychiatry & Neurology, Psychiatry",Organization,,"""Kumar Bhp"" San Antonio TX mental health practice"
1871776567,La Paz Community Healthcare Center,2105588744,530 SAN PEDRO AVE,San Antonio,TX,782125007,"Psychiatry & Neurology, Psychiatry",Organization,,"""La Paz Community Healthcare Center"" San Antonio TX mental health practice"
1710601547,Lighthouse Mental Health Group,2107140066,7434 LOUIS PASTEUR DR SUITE 220,San Antonio,TX,782294540,"Psychiatry & Neurology, Psychiatry",Organization,,"""Lighthouse Mental Health Group"" San Antonio TX mental health practice"
1003579913,Live Oak Psychiatric And Family Practice,3476079126,1100 NW LOOP 410,San Antonio,TX,782132263,"Nurse Practitioner, Psych/Mental Health",Organization,https://www.liveoakpsychiatry.com/,"""Live Oak Psychiatric And Family Practice"" San Antonio TX mental health practice"
1871355636,Lone Star Revelation,2107444828,1811 S LAREDO ST STE 111,San Antonio,TX,782077019,"Counselor, Professional",Organization,,"""Lone Star Revelation"" San Antonio TX mental health practice"
1487581450,Luke Apothecary,2542946019,3502 PAESANOS PKWY STE 300,San Antonio,TX,782311297,"Psychiatry & Neurology, Psychiatry",Organization,,"""Luke Apothecary"" San Antonio TX mental health practice"
1811208150,Ma Medical Services,2103547139,3453 N PANAM EXPY STE 101,San Antonio,TX,782192333,Family Medicine,Organization,,"""Ma Medical Services"" San Antonio TX mental health practice"
1881671071,Malathi V. Koli,2104901220,14350 NORTHBROOK DR SUITE 230,San Antonio,TX,782325030,"Psychiatry & Neurology, Psychiatry",Organization,,"""Malathi V. Koli"" San Antonio TX mental health practice"
1811194665,Mark Drogin,2104914300,23445 US HIGHWAY 281 N BUILDING #2,San Antonio,TX,782587317,Family Medicine,Organization,https://www.droginpsychiatry.com/,"""Mark Drogin"" San Antonio TX mental health practice"
1700656873,Mboc Texas,6829006631,271 W SOUTHLAKE BLVD,Southlake,TX,760927049,"Psychiatry & Neurology, Psychiatry",Organization,,"""Mboc Texas"" Southlake TX mental health practice"
1508233040,Med Management Associates,8883656271,7272 WURZBACH RD SUITE 601,San Antonio,TX,782404801,"Psychiatry & Neurology, Psychiatry",Organization,,"""Med Management Associates"" San Antonio TX mental health practice"
1376064600,Med Management Associates Of Colorado,8883656271,7272 WURZBACH RD STE 601,San Antonio,TX,782404803,"Psychiatry & Neurology, Psychiatry",Organization,https://www.medicarelist.com/mental-health/med-management-associates-of-colorado-llc-san-antonio-tx/,"""Med Management Associates Of Colorado"" San Antonio TX mental health practice"
1942800859,Med Management Of Kansas,2106153483,7272 WURZBACH RD STE 601,San Antonio,TX,782404803,"Psychiatry & Neurology, Psychiatry",Organization,https://www.medicarelist.com/mental-health/med-management-of-kansas-llc-san-antonio-tx/,"""Med Management Of Kansas"" San Antonio TX mental health practice"
1447889258,Medpsych Wellness,2109086337,5282 MEDICAL DR STE 605,San Antonio,TX,782296114,"Psychiatry & Neurology, Psychiatry",Organization,,"""Medpsych Wellness"" San Antonio TX mental health practice"
1255510004,Melvin L. Cohen,2104909850,14800 N US HIGHWAY 281 SUITE 110,San Antonio,TX,782323733,"Psychiatry & Neurology, Psychiatry",Organization,,"""Melvin L. Cohen"" San Antonio TX mental health practice"
1699407429,Mental Clarity,2107644113,3110 NOGALITOS STE 206,San Antonio,TX,782252338,"Psychiatry & Neurology, Psychiatry",Organization,https://www.mentalclaritysa.com/,"""Mental Clarity"" San Antonio TX mental health practice"
1457541377,Mikael Jacobson,2105931530,4242 MEDICAL DR STE 1150,San Antonio,TX,782295640,"Psychiatry & Neurology, Psychiatry",Organization,,"""Mikael Jacobson"" San Antonio TX mental health practice"
1831045319,Mindmd1,2102003001,20650 STONE OAK PKWY,San Antonio,TX,782587355,"Psychiatry & Neurology, Psychiatry",Organization,,"""Mindmd1"" San Antonio TX mental health practice"
1962158139,Mobile Psych,2105504533,7800 W INTERSTATE 10 STE 624,San Antonio,TX,782304750,"Psychiatry & Neurology, Psychiatry",Organization,https://www.mobilepsych.health/,"""Mobile Psych"" San Antonio TX mental health practice"
1831431295,Mueller Mental Health,2105453113,13487 WETMORE RD,San Antonio,TX,782473185,"Psychiatry & Neurology, Psychiatry",Organization,,"""Mueller Mental Health"" San Antonio TX mental health practice"
1871962191,Mypsych Mental Health,2109901142,8026 FLOYD CURL DR,San Antonio,TX,78229,"Psychiatry & Neurology, Psychiatry",Organization,https://mypsychmh.com/,"""Mypsych Mental Health"" San Antonio TX mental health practice"
1811170624,Neuromuscular Instiute Of Texas-pa,2106906992,9502 COMPUTER DR SUITE 200,San Antonio,TX,782292382,"Chiropractor, Neurology",Organization,,"""Neuromuscular Instiute Of Texas-pa"" San Antonio TX mental health practice"
1346639895,Nikhil Dhawan,2103070043,414 NAVARRO ST SUITE 2100,San Antonio,TX,782052516,"Psychiatry & Neurology, Psychiatry",Organization,,"""Nikhil Dhawan"" San Antonio TX mental health practice"
1720704984,Nirupama Tamirisa,2106461610,166 YAUPON TRL,San Antonio,TX,782561625,"Psychiatry & Neurology, Psychiatry",Organization,,"""Nirupama Tamirisa"" San Antonio TX mental health practice"
1235586124,Nix Physicians,2102242655,414 NAVARRO ST STE 1616,San Antonio,TX,782052544,Orthopaedic Surgery,Organization,,"""Nix Physicians"" San Antonio TX mental health practice"
1144788258,Northridge Behavioral Health,4406810575,2829 BABCOCK RD STE 126,San Antonio,TX,782296009,"Psychiatry & Neurology, Psychiatry",Organization,https://www.northridgebehavioral.com/,"""Northridge Behavioral Health"" San Antonio TX mental health practice"
1356550313,Olivia A Valdez,2102299085,202 HILL COUNTRY LN,San Antonio,TX,782322906,"Psychiatry & Neurology, Psychiatry",Organization,,"""Olivia A Valdez"" San Antonio TX mental health practice"
1982894531,Patricia Caballero,2106437620,8550 HUEBNER RD,San Antonio,TX,782401803,"Psychiatry & Neurology, Psychiatry",Organization,,"""Patricia Caballero"" San Antonio TX mental health practice"
1487535704,Performance And Wellness,5042561671,3839 HARRY WURZBACH RD BLDG 8,San Antonio,TX,782093176,"Psychiatry & Neurology, Psychiatry",Organization,,"""Performance And Wellness"" San Antonio TX mental health practice"
1386581874,Performance And Wellness,5042561671,3839 HARRY WURZBACH RD BLDG 8,San Antonio,TX,782093176,"Psychiatry & Neurology, Psychiatry",Organization,,"""Performance And Wellness"" San Antonio TX mental health practice"
1093334104,Phoenix Mental Health Tms,2109946336,19707 IH 10 W STE 314,San Antonio,TX,782571746,"Psychiatry & Neurology, Psychiatry",Organization,https://tmstherapynearme.com/tms-clinics/texas/san-antonio/phoenix-mental-health-pllc/,"""Phoenix Mental Health Tms"" San Antonio TX mental health practice"
1215557152,Phoenix Mental Health Tms,2109946336,23119 W INTERSTATE 10 BLDG 7,San Antonio,TX,782571767,"Psychiatry & Neurology, Psychiatry",Organization,https://tmstherapynearme.com/tms-clinics/texas/san-antonio/phoenix-mental-health-pllc/,"""Phoenix Mental Health Tms"" San Antonio TX mental health practice"
1538534086,Psych Dimensions,5125353777,918 S INTERSTATE 35,Georgetown,TX,786284127,"Psychiatry & Neurology, Psychiatry",Organization,https://psychdimensions.com/,"""Psych Dimensions"" Georgetown TX mental health practice"
1790346039,Psych Today,2105015300,8550 HUEBNER RD,San Antonio,TX,782401803,"Psychiatry & Neurology, Psychiatry",Organization,,"""Psych Today"" San Antonio TX mental health practice"
1275545519,Psychiatric Associates Of San Antonio,2102253764,343 W HOUSTON ST SUITE 301,San Antonio,TX,782052107,"Psychiatry & Neurology, Psychiatry",Organization,,"""Psychiatric Associates Of San Antonio"" San Antonio TX mental health practice"
1710276225,Psychiatric Inpatient Management Services,2105758229,8026 FLOYD CURL DR,San Antonio,TX,782293915,"Psychiatry & Neurology, Psychiatry",Organization,,"""Psychiatric Inpatient Management Services"" San Antonio TX mental health practice"
1346346467,Ramon Victor Sanchez,2102240481,700 S ZARZAMORA ST STE 304,San Antonio,TX,782075208,"Psychiatry & Neurology, Psychiatry",Organization,,"""Ramon Victor Sanchez"" San Antonio TX mental health practice"
1780415778,Recovery Capital Group,2107643700,328 W HOUSTON ST,San Antonio,TX,782052415,"Family Medicine, Addiction Medicine",Organization,,"""Recovery Capital Group"" San Antonio TX mental health practice"
1568987634,Remelend,2103954602,9102 FLOYD CURL DR,San Antonio,TX,782401553,"Psychiatry & Neurology, Psychiatry",Organization,,"""Remelend"" San Antonio TX mental health practice"
1134010572,Renew Health Centers,2105006449,88 BRIGGS ST STE 120,San Antonio,TX,782241297,"Clinic/Center, Multi-Specialty",Organization,,"""Renew Health Centers"" San Antonio TX mental health practice"
1588355077,Rh Center,2107619001,7434 LOUIS PASTEUR DR STE 209,San Antonio,TX,782294540,"Clinic/Center, Multi-Specialty",Organization,,"""Rh Center"" San Antonio TX mental health practice"
1225245079,Robert L. Jimenez,2106123244,2515 MCCULLOUGH AVE STE A,San Antonio,TX,782123584,"Psychiatry & Neurology, Psychiatry",Organization,,"""Robert L. Jimenez"" San Antonio TX mental health practice"
1831997659,Saagara,2102553650,7550 W IH 10 STE 800-2036,San Antonio,TX,782295803,"Psychiatry & Neurology, Child & Adolescent Psychiatry",Organization,,"""Saagara"" San Antonio TX mental health practice"
1568002434,Saipc,2105758110,8026 FLOYD CURL DR,San Antonio,TX,782293915,"Psychiatry & Neurology, Psychiatry",Organization,,"""Saipc"" San Antonio TX mental health practice"
1760164339,Salado Creek Mental Health,2104053008,14100 SAN PEDRO AVE STE 618,San Antonio,TX,782322009,"Psychiatry & Neurology, Psychiatry",Organization,https://saladocreekmentalhealth.com/about-the-clinic/,"""Salado Creek Mental Health"" San Antonio TX mental health practice"
1457278558,Sanp Specialty Group,2102720106,8700 CROWNHILL BLVD STE 206,San Antonio,TX,782091126,"Psychiatry & Neurology, Psychiatry",Organization,,"""Sanp Specialty Group"" San Antonio TX mental health practice"
1528641362,Serenity Medicine Of Texas,2103850400,3003 CHARTER ROCK ST,San Antonio,TX,782303405,,Organization,https://www.serenitymedoftx.net/contact,"""Serenity Medicine Of Texas"" San Antonio TX mental health practice"
1619190931,Shawna M Deeves,2104954860,1202 E SONTERRA BLVD STE 202,San Antonio,TX,782584089,"Psychiatry & Neurology, Psychiatry",Organization,,"""Shawna M Deeves"" San Antonio TX mental health practice"
1346836681,Southtown Psychiatry,2103322727,909 NE LOOP 410 STE 600,San Antonio,TX,782091309,"Psychiatry & Neurology, Psychiatry",Organization,,"""Southtown Psychiatry"" San Antonio TX mental health practice"
1457167702,Southtown Psychiatry,2103435121,909 NE LOOP 410 STE 600,San Antonio,TX,782091309,"Psychiatry & Neurology, Psychiatry",Organization,,"""Southtown Psychiatry"" San Antonio TX mental health practice"
1639286370,Southwest Psychiatric Physicians,2105826440,8535 TOM SLICK,San Antonio,TX,782293367,"Psychiatry & Neurology, Child & Adolescent Psychiatry",Organization,https://southwestpsychiatricphysicians.com/,"""Southwest Psychiatric Physicians"" San Antonio TX mental health practice"
1770601163,Stillpoint Medical Group,4097873772,2421 WORTH ST,Hemphill,TX,759487215,"Psychiatry & Neurology, Psychiatry",Organization,,"""Stillpoint Medical Group"" Hemphill TX mental health practice"
1326865676,Succor Urgent Psychiatric Care,2107617700,818 LEXINGTON AVE,San Antonio,TX,782124711,"Psychiatry & Neurology, Psychiatry",Organization,https://www.succorupc.com/,"""Succor Urgent Psychiatric Care"" San Antonio TX mental health practice"
1356713473,Sumaira Ahmed,2105415300,8550 HUEBNER RD,San Antonio,TX,782401803,"Psychiatry & Neurology, Psychiatry",Organization,,"""Sumaira Ahmed"" San Antonio TX mental health practice"
1982346466,Tbi Integrative Care,2105504533,7800 W INTERSTATE 10 STE 624,San Antonio,TX,782304750,"Psychiatry & Neurology, Psychiatry",Organization,https://www.tbiic.com/contact,"""Tbi Integrative Care"" San Antonio TX mental health practice"
1740323971,Texas Family Psychiatry,2106411800,9150 HUEBNER RD #255,San Antonio,TX,782401558,"Psychiatry & Neurology, Psychiatry",Organization,,"""Texas Family Psychiatry"" San Antonio TX mental health practice"
1609467471,Texas Neuropsychiatry,9566263566,400 US-77 BUS,San Benito,TX,785865148,"Psychiatry & Neurology, Psychiatry",Organization,https://texasneuropsychiatry.com/,"""Texas Neuropsychiatry"" San Benito TX mental health practice"
1184387334,The Fabre Clinic,2107822966,1100 NW LOOP 410 STE 700,San Antonio,TX,782132258,"Psychiatry & Neurology, Psychiatry",Organization,,"""The Fabre Clinic"" San Antonio TX mental health practice"
1053098301,Tms Psychiatric Services Of America,2103651877,12662 OLD WICK CIR,San Antonio,TX,782301936,"Psychiatry & Neurology, Psychiatry",Organization,https://tmslist.com/us/texas/,"""Tms Psychiatric Services Of America"" San Antonio TX mental health practice"
1497258255,Total Insight Psychiatric Services,2103992740,6333 DE ZAVALA RD. # A 234 - A 236,San Antonio,TX,782492115,"Psychiatry & Neurology, Child & Adolescent Psychiatry",Organization,,"""Total Insight Psychiatric Services"" San Antonio TX mental health practice"
1427466531,Tranquility Tms Center,2105096000,3903 WISEMAN BLVD SUITE 211,San Antonio,TX,782514401,"Psychiatry & Neurology, Psychiatry",Organization,https://tranquilitytmscenter.com/,"""Tranquility Tms Center"" San Antonio TX mental health practice"
1558158568,Twinkle Peds Psych Medical Group,2106866318,7666 BANDERA RD,San Antonio,TX,782381262,"Psychiatry & Neurology, Psychiatry",Organization,https://www.twinklepedspsych.com/,"""Twinkle Peds Psych Medical Group"" San Antonio TX mental health practice"
1700627676,Twinkle Peds Psych,2106866318,7666 BANDERA RD,San Antonio,TX,782381262,"Nurse Practitioner, Psych/Mental Health",Organization,https://www.twinklepedspsych.com/,"""Twinkle Peds Psych"" San Antonio TX mental health practice"
1205185287,Urgent Behavioral Health Care,2108847021,311 CAMDEN ST #510,San Antonio,TX,782152012,"Psychiatry & Neurology, Psychiatry",Organization,,"""Urgent Behavioral Health Care"" San Antonio TX mental health practice"
1598745457,Vhs San Antonio Partners,2102971000,215 E QUINCY ST SUITE 200,San Antonio,TX,782152032,"Internal Medicine, Cardiovascular Disease",Organization,,"""Vhs San Antonio Partners"" San Antonio TX mental health practice"
1528810439,Wits Specialty Clinic,2103220191,9000 TESORO DR STE 103,San Antonio,TX,782176100,"Psychiatry & Neurology, Psychiatry",Organization,https://www.witsspecialtyclinicpllc.com/mental-health-counseling/san-antonio-tx,"""Wits Specialty Clinic"" San Antonio TX mental health practice"
1710284252,Yousuf J Allawala,2104919400,17720 CORPORATE WOODS DR,San Antonio,TX,782593500,"Psychiatry & Neurology, Psychiatry",Organization,,"""Yousuf J Allawala"" San Antonio TX mental health practice"
1033284484,Za And Associates,2104909850,14800 US 281 N #110,San Antonio,TX,782323734,"Psychiatry & Neurology, Psychiatry",Organization,,"""Za And Associates"" San Antonio TX mental health practice"
1780459412,Zion Family Psychiatry,8303401100,27511 INTERSTATE 10 W BLDG 5,Boerne,TX,780066564,"Psychiatry & Neurology, Psychiatry",Organization,,"""Zion Family Psychiatry"" Boerne TX mental health practice"
1285489492,A Brighter Destiny Family And Children Services,2143341948,2716 TRANQUIL WAY,Dallas,TX,752373649,"Social Worker, Clinical",Organization,,"""A Brighter Destiny Family And Children Services"" Dallas TX mental health practice"
1093423295,A Journey Over Yesterday Counseling,9402080747,4500 PEAR RIDGE DR APT 223,Dallas,TX,752875217,"Social Worker, Clinical",Organization,,"""A Journey Over Yesterday Counseling"" Dallas TX mental health practice"
1659558146,Affect Group,2145207007,10300 N CENTRAL EXPY SUITE 172,Dallas,TX,752318600,"Social Worker, Clinical",Organization,,"""Affect Group"" Dallas TX mental health practice"
1285476531,Ag Wellness Center,6823021084,4848 LEMMON AVE STE 100 803,Dallas,TX,75219,"Social Worker, Clinical",Organization,,"""Ag Wellness Center"" Dallas TX mental health practice"
1770314296,Aids Arms,2144217488,4922 SPRING AVE,Dallas,TX,752101359,"Clinic/Center, Federally Qualified Health Center (FQHC)",Organization,,"""Aids Arms"" Dallas TX mental health practice"
1700837408,Anesthesiologists For Children,2144566921,1935 MEDICAL DISTRICT DR,Dallas,TX,752357701,"Anesthesiology, Pain Medicine",Organization,,"""Anesthesiologists For Children"" Dallas TX mental health practice"
1033870191,Angela Prior,9726380948,6301 GASTON AVE STE 730,Dallas,TX,752146296,"Social Worker, Clinical",Organization,,"""Angela Prior"" Dallas TX mental health practice"
1811401003,Athena Counseling Services,2147322067,10300 N CENTRAL EXPY STE 286,Dallas,TX,752312258,"Social Worker, Clinical",Organization,https://www.athenacounselingservices.com/contact/,"""Athena Counseling Services"" Dallas TX mental health practice"
1790319127,Be Your Best Self,2144449878,4514 COLE AVE STE 600,Dallas,TX,752054193,"Social Worker, Clinical",Organization,,"""Be Your Best Self"" Dallas TX mental health practice"
1801066261,Behavioral Health Link,2143619336,5470 GLEN LAKES DR SUITE 400,Dallas,TX,752314320,"Social Worker, Clinical",Organization,,"""Behavioral Health Link"" Dallas TX mental health practice"
1417334368,Bishop's Counseling For Women,2144550928,17480 DALLAS PKWY SUITE 120,Dallas,TX,752877337,"Social Worker, Clinical",Organization,https://www.jennabishop.com/bishops-counseling-for-women,"""Bishop's Counseling For Women"" Dallas TX mental health practice"
1396406898,Blackett & Smith,2148641792,750 N SAINT PAUL ST STE 605,Dallas,TX,752013223,"Social Worker, Clinical",Organization,,"""Blackett & Smith"" Dallas TX mental health practice"
1013691559,Blessings Counseling,2149017710,9550 FOREST LN STE 337,Dallas,TX,752435905,"Social Worker, Clinical",Organization,,"""Blessings Counseling"" Dallas TX mental health practice"
1851137301,Blue Haired Social Worker,4699036800,7128 WOODLAND TERRACE DR,Dallas,TX,752323764,"Social Worker, Clinical",Organization,https://thebluehairedsw.com/,"""Blue Haired Social Worker"" Dallas TX mental health practice"
1639011232,Brighterpath,5095427733,1311 HICKORY WOODS WAY,Wylie,TX,750981760,"Social Worker, Clinical",Organization,https://brighterpathfoundation.org/,"""Brighterpath"" Wylie TX mental health practice"
1588162119,Burkart Counseling,2147029152,10300 N CENTRAL EXPY STE 286,Dallas,TX,752312258,"Social Worker, Clinical",Organization,https://www.anneburkartcounseling.com/,"""Burkart Counseling"" Dallas TX mental health practice"
1629647318,Cannenta Center For Healing And Empowerment,2142679556,351 W JEFFERSON BLVD # 302,Dallas,TX,752084859,"Social Worker, Clinical",Organization,https://www.cannentacenter.com/,"""Cannenta Center For Healing And Empowerment"" Dallas TX mental health practice"
1336738269,Caya,2149459006,621 N MAIN ST STE 430,Grapevine,TX,760519218,"Social Worker, Clinical",Organization,https://cayacare.com/am-i-drinking-too-much/,"""Caya"" Grapevine TX mental health practice"
1922292838,Center For Family Care,2147501086,8330 MEADOW RD 114,Dallas,TX,752313767,"Social Worker, Clinical",Organization,,"""Center For Family Care"" Dallas TX mental health practice"
1639707987,Change Your Mind Dfw,2142070881,10440 N CENTRAL EXPY STE 800,Dallas,TX,752312264,"Social Worker, Clinical",Organization,,"""Change Your Mind Dfw"" Dallas TX mental health practice"
1265937924,Charles Community Counseling Center,4692438879,1941 DAY BREAK DR,Lancaster,TX,751464949,"Social Worker, Clinical",Organization,,"""Charles Community Counseling Center"" Lancaster TX mental health practice"
1194316620,Christway Home Healthcare,9729822227,1327 EMPIRE CENTRAL DR STE 114,Dallas,TX,752474018,Home Health,Organization,https://www.careinhomes.com/seniorcare-list,"""Christway Home Healthcare"" Dallas TX mental health practice"
1003777038,Cierra Boyce Therapy Services,6822442781,240 PARK PLACE BLVD,Waxahachie,TX,75165,"Social Worker, Clinical",Organization,,"""Cierra Boyce Therapy Services"" Waxahachie TX mental health practice"
1639893720,Compassionate Counseling,8456644425,7575 FRANKFORD RD APT 926,Dallas,TX,752526467,"Social Worker, Clinical",Organization,,"""Compassionate Counseling"" Dallas TX mental health practice"
1861983504,Complete Treatment,9727895199,14785 PRESTON RD STE 550,Dallas,TX,752547899,Contractor,Organization,,"""Complete Treatment"" Dallas TX mental health practice"
1578282554,Confidant Texas,2037478696,325 N SAINT PAUL ST STE 3100,Dallas,TX,752013923,"Nurse Practitioner, Psych/Mental Health",Organization,,"""Confidant Texas"" Dallas TX mental health practice"
1447960414,Cor Sacrum Counseling And Consulting,9729539895,5220 SPRING VALLEY RD STE 610,Dallas,TX,752543099,"Counselor, Professional",Organization,https://www.corsacrumcounseling.com/,"""Cor Sacrum Counseling And Consulting"" Dallas TX mental health practice"
1861253841,Creative Minds Tx,4694914911,7441 MARVIN D LOVE FWY,Dallas,TX,752373490,Community/Behavioral Health,Organization,,"""Creative Minds Tx"" Dallas TX mental health practice"
1669294666,Crystal Clear Therapy,2143364417,4101 MCEWEN RD STE 346,Dallas,TX,752445276,"Counselor, Professional",Organization,https://crystalcleartherapypllc.com/contact-us,"""Crystal Clear Therapy"" Dallas TX mental health practice"
1487916672,Dallas Colon Therapy,2148934882,2201 MAIN ST STE 830,Dallas,TX,752014418,"Social Worker, Clinical",Organization,https://colonicsreport.wordpress.com/tag/colonics/,"""Dallas Colon Therapy"" Dallas TX mental health practice"
1558035188,Dallas County Hospital District,2145908787,3560 W CAMP WISDOM RD STE 100,Dallas,TX,752372506,"Nurse Practitioner, Women's Health",Organization,,"""Dallas County Hospital District"" Dallas TX mental health practice"
1235538141,Dallas County Hospital District,2145907118,655 W ILLINOIS AVE STE 725,Dallas,TX,752241814,Internal Medicine,Organization,,"""Dallas County Hospital District"" Dallas TX mental health practice"
1811374143,Dallas County Hospital District,2142664000,3560 W CAMP WISDOM RD STE 100,Dallas,TX,752372506,Internal Medicine,Organization,,"""Dallas County Hospital District"" Dallas TX mental health practice"
1134377427,Dallas County Hospital District,2142661200,4600 SCYENE ROAD,Dallas,TX,752102219,Nurse Practitioner,Organization,,"""Dallas County Hospital District"" Dallas TX mental health practice"
1043468333,Dallas County Hospital District,2142660580,1400 N WESTMORELAND RD,Dallas,TX,752111656,Nurse Practitioner,Organization,,"""Dallas County Hospital District"" Dallas TX mental health practice"
1467811554,Dallas County Hospital District,2142660350,8224 PARK LN STE 130,Dallas,TX,752316021,Internal Medicine,Organization,,"""Dallas County Hospital District"" Dallas TX mental health practice"
1326296617,Dallas County Hospital District,2142663204,1800 N BRITAIN RD,Irving,TX,750612630,Nurse Practitioner,Organization,https://www.irvingweekly.com/s/11761/Dallas-County-Hospital-District-Police-Celebrate-40-Years-of-Service-and-Innovation.php,"""Dallas County Hospital District"" Irving TX mental health practice"
1295134336,Dallas County Hospital District,2145907118,3701 W NORTHWEST HWY #180,Dallas,TX,752204971,Internal Medicine,Organization,,"""Dallas County Hospital District"" Dallas TX mental health practice"
1316125420,Dallas County Hospital District,2142661500,9202 ELAM RD,Dallas,TX,752174151,Nurse Practitioner,Organization,,"""Dallas County Hospital District"" Dallas TX mental health practice"
1760522510,Dallas Independent School District,9725024192,9400 N CENTRAL EXPY STE 1305,Dallas,TX,752314861,Local Education Agency (LEA),Organization,,"""Dallas Independent School District"" Dallas TX mental health practice"
1689662678,Dallas Metrocare Services,2147436159,1380 RIVER BEND DR,Dallas,TX,752474914,Psychologist,Organization,https://www.metrocareservices.org/,"""Dallas Metrocare Services"" Dallas TX mental health practice"
1194736991,Dallas Va Medical Center,2148572371,4500 S LANCASTER RD,Dallas,TX,752167167,"Social Worker, Clinical",Organization,,"""Dallas Va Medical Center"" Dallas TX mental health practice"
1255060091,Daybreak Medical,4159926155,325 N SAINT PAUL ST STE 3100,Dallas,TX,752013923,"Counselor, Mental Health",Organization,,"""Daybreak Medical"" Dallas TX mental health practice"
1326673252,Discovering Hope,4698636970,8500 N STEMMONS FWY STE 3052,Dallas,TX,752473969,"Clinic/Center, Adult Mental Health",Organization,https://www.discovering-hope.com/dartt,"""Discovering Hope"" Dallas TX mental health practice"
1073147906,Discovering Hope,4698636970,8500 N STEMMONS FWY STE 3052,Dallas,TX,752473969,"Social Worker, Clinical",Organization,https://www.discovering-hope.com/dartt,"""Discovering Hope"" Dallas TX mental health practice"
1417521907,Divine Healing Space,5044100031,12222 MERIT DR # 130,Dallas,TX,752512217,"Social Worker, Clinical",Organization,,"""Divine Healing Space"" Dallas TX mental health practice"
1972354611,Dominion Of Brehavioral Health Services,4692452369,4100 SPRING VALLEY STE 510,Dallas,TX,752443608,"Social Worker, Clinical",Organization,,"""Dominion Of Brehavioral Health Services"" Dallas TX mental health practice"
1386503142,Donald Stiles Counseling,4699831300,1420 W MOCKINGBIRD LN STE 105,Dallas,TX,752474936,"Social Worker, Clinical",Organization,,"""Donald Stiles Counseling"" Dallas TX mental health practice"
1063183515,Doster & Hoffman Therapy And Consultation,4046702423,10228 E NORTHWEST HWY UNIT 325,Dallas,TX,752384408,"Social Worker, Clinical",Organization,,"""Doster & Hoffman Therapy And Consultation"" Dallas TX mental health practice"
1366995888,Earnshaw Counseling,2142441384,400 N ALLEN DR STE 304,Allen,TX,750132577,"Social Worker, Clinical",Organization,https://www.earnshawcounseling.com/,"""Earnshaw Counseling"" Allen TX mental health practice"
1336768407,Esperanza Counseling And Consulting Services,2147345062,2043 CHEVELLA DR,Dallas,TX,752324159,"Social Worker, Clinical",Organization,,"""Esperanza Counseling And Consulting Services"" Dallas TX mental health practice"
1356886527,Family And Child Guidance Center,8665441887,2300 W WHITE AVE SUITE 104,Mckinney,TX,750713102,"Counselor, Mental Health",Organization,,"""Family And Child Guidance Center"" Mckinney TX mental health practice"
1245776897,Family And Child Guidance Center,2143513490,317 NORTH 12TH SUITE 1,Corsicana,TX,75110,"Counselor, Mental Health",Organization,https://www.childrenandfamilies.org/about-us/locations/corsicana,"""Family And Child Guidance Center"" Corsicana TX mental health practice"
1346785508,Family And Child Guidance Center,2143513490,210 W 10TH ST,Dallas,TX,752084523,"Counselor, Mental Health",Organization,,"""Family And Child Guidance Center"" Dallas TX mental health practice"
1255876421,Family And Child Guidance Center,8669359700,1305 W JEFFERSON ST SUITE 210,Waxahachie,TX,751652269,"Counselor, Mental Health",Organization,,"""Family And Child Guidance Center"" Waxahachie TX mental health practice"
1467997627,Family And Child Guidance Center,2143513490,4031 W PLANO PKWY SUITE 211,Plano,TX,750935619,"Counselor, Mental Health",Organization,,"""Family And Child Guidance Center"" Plano TX mental health practice"
1487199642,Family And Child Guidance Center,2143513490,120 W MAIN ST STE 220,Mesquite,TX,751494224,"Counselor, Mental Health",Organization,https://www.childrenandfamilies.org/about-us/locations/mesquite,"""Family And Child Guidance Center"" Mesquite TX mental health practice"
1578008751,Family And Child Guidance Center,2143513490,108 N WASHINGTON ST,Kaufman,TX,751422051,"Counselor, Mental Health",Organization,,"""Family And Child Guidance Center"" Kaufman TX mental health practice"
1811062367,Family And Child Guidance Centers,2143513490,8915 HARRY HINES BLVD,Dallas,TX,752351717,"Counselor, Mental Health",Organization,,"""Family And Child Guidance Centers"" Dallas TX mental health practice"
1750049698,Find Your Destiny Counseling Services,3464189897,4201 CYPRESS CREEK PKWY STE 355,Houston,TX,770683414,Case Management,Organization,https://findyourdestinycs.com/,"""Find Your Destiny Counseling Services"" Houston TX mental health practice"
1942612726,Flourish Counseling And Consultation,9727559120,533 W 12TH ST,Dallas,TX,752086319,"Counselor, Professional",Organization,https://www.wecanflourish.com/,"""Flourish Counseling And Consultation"" Dallas TX mental health practice"
1942193057,For Us Collective,9723839354,400 S ZANG BLVD STE 1201,Dallas,TX,752086624,"Social Worker, Clinical",Organization,,"""For Us Collective"" Dallas TX mental health practice"
1740855931,Forever Care Behavioral Health,9727841129,"3626 NORTH HALL STREET (TWO OAK LAWN), STE 610",Dallas,TX,75219,"Social Worker, Clinical",Organization,,"""Forever Care Behavioral Health"" Dallas TX mental health practice"
1255882445,Full Circle Counseling And Family Services,4694714109,17440 DALLAS PKWY SUITE 216,Dallas,TX,752877336,"Social Worker, Clinical",Organization,,"""Full Circle Counseling And Family Services"" Dallas TX mental health practice"
1265665384,Full Life Outreach Medical Center,2147912863,4545 S BUCKNER BLVD,Dallas,TX,752274207,"Social Worker, Clinical",Organization,,"""Full Life Outreach Medical Center"" Dallas TX mental health practice"
1548133382,Gail Atwater,4692492549,4054 MCKINNEY AVE STE 102,Dallas,TX,752042050,"Social Worker, Clinical",Organization,https://www.gailatwater.com/,"""Gail Atwater"" Dallas TX mental health practice"
1124836341,Garden Mind Wellness,4696138044,539 W COMMERCE ST # 437,Dallas,TX,752081953,"Social Worker, Clinical",Organization,,"""Garden Mind Wellness"" Dallas TX mental health practice"
1053439380,Geriatric Mental Health Specialists,2143880424,8039 SCYENE CIR,Dallas,TX,752275534,"Social Worker, Clinical",Organization,,"""Geriatric Mental Health Specialists"" Dallas TX mental health practice"
1508456047,Gifted Souls Mental Health Community Center,4695104291,17480 DALLAS PKWY STE 213,Dallas,TX,752877304,"Residential Treatment Facility, Intellectual and/or Developmental Disabilities",Organization,https://www.giftedsoulsdfw.com/contact-8,"""Gifted Souls Mental Health Community Center"" Dallas TX mental health practice"
1740870005,Gifted Souls Mental Health Community Center,4695104291,17480 DALLAS PKWY STE 213,Dallas,TX,752877304,Case Management,Organization,https://www.giftedsoulsdfw.com/contact-8,"""Gifted Souls Mental Health Community Center"" Dallas TX mental health practice"
1669658068,Gladney,8179226000,6300 JOHN RYAN DR,Fort Worth,TX,761324122,"Social Worker, Clinical",Organization,https://blog.adoptionsbygladney.com/diana-gibson-gladney-art-therapy,"""Gladney"" Fort Worth TX mental health practice"
1558070284,Gregam,8189392159,4222 TRINITY MILLS RD STE 250,Dallas,TX,752877655,"Social Worker, Clinical",Organization,https://gregam-baseball.com/,"""Gregam"" Dallas TX mental health practice"
1710791181,Healing In Color,5405337167,640 S MOORE ST,Dallas,TX,752033238,"Social Worker, Clinical",Organization,https://www.healingincolorcollective.com/,"""Healing In Color"" Dallas TX mental health practice"
1568104123,Healthy Young Minds Tx,3033176504,325 N SAINT PAUL ST STE 3100,Dallas,TX,752013923,"Speech-Language Pathologist,  ",Organization,,"""Healthy Young Minds Tx"" Dallas TX mental health practice"
1588599690,Hear My Cry Wellness Center,2144172655,2904 FLOYD ST STE F,Dallas,TX,752045910,"Social Worker, Clinical",Organization,,"""Hear My Cry Wellness Center"" Dallas TX mental health practice"
1073767331,Hebron Family Life Center,2143747505,2335 56TH ST,Dallas,TX,752411437,"Social Worker, Clinical",Organization,,"""Hebron Family Life Center"" Dallas TX mental health practice"
1750018925,Her Healing Space Counseling Services,2148005131,4925 GREENVILLE AVE STE 200,Dallas,TX,752060500,"Social Worker, Clinical",Organization,https://www.herhealingspacetx.com/,"""Her Healing Space Counseling Services"" Dallas TX mental health practice"
1801743786,Hoover's Revived Health,7692410554,7701 LEMMON AVE STE 260,Dallas,TX,752093003,"Social Worker, Clinical",Organization,https://www.hooversrevivedhealth.com/contact-us,"""Hoover's Revived Health"" Dallas TX mental health practice"
1053268896,Hoover's Revived Health,7692410554,7701 LEMMON AVE STE 260,Dallas,TX,752093003,"Social Worker, Clinical",Organization,https://www.hooversrevivedhealth.com/contact-us,"""Hoover's Revived Health"" Dallas TX mental health practice"
1851035133,In Gifted Hands Home Care Of Texas,9196335953,16000 BNT TRE FST CIR APT 638,Dallas,TX,752483414,Home Health Aide,Organization,,"""In Gifted Hands Home Care Of Texas"" Dallas TX mental health practice"
1306381009,Integrated Wellness Group,2147840008,2715 MEADOW ST,Dallas,TX,752151763,"Social Worker, Clinical",Organization,,"""Integrated Wellness Group"" Dallas TX mental health practice"
1073191755,Ivory Park,4696340050,3824 CEDAR SPRINGS RD # 153,Dallas,TX,752194136,"Social Worker, Clinical",Organization,,"""Ivory Park"" Dallas TX mental health practice"
1780146415,Jessica Glenn Therapy,4697593966,4100 SPRING VALLEY RD STE 511,Dallas,TX,752443678,"Social Worker, Clinical",Organization,https://jessicaglenntherapy.com/about-1,"""Jessica Glenn Therapy"" Dallas TX mental health practice"
1134339179,John T Conboy,5129449153,228 LANIER RANCH RD,Driftwood,TX,786199772,"Social Worker, Clinical",Organization,,"""John T Conboy"" Driftwood TX mental health practice"
1477306264,Joon Care Medical Of Texas,4697463699,1341 W MOCKINGBIRD LN STE 600W,Dallas,TX,752476904,"Counselor, Mental Health",Organization,,"""Joon Care Medical Of Texas"" Dallas TX mental health practice"
1356014120,Journey To Journey Therapy Services,7086203904,10228 E NORTHWEST HWY # 1093,Dallas,TX,752384408,"Social Worker, Clinical",Organization,https://www.journeytojourneytherapy.com/about,"""Journey To Journey Therapy Services"" Dallas TX mental health practice"
1780545186,Kara Hill Counseling,4697269881,3500 OAK LAWN AVE STE 730,Dallas,TX,752196721,"Social Worker, Clinical",Organization,https://www.khillcounseling.com/,"""Kara Hill Counseling"" Dallas TX mental health practice"
1225694409,Kingsman Consulting,4699048469,10440 N CENTRAL EXPY STE 800,Dallas,TX,752312264,"Social Worker, Clinical",Organization,https://kingsmangroupllc.com/,"""Kingsman Consulting"" Dallas TX mental health practice"
1083190862,Lakeview Health Solutions,2146436820,1910 PACIFIC AVE STE 13700,Dallas,TX,752014599,Case Management,Organization,,"""Lakeview Health Solutions"" Dallas TX mental health practice"
1417779786,Lee Therapy And Counseling,4695969790,1527 IMPERIAL BLVD,Mckinney,TX,750715321,"Social Worker, Clinical",Organization,,"""Lee Therapy And Counseling"" Mckinney TX mental health practice"
1770510075,Legacy Counseling Center,2145206308,4054 MCKINNEY AVE STE 102,Dallas,TX,752042050,"Social Worker, Clinical",Organization,https://legacycares.org/counseling-center/,"""Legacy Counseling Center"" Dallas TX mental health practice"
1700470192,Listeners On Call,4699646629,9314 LARCHWOOD DR,Dallas,TX,752382712,"Social Worker, Clinical",Organization,,"""Listeners On Call"" Dallas TX mental health practice"
1538003876,Lumen Support Services,9728857553,6052 BUFFRIDGE TRL,Dallas,TX,752522366,"Social Worker, Clinical",Organization,,"""Lumen Support Services"" Dallas TX mental health practice"
1326320367,Macarthur Medical Center,9722563700,2101 WESTPARK CT STE 200,Euless,TX,760403717,Obstetrics & Gynecology,Organization,https://macarthurmc.com/,"""Macarthur Medical Center"" Euless TX mental health practice"
1497982268,Macarthur Medical Center,9722563700,3501 N MACARTHUR BLVD STE 500,Irving,TX,750623675,Obstetrics & Gynecology,Organization,https://macarthurmc.com/,"""Macarthur Medical Center"" Irving TX mental health practice"
1538547674,Margaret Chloe Zingaro Lcsw,2149660040,9900 N CENTRAL EXPY SUITE 500,Dallas,TX,752314395,"Social Worker, Clinical",Organization,,"""Margaret Chloe Zingaro Lcsw"" Dallas TX mental health practice"
1609726603,Michael Ednie Md Xrh,8579906111,1999 BRYAN ST STE 900,Dallas,TX,752013140,Nurse Practitioner,Organization,,"""Michael Ednie Md Xrh"" Dallas TX mental health practice"
1780182238,Michelle L Rigg,2108723611,8828 N STEMMONS FWY STE 245,Dallas,TX,752473727,"Social Worker, Clinical",Organization,,"""Michelle L Rigg"" Dallas TX mental health practice"
1679128367,Mind Above,4694965695,4849 GREENVILLE AVE STE 100-101,Dallas,TX,752064130,"Social Worker, Clinical",Organization,https://mindabovematter.com/locations/,"""Mind Above"" Dallas TX mental health practice"
1710929450,Mind Body Wellness,9728498987,17304 PRESTON RD STE 800,Dallas,TX,752525645,Psychologist,Organization,https://www.mind-bodywellnesscenter.org/,"""Mind Body Wellness"" Dallas TX mental health practice"
1609732007,Mind On Mend,4692253365,10300 N CENTRAL EXPY STE 280,Dallas,TX,752318666,"Social Worker, Clinical",Organization,https://www.mindonmend.com/,"""Mind On Mend"" Dallas TX mental health practice"
1952068264,Monarch Counseling & Consulting Services,4697089801,10300 N CENTRAL EXPY STE 280,Dallas,TX,752318666,"Social Worker, Clinical",Organization,,"""Monarch Counseling & Consulting Services"" Dallas TX mental health practice"
1952874026,Northpark Counseling Associates,2145643343,8350 MEADOW RD STE 194,Dallas,TX,752313790,"Clinic/Center, Rehabilitation, Substance Use Disorder",Organization,https://northparkcounselingassociates.com/,"""Northpark Counseling Associates"" Dallas TX mental health practice"
1790439222,Onward Therapy & Wellness,2149379180,11910 GREENVILLE AVE STE T511,Dallas,TX,752433596,"Social Worker, Clinical",Organization,https://onwardtherapyandwellness.com/,"""Onward Therapy & Wellness"" Dallas TX mental health practice"
1700615283,Papalotl Therapy,9726349969,207 S TYLER ST,Dallas,TX,752084934,"Social Worker, Clinical",Organization,https://www.papalotltherapy.com/home,"""Papalotl Therapy"" Dallas TX mental health practice"
1083441216,Pebble Path Counseling,8052344493,5600 W LOVERS LANE SUITE 116 # 158,Dallas,TX,75209,"Social Worker, Clinical",Organization,,"""Pebble Path Counseling"" Dallas TX mental health practice"
1841952918,Pediatric Care For Kids,2812035006,11661 PRESTON RD STE 120,Dallas,TX,752306199,"Clinic/Center, Urgent Care",Organization,https://peakpediatriccare.com/dr-katie-hansen/,"""Pediatric Care For Kids"" Dallas TX mental health practice"
1659177707,Phases Of Change,7732400654,660 YORKTOWN ST APT 2205,Dallas,TX,752082070,"Social Worker, Clinical",Organization,,"""Phases Of Change"" Dallas TX mental health practice"
1033958442,Piven & Smith,2148641792,750 N SAINT PAUL ST,Dallas,TX,752013236,"Social Worker, Clinical",Organization,https://www.pivensmith.com/,"""Piven & Smith"" Dallas TX mental health practice"
1487678025,Planned Living Assistance Network Of North Texas,9726907526,13151 EMILY RD SUITE 240,Dallas,TX,752408989,"Psychologist, Clinical",Organization,,"""Planned Living Assistance Network Of North Texas"" Dallas TX mental health practice"
1962299776,Rc Counseling And Consulting,3188343341,6303 SHADY BROOK LN UNIT 6303,Dallas,TX,752061401,"Social Worker, Clinical",Organization,,"""Rc Counseling And Consulting"" Dallas TX mental health practice"
1649877432,Rebekka Ouer,2146165082,3500 OAK LAWN AVE STE 550,Dallas,TX,752196724,"Social Worker, Clinical",Organization,,"""Rebekka Ouer"" Dallas TX mental health practice"
1780343723,Rec Counseling & Consulting,2145647722,4131 N CENTRAL EXPY STE 900,Dallas,TX,752042120,"Social Worker, Clinical",Organization,,"""Rec Counseling & Consulting"" Dallas TX mental health practice"
1801527692,Revelation Counseling And Consulting,6302453649,3500 OAK LAWN AVE STE 460,Dallas,TX,752194717,"Social Worker, Clinical",Organization,https://revelationscounseling.org/,"""Revelation Counseling And Consulting"" Dallas TX mental health practice"
1790951218,Ron R. Wilkinson,2145229909,3636 DICKASON AVE SUITE 5,Dallas,TX,752194911,"Social Worker, Clinical",Organization,,"""Ron R. Wilkinson"" Dallas TX mental health practice"
1245153170,See Change Counseling And Consulting,3462755060,2036 SUL ROSS ST,Houston,TX,77098,"Social Worker, Clinical",Organization,https://transitionscounselingandconsult.com/,"""See Change Counseling And Consulting"" Houston TX mental health practice"
1265838387,Selah Counseling & Wellness Centre,9724048253,12850 HILLCREST RD SUITE F206,Dallas,TX,752301529,"Social Worker, Clinical",Organization,,"""Selah Counseling & Wellness Centre"" Dallas TX mental health practice"
1629877667,Self Care Club,2146649042,6500 GREENVILLE AVE STE 430,Dallas,TX,752061014,"Social Worker, Clinical",Organization,https://selfcareclub.org/,"""Self Care Club"" Dallas TX mental health practice"
1497522494,Simply Insightful Counseling And Consulting,9453017351,4245 N CENTRAL EXPY STE 490,Dallas,TX,752054231,"Social Worker, Clinical",Organization,,"""Simply Insightful Counseling And Consulting"" Dallas TX mental health practice"
1417564683,Solutions Mental Health,2149379180,11910 GREENVILLE AVE STE 511,Dallas,TX,752439388,"Social Worker, Clinical",Organization,https://www.aspectbillingsolutions.com/affordable-mental-health-billing-solutions-in-texas/,"""Solutions Mental Health"" Dallas TX mental health practice"
1437774601,Soturi Counseling And Consulting,2142514170,8500 N STEMMONS FWY STE 1000,Dallas,TX,752473898,"Social Worker, Clinical",Organization,https://www.soturicc.com/,"""Soturi Counseling And Consulting"" Dallas TX mental health practice"
1952261398,Soul Studio Clinical Services,4097893394,3140 N HALL ST,Dallas,TX,752041279,"Social Worker, Clinical",Organization,https://soulstudioclinicalservices.com/,"""Soul Studio Clinical Services"" Dallas TX mental health practice"
1184484032,Southern Magnolia Therapeutic Solutions,2142890456,4347 S HAMPTON RD # 243,Dallas,TX,752321065,Case Management,Organization,,"""Southern Magnolia Therapeutic Solutions"" Dallas TX mental health practice"
1073299541,Southern Trinity Therapeutic Solutions,4699873199,4211 CEDAR SPRINGS RD STE 300,Dallas,TX,752192600,Case Management,Organization,https://www.southerntrinitytherapeuticsolutions.com/,"""Southern Trinity Therapeutic Solutions"" Dallas TX mental health practice"
1154780047,Spectrum Family Therapy,4692091111,6220 CAMPBELL RD STE 102,Dallas,TX,752481394,"Social Worker, Clinical",Organization,,"""Spectrum Family Therapy"" Dallas TX mental health practice"
1619342672,Stanford Couples Counseling,9728411731,9330 LYNDON B JOHNSON FWY STE 1250,Dallas,TX,752433436,Marriage & Family Therapist,Organization,https://www.stanfordcouplescounseling.com/,"""Stanford Couples Counseling"" Dallas TX mental health practice"
1275752206,Susie Hair Pllc Lcsw,9727329555,17430 CAMPBELL RD SUITE 100,Dallas,TX,752525212,"Social Worker, Clinical",Organization,,"""Susie Hair Pllc Lcsw"" Dallas TX mental health practice"
1255964177,The Empowering Space,6145923462,3083 HERSCHEL AVE APT 309,Dallas,TX,752192064,"Social Worker, Clinical",Organization,https://theempoweringspace.com/,"""The Empowering Space"" Dallas TX mental health practice"
1730565425,The Lifeworks Group,2145641964,3303 LEE PKWY STE 102,Dallas,TX,752195100,"Counselor, Professional",Organization,https://lifeworksrecovery.com/location/dallas/,"""The Lifeworks Group"" Dallas TX mental health practice"
1619707338,The Place Psychological Services,4697010983,1901 CLIFTON DR,Mesquite,TX,751495491,"Social Worker, Clinical",Organization,,"""The Place Psychological Services"" Mesquite TX mental health practice"
1275366890,The Real Heal Collective,2143540119,1910 PACIFIC AVE STE 2000,Dallas,TX,752014540,"Social Worker, Clinical",Organization,https://www.therealhealco.com/anxiety-stress-therapy,"""The Real Heal Collective"" Dallas TX mental health practice"
1114202454,The University Of Texas At Arlington,2146458500,5323 HARRY HINES BLVD,Dallas,TX,753909121,"Social Worker, Clinical",Organization,,"""The University Of Texas At Arlington"" Dallas TX mental health practice"
1275939001,Tidemark Therapy,9032658545,305 W WOODARD ST STE 201,Denison,TX,750203136,Clinic/Center,Organization,,"""Tidemark Therapy"" Denison TX mental health practice"
1801724737,Torres-pena Therapy And Behavioral Solutions,9152029269,2816 LOCKHART AVE,Dallas,TX,752284048,"Social Worker, Clinical",Organization,https://www.torrespenatherapy.com/,"""Torres-pena Therapy And Behavioral Solutions"" Dallas TX mental health practice"
1568446185,Trc Home Health Services,2149650431,4849 GREENVILLE AVE 1124,Dallas,TX,752064130,Home Health,Organization,,"""Trc Home Health Services"" Dallas TX mental health practice"
1023709474,Tribe Therapy,7082750596,3111 N HOUSTON ST APT 508,Dallas,TX,752197853,"Counselor, Mental Health",Organization,,"""Tribe Therapy"" Dallas TX mental health practice"
1609231349,Turner Consulting & Therapy Services,4699142683,17218 PRESTON RD STE 2800,Dallas,TX,752524018,"Social Worker, Clinical",Organization,,"""Turner Consulting & Therapy Services"" Dallas TX mental health practice"
1194471524,Turner Consulting & Therapy Services,4699142683,17218 PRESTON RD STE 2800,Dallas,TX,752524018,"Social Worker, Clinical",Organization,,"""Turner Consulting & Therapy Services"" Dallas TX mental health practice"
1033826326,Turner Consulting & Therapy Services,4699142683,17218 PRESTON RD STE 2800,Dallas,TX,752524018,"Social Worker, Clinical",Organization,,"""Turner Consulting & Therapy Services"" Dallas TX mental health practice"
1326677212,Tx Mc Sprout 1,6266990236,325 N SAINT PAUL ST STE 3100,Dallas,TX,752013923,Behavior Analyst,Organization,,"""Tx Mc Sprout 1"" Dallas TX mental health practice"
1811507981,U Got This Therapy Services,2142926601,11325 PEGASUS ST STE W210,Dallas,TX,752385203,"Social Worker, Clinical",Organization,https://ugotthistherapyservices.org/therapist-bio,"""U Got This Therapy Services"" Dallas TX mental health practice"
1689356073,Unfolding Collective - Therapy & Consulting,8177162134,919 MORRELL AVE STE 104,Dallas,TX,752033354,"Social Worker, Clinical",Organization,,"""Unfolding Collective - Therapy & Consulting"" Dallas TX mental health practice"
1093868630,Ut Physicians Chosen Clinic,8323257298,6410 FANNIN ST 720,Houston,TX,770303000,Case Manager/Care Coordinator,Organization,,"""Ut Physicians Chosen Clinic"" Houston TX mental health practice"
1871262022,Vaken Integrated Care,8338253694,11816 INWOOD RD PMB 70454,Dallas,TX,75244,"Social Worker, Clinical",Organization,http://www.vakenintegratedcare.net/,"""Vaken Integrated Care"" Dallas TX mental health practice"
1821040916,Valley Total Healthcare Systems,9566837944,1005 E NOLANA ST,Mcallen,TX,785046101,"Social Worker, Clinical",Organization,,"""Valley Total Healthcare Systems"" Mcallen TX mental health practice"
1740238260,Vericare,8002578715,8059 SCYENE CIR,Dallas,TX,752275562,"Psychologist, Clinical",Organization,,"""Vericare"" Dallas TX mental health practice"
1104330497,Why Stop Learning,7046902805,7229 FERGUSON RD,Dallas,TX,752286632,Counselor,Organization,,"""Why Stop Learning"" Dallas TX mental health practice"
1821605650,Wilma Davis - Reconnecting Families,1214404902,6310 HUMORESQUE DR,Dallas,TX,752412614,"Social Worker, Clinical",Organization,,"""Wilma Davis - Reconnecting Families"" Dallas TX mental health practice"
1467152660,Winding Path Solutions,4693064806,6750 HILLCREST PLAZA DR STE 214,Dallas,TX,752301436,"Social Worker, Clinical",Organization,https://windingpathsolutions.com/,"""Winding Path Solutions"" Dallas TX mental health practice"
1518777291,Work Injury Counseling Centers,4694267250,12770 COIT RD STE 1260,Dallas,TX,752511357,"Social Worker, Clinical",Organization,,"""Work Injury Counseling Centers"" Dallas TX mental health practice"
1992343180,You Have A Choice Counseling Service,2149382122,9600 GOLF LAKES TRL APT 2156,Dallas,TX,752315019,"Social Worker, Clinical",Organization,,"""You Have A Choice Counseling Service"" Dallas TX mental health practice"
1821687880,Zoetry Counseling,8172281668,2435 E SOUTHLAKE BLVD STE 220,Southlake,TX,760926678,"Counselor, Professional",Organization,https://www.zoetrycounseling.com/locations/southlake-tx.html,"""Zoetry Counseling"" Southlake TX mental health practice"
1609164284,1800telemedcom,7136917949,5815 AIRLINE DR A,Houston,TX,770764922,"Speech-Language Pathologist,  ",Organization,,"""1800telemedcom"" Houston TX mental health practice"
1942984638,A And J Consulting Group,7134256412,10303 NORTHWEST FWY STE 318,Houston,TX,770928221,"Social Worker, Clinical",Organization,,"""A And J Consulting Group"" Houston TX mental health practice"
1326462151,A New Day Counseling Center,2812227721,10601 GRANT RD 119,Houston,TX,770704400,"Social Worker, Clinical",Organization,https://www.anewdaycounseling.org/,"""A New Day Counseling Center"" Houston TX mental health practice"
1467315325,A Solid Mind 2,8323845860,2323 S VOSS RD STE 210,Houston,TX,770573833,Case Management,Organization,,"""A Solid Mind 2"" Houston TX mental health practice"
1144069055,A Solid Mind,6624041829,2323 S VOSS RD STE 210,Houston,TX,770573833,Case Management,Organization,,"""A Solid Mind"" Houston TX mental health practice"
1992436729,Absolute Counseling & Wellness Center,5042661747,2500 WILCREST DR STE 403,Houston,TX,770422752,Community/Behavioral Health,Organization,,"""Absolute Counseling & Wellness Center"" Houston TX mental health practice"
1477027761,Abundance Counseling Services,2819405820,800 ROCKMEAD DR STE 113,Kingwood,TX,773395019,"Social Worker, Clinical",Organization,https://www.abundancecounselingservices.com/,"""Abundance Counseling Services"" Kingwood TX mental health practice"
1740736222,Acuity Psychotherapy Solutions,2817641883,2500 E T C JESTER BLVD SUITE 280,Houston,TX,770081365,"Social Worker, Clinical",Organization,https://acuitypsychotherapy.com/,"""Acuity Psychotherapy Solutions"" Houston TX mental health practice"
1508081886,Adapt For Healthy Sexuality,7139610651,3418 MERCER ST STE 100,Houston,TX,770276525,"Psychologist, Group Psychotherapy",Organization,,"""Adapt For Healthy Sexuality"" Houston TX mental health practice"
1861745705,Affiant,8328758763,13180 WESTPARK DR 109,Houston,TX,770824900,"Social Worker, Clinical",Organization,,"""Affiant"" Houston TX mental health practice"
1295041283,Affirmed Counseling Services,2818860215,2626 S LOOP W STE 402,Houston,TX,770545613,"Social Worker, Clinical",Organization,,"""Affirmed Counseling Services"" Houston TX mental health practice"
1255043840,Agency For Treatment Enrichment & Rehabilitation,8777635473,5850 SAN FELIPE ST STE 500,Houston,TX,770578003,"Social Worker, Clinical",Organization,,"""Agency For Treatment Enrichment & Rehabilitation"" Houston TX mental health practice"
1043175953,Ahrielle Jackson,8173695528,700 SMITH ST,Houston,TX,770022714,"Social Worker, Clinical",Organization,,"""Ahrielle Jackson"" Houston TX mental health practice"
1194592378,Alice King Lcsw,7132024151,3666 MEADOW LAKE LN,Houston,TX,770274111,"Social Worker, Clinical",Organization,https://alicekinglcsw.com/,"""Alice King Lcsw"" Houston TX mental health practice"
1689994600,All Is Well Healthcare,2819889180,10960 STANCLIFF RD SUITE - A,Houston,TX,770994253,"Social Worker, Clinical",Organization,https://www.alliswellhca.com/challenge-page/3e2b0d24-684d-4970-8d2a-d325fd195ce7,"""All Is Well Healthcare"" Houston TX mental health practice"
1285852483,Alternative Paths,9406966483,9660 HILLCROFT ST SUITE 120 C,Houston,TX,770963856,"Counselor, Mental Health",Organization,,"""Alternative Paths"" Houston TX mental health practice"
1134794159,Amad Counseling Services,4023208701,800 ROCKMEAD RD STE 113,Kingwood,TX,773391314,"Social Worker, Clinical",Organization,,"""Amad Counseling Services"" Kingwood TX mental health practice"
1992251797,Amy Rodriguez,7135305129,5311 KIRBY DR SUITE 204,Houston,TX,770051364,"Social Worker, Clinical",Organization,,"""Amy Rodriguez"" Houston TX mental health practice"
1558925073,Ann A Goldfarb Lcsw,7133648638,2006 COMMONWEALTH ST,Houston,TX,770061804,"Social Worker, Clinical",Organization,,"""Ann A Goldfarb Lcsw"" Houston TX mental health practice"
1780234518,Another Chance Behavioral Consultants,9033454545,12337 JONES RD STE 200-12,Houston,TX,770704893,Case Management,Organization,,"""Another Chance Behavioral Consultants"" Houston TX mental health practice"
1477625580,Antonia Moore,7133499796,7505 FANNIN ST STE 310,Houston,TX,770541945,"Social Worker, Clinical",Organization,,"""Antonia Moore"" Houston TX mental health practice"
1730074527,Apostrophe Wellness,7135166222,5119 REDEMPTION CIR,Houston,TX,770182037,"Social Worker, Clinical",Organization,,"""Apostrophe Wellness"" Houston TX mental health practice"
1205932035,Arena Counseling Center,7132718430,5800 RANCHESTER SUITE #142,Houston,TX,770362440,"Social Worker, Clinical",Organization,,"""Arena Counseling Center"" Houston TX mental health practice"
1467619536,Ars Resources,2817145121,1554 GEARS RD,Houston,TX,770674104,Social Worker,Organization,,"""Ars Resources"" Houston TX mental health practice"
1215506050,Ask A Social Worker,2818262885,363 N SAM HOUSTON PARKWAY EAST SUITE 1100,Houston,TX,77060,"Social Worker, Clinical",Organization,,"""Ask A Social Worker"" Houston TX mental health practice"
1215004882,Assessment & Referral Associates,2815377445,14340 TORREY CHASE BLVD STE 325,Houston,TX,770141021,"Social Worker, Clinical",Organization,,"""Assessment & Referral Associates"" Houston TX mental health practice"
1922621887,Assurance Counseling And Consulting Service,8326518145,3239 OZARK ST,Houston,TX,770211132,"Social Worker, Clinical",Organization,,"""Assurance Counseling And Consulting Service"" Houston TX mental health practice"
1922768589,Atap Life Coaching And Therapy Svcs,8327869668,1401 NORTH LOOP W OFC 8,Houston,TX,770081647,"Counselor, Professional",Organization,,"""Atap Life Coaching And Therapy Svcs"" Houston TX mental health practice"
1619156379,Atcg,2812600821,530 N SAM HOUSTON PKWY E SUITE 202,Houston,TX,770604026,"Psychologist, Clinical",Organization,https://atcg123.com/cell-structure-topic-a2-2/,"""Atcg"" Houston TX mental health practice"
1497786636,Atcg,7136310200,4225 DENMARK ST,Houston,TX,770166801,"Psychologist, Clinical",Organization,https://atcg123.com/cell-structure-topic-a2-2/,"""Atcg"" Houston TX mental health practice"
1336328095,Atcg,2802600821,530 N SAM HOUSTON PKWY E SUITE 202,Houston,TX,770604026,"Psychologist, Clinical",Organization,https://atcg123.com/cell-structure-topic-a2-2/,"""Atcg"" Houston TX mental health practice"
1902076177,Atcg,2812600821,530 N SAM HOUSTON PKWY E STE 202,Houston,TX,770604026,"Psychologist, Clinical",Organization,https://atcg123.com/cell-structure-topic-a2-2/,"""Atcg"" Houston TX mental health practice"
1629960463,Axis Of Mental Healthcare,7133984642,361 N POST OAK LN APT 243,Houston,TX,770245949,"Social Worker, Clinical",Organization,https://www.axisofmentalhealthcare.com/about-3,"""Axis Of Mental Healthcare"" Houston TX mental health practice"
1730049750,Azel Saint Care,7132539409,10101 FONDREN RD STE 325,Houston,TX,770965124,"Counselor, Mental Health",Organization,,"""Azel Saint Care"" Houston TX mental health practice"
1417656901,Azzur Counseling,2819460332,440 LOUISIANA ST STE 900,Houston,TX,770021062,"Counselor, Addiction (Substance Use Disorder)",Organization,https://azzurinc.com/,"""Azzur Counseling"" Houston TX mental health practice"
1396830972,B. Ortiz Counseling Services Center,7138518145,150 W PARKER RD STE 505,Houston,TX,770762938,"Social Worker, Clinical",Organization,,"""B. Ortiz Counseling Services Center"" Houston TX mental health practice"
1750888756,Bayou Behavioral Healthcare Services,7138741234,2922 ROSEDALE ST STE 1020,Houston,TX,770046188,"Counselor, Professional",Organization,https://www.bayoubhs.com/,"""Bayou Behavioral Healthcare Services"" Houston TX mental health practice"
1356204259,Be Someone Counseling,8327088045,1803 ASH MEADOW DR,Houston,TX,770902203,"Social Worker, Clinical",Organization,,"""Be Someone Counseling"" Houston TX mental health practice"
1265312961,Beacon Behavioral Health,7134895986,6617 AVENUE T,Houston,TX,770111229,"Social Worker, Clinical",Organization,https://beaconbh.com/,"""Beacon Behavioral Health"" Houston TX mental health practice"
1750247854,Becoming Whole,9404569695,6136 FRISCO SQUARE BLVD,Frisco,TX,750343246,"Social Worker, Clinical",Organization,,"""Becoming Whole"" Frisco TX mental health practice"
1548159726,Bee Busy Wellness Center,7137712292,13201 NORTHWEST FWY STE 500,Houston,TX,770406025,"Clinic/Center, Federally Qualified Health Center (FQHC)",Organization,,"""Bee Busy Wellness Center"" Houston TX mental health practice"
1699239483,Bee Focus Iop,8327764488,9896 BISSONNET ST STE 510,Houston,TX,770368156,"Clinic/Center, Adult Mental Health",Organization,https://www.beefocus.org/,"""Bee Focus Iop"" Houston TX mental health practice"
1952126583,Berry Therapeutic Innovations Limited Liability,7134174210,6227 SOUTHWEST FWY,Houston,TX,770742201,"Social Worker, Clinical",Organization,,"""Berry Therapeutic Innovations Limited Liability"" Houston TX mental health practice"
1225350481,Bethesda Medical Clinic,7132710000,6630 HORNWOOD DR,Houston,TX,770745010,Internal Medicine,Organization,,"""Bethesda Medical Clinic"" Houston TX mental health practice"
1205387230,Better Path Family Counseling And Consulting,5126603499,100 CONGRESS AVE STE 2000,Austin,TX,787012745,Marriage & Family Therapist,Organization,,"""Better Path Family Counseling And Consulting"" Austin TX mental health practice"
1568856391,Bettina Wright,7133204888,2100 WEST LOOP S #900,Houston,TX,770273515,"Social Worker, Clinical",Organization,,"""Bettina Wright"" Houston TX mental health practice"
1205339066,Beyond The Past Counseling,8324521993,2686 MURWORTH DR APT 506,Houston,TX,770541610,"Social Worker, Clinical",Organization,,"""Beyond The Past Counseling"" Houston TX mental health practice"
1225389786,Blue Lotus Counseling Services,2818262583,15200 SOUTHWEST FWY SUITE 240,Sugar Land,TX,774783845,"Social Worker, Clinical",Organization,,"""Blue Lotus Counseling Services"" Sugar Land TX mental health practice"
1972255560,Blue Moon Therapy,8325352616,23144 CINCO RANCH BLVD # B-1105,Katy,TX,774942894,"Social Worker, Clinical",Organization,https://www.bluemoon-llc.com/,"""Blue Moon Therapy"" Katy TX mental health practice"
1982430534,Bostick Elder Care Consultants,8327718598,10101 FONDREN RD STE 325,Houston,TX,770965124,"Technician, Personal Care Attendant",Organization,https://bostickeldercareconsultantsllc.com/,"""Bostick Elder Care Consultants"" Houston TX mental health practice"
1831713643,Bostick Elder Care Consultants,8328321996,10101 FONDREN RD STE 325,Houston,TX,770965124,Community/Behavioral Health,Organization,https://bostickeldercareconsultantsllc.com/,"""Bostick Elder Care Consultants"" Houston TX mental health practice"
1518177856,Brackins & Associates,2812721115,525 N SAM HOUSTON PKWY E SUITE 597,Houston,TX,770604037,"Social Worker, Clinical",Organization,,"""Brackins & Associates"" Houston TX mental health practice"
1962702597,Brainex Consulting,7137823799,7447 HARWIN DR STE 217,Houston,TX,770362028,"Social Worker, Clinical",Organization,,"""Brainex Consulting"" Houston TX mental health practice"
1700720125,Brightstar Community Based Services,8326025114,5222 CYPRESS CREEK PKWY STE 175A,Houston,TX,770692236,"Counselor, Mental Health",Organization,,"""Brightstar Community Based Services"" Houston TX mental health practice"
1508648452,Building Up The Community,7139973212,7676 HILLMONT ST STE 310D,Houston,TX,770406483,"Social Worker, Clinical",Organization,,"""Building Up The Community"" Houston TX mental health practice"
1013539790,Caitlin Payne Lcsw,7706584111,3701 KIRBY DR STE 890,Houston,TX,770983918,"Social Worker, Clinical",Organization,https://www.caitlinpaynelcsw.com/,"""Caitlin Payne Lcsw"" Houston TX mental health practice"
1922967611,Calm Care,8323534370,10780 WESTVIEW DR,Houston,TX,770435037,Case Management,Organization,,"""Calm Care"" Houston TX mental health practice"
1669329819,Camino Restorative Counseling,3467640957,3730 KIRBY DR STE 1120,Houston,TX,770983994,"Social Worker, Clinical",Organization,https://www.caminorestorativecounseling.com/,"""Camino Restorative Counseling"" Houston TX mental health practice"
1407428477,Canedo Counseling,7137029271,6610 TAM O SHANTER LN,Houston,TX,770364946,"Social Worker, Clinical",Organization,,"""Canedo Counseling"" Houston TX mental health practice"
1760343032,Capacity Sharing Lcsw Tx,3474218024,800 WILCREST DR STE 155,Houston,TX,770426301,"Social Worker, Clinical",Organization,,"""Capacity Sharing Lcsw Tx"" Houston TX mental health practice"
1104247261,Capstone Connect,8324019701,1110 KINGWOOD DR STE 120,Kingwood,TX,773392994,"Social Worker, Clinical",Organization,https://www.capstoneconnect.net/who-we-are/kingwood/,"""Capstone Connect"" Kingwood TX mental health practice"
1588490007,Care Plus Providers 2,2813803202,6307 MOHAWK ST,Houston,TX,770162002,"Clinic/Center, Adolescent and Children Mental Health",Organization,,"""Care Plus Providers 2"" Houston TX mental health practice"
1689690083,Carole And Ronald Krist Samaritan Counseling Center,2814807554,16441 SPACE CENTER BLVD # C-100,Houston,TX,770582015,"Psychologist, Counseling",Organization,https://houstonsamaritan.org/,"""Carole And Ronald Krist Samaritan Counseling Center"" Houston TX mental health practice"
1851574396,Catholic Charities Of The Archdiocese Of Galveston Houston,7135264611,2900 LOUISIANA ST,Houston,TX,770063435,"Social Worker, Clinical",Organization,https://catholiccharities.org/counseling/maria-campos/,"""Catholic Charities Of The Archdiocese Of Galveston Houston"" Houston TX mental health practice"
1063637510,Center For Counseling,7132630829,2916 W T C JESTER BLVD SUITE 102,Houston,TX,770187006,"Social Worker, Clinical",Organization,https://houstoncenterforcounseling.com/,"""Center For Counseling"" Houston TX mental health practice"
1679763999,Centerpointe Counseling Services,7135287007,4702 LABRANCH,Houston,TX,770045042,Marriage & Family Therapist,Organization,,"""Centerpointe Counseling Services"" Houston TX mental health practice"
1538604152,Certuslogue,7136324658,11211 KATY FWY SUITE 285,Houston,TX,770792126,"Social Worker, Clinical",Organization,,"""Certuslogue"" Houston TX mental health practice"
1053699124,Change Institute Center,8327419457,8888 W BELLFORT ST,Houston,TX,770312406,Community/Behavioral Health,Organization,,"""Change Institute Center"" Houston TX mental health practice"
1366698516,Christie Harriss Applewhite Lcsw,8328142174,2825 WILCREST DR SUITE 162,Houston,TX,770423391,"Social Worker, Clinical",Organization,,"""Christie Harriss Applewhite Lcsw"" Houston TX mental health practice"
1164354668,Chronically Empowered Therapy,8326571764,1225 NORTH LOOP W STE 935,Houston,TX,770081763,"Social Worker, Clinical",Organization,,"""Chronically Empowered Therapy"" Houston TX mental health practice"
1437758984,Chrysalis Therapy And Wellness,2102361606,100 GLENBOROUGH DR STE 577U,Houston,TX,770673600,"Social Worker, Clinical",Organization,,"""Chrysalis Therapy And Wellness"" Houston TX mental health practice"
1902791965,Cleansing Minds Mental Wellness,2819651006,11210 NORTHAM DR,Tomball,TX,773752084,"Social Worker, Clinical",Organization,,"""Cleansing Minds Mental Wellness"" Tomball TX mental health practice"
1326411752,Colleen Roose,7137147453,14811 SAINT MARYS LN STE 288,Houston,TX,770792916,"Social Worker, Clinical",Organization,,"""Colleen Roose"" Houston TX mental health practice"
1417568874,Comfortcare Alliance,8622152782,7100 OLD KATY RD STE 4410,Houston,TX,77024,"Social Worker, Clinical",Organization,,"""Comfortcare Alliance"" Houston TX mental health practice"
1164839478,Complete Construction And Design,8005961250,9723 HOMESTEAD RD,Houston,TX,770164403,General Practice,Organization,,"""Complete Construction And Design"" Houston TX mental health practice"
1477961456,Complete Construction And Design,8005961250,9002 STERLINGSHIRE ST,Houston,TX,770783018,General Practice,Organization,,"""Complete Construction And Design"" Houston TX mental health practice"
1932057627,Con Carino Psychotherapy,7137147924,11999 KATY FWY STE 625,Houston,TX,770791626,"Social Worker, Clinical",Organization,https://www.concarinopsychotherapy.com/,"""Con Carino Psychotherapy"" Houston TX mental health practice"
1851998231,Conquering The Obstacles Of Painful Experiences,8324186152,3711 W OREM DR,Houston,TX,770454427,Case Management,Organization,,"""Conquering The Obstacles Of Painful Experiences"" Houston TX mental health practice"
1912772765,Constantly Evolving,8329206219,363 N SAM HOUSTON PKWY E STE 1100,Houston,TX,770602413,"Social Worker, Clinical",Organization,https://constantlyevolvingmhs.com/,"""Constantly Evolving"" Houston TX mental health practice"
1053436402,Continuum Hornwood,7132710000,6614 HORNWOOD DR,Houston,TX,770745010,Marriage & Family Therapist,Organization,,"""Continuum Hornwood"" Houston TX mental health practice"
1083582167,Cotton Counseling And Consulting,8322103908,1919 TAYLOR ST STE F,Houston,TX,770073973,"Social Worker, Clinical",Organization,https://www.cottoncounseling.com/,"""Cotton Counseling And Consulting"" Houston TX mental health practice"
1730830001,Cpf Sjn Outpatient,7137897560,2450 FONDREN RD STE 312,Houston,TX,770632323,"Psychologist, Clinical",Organization,,"""Cpf Sjn Outpatient"" Houston TX mental health practice"
1174131569,Creating Connections Counseling Services,8326398080,13810 CHAMPION FOREST DR STE 150,Houston,TX,770691883,"Social Worker, Clinical",Organization,https://creatingconnectionscounselingservices.com/,"""Creating Connections Counseling Services"" Houston TX mental health practice"
1396048195,Crosscreek Counseling Center,2817551365,11999 KATY FWY SUITE 101,Houston,TX,770791611,"Social Worker, Clinical",Organization,,"""Crosscreek Counseling Center"" Houston TX mental health practice"
1215859327,Crossroads Counseling Services,8323403953,17300 MERCURY DR,Houston,TX,770582732,"Social Worker, Clinical",Organization,https://crossroadscounselingtexas.com/,"""Crossroads Counseling Services"" Houston TX mental health practice"
1508118209,Cynthias Healthcare Services,8326898705,4718 GUNTER ST,Houston,TX,770207135,"Social Worker, Clinical",Organization,,"""Cynthias Healthcare Services"" Houston TX mental health practice"
1134766454,Daniel Katz Psy.d,7138933626,4646 WILD INDIGO ST STE 150,Houston,TX,770277190,Psychologist,Organization,https://www.drdskatz.com/,"""Daniel Katz Psy.d"" Houston TX mental health practice"
1922591205,Davis & Lewis,4025985036,440 BENMAR DR STE 2400,Houston,TX,770603130,"Social Worker, Clinical",Organization,,"""Davis & Lewis"" Houston TX mental health practice"
1063492320,Deblin Health Concepts & Associates,7136869194,1214 N POST OAK RD STE 100,Houston,TX,770557236,"Counselor, Mental Health",Organization,https://www.deblinhealthconcepts.com/,"""Deblin Health Concepts & Associates"" Houston TX mental health practice"
1568760460,Dejami Developments Usa,7132401601,3321 DIXIE DR,Houston,TX,770211146,"Social Worker, Clinical",Organization,,"""Dejami Developments Usa"" Houston TX mental health practice"
1285005868,Desiderata Psychotherapy,2812031842,17719 BAMWOOD DR,Houston,TX,770901852,"Social Worker, Clinical",Organization,,"""Desiderata Psychotherapy"" Houston TX mental health practice"
1235861394,Destination Therapy,3462662912,2121 ALLEN PKWY APT 1014,Houston,TX,770192424,"Social Worker, Clinical",Organization,https://thedestinationtherapy.com/houston-tx/,"""Destination Therapy"" Houston TX mental health practice"
1669645883,Diagnostic Pediatrics Association,7137950302,8111 N STADIUM DR STE 200,Houston,TX,770541826,"Social Worker, Clinical",Organization,,"""Diagnostic Pediatrics Association"" Houston TX mental health practice"
1033427661,Dl Pfister & Associates Counsling,8326889747,13100 WORTHAM CENTER DR SUITE 240,Houston,TX,770655625,Marriage & Family Therapist,Organization,,"""Dl Pfister & Associates Counsling"" Houston TX mental health practice"
1528490364,Eddins Counseling Group,8325592622,802 W ALABAMA ST,Houston,TX,770064602,"Counselor, Mental Health",Organization,https://eddinscounseling.com/about-eddins-counseling-group/,"""Eddins Counseling Group"" Houston TX mental health practice"
1174110134,Edify Behavioral Management,8328080425,2000 S DAIRY ASHFORD RD STE 575,Houston,TX,770775737,Case Management,Organization,https://www.edifybehavioral.com/,"""Edify Behavioral Management"" Houston TX mental health practice"
1104436997,Eldercare Therapy And Wellness,8326478174,5530 RUTHERGLENN DR,Houston,TX,770964034,"Social Worker, Clinical",Organization,,"""Eldercare Therapy And Wellness"" Houston TX mental health practice"
1255102984,Elizabeths Hope Counseling And Consulting,2816787265,1322 SPACE PARK DR STE A282,Houston,TX,770583485,"Counselor, Professional",Organization,,"""Elizabeths Hope Counseling And Consulting"" Houston TX mental health practice"
1699361089,Empathy First Clinical Counseling And Consulting,8326571620,7790 W GRAND PKWY S STE 103,Richmond,TX,774065830,"Social Worker, Clinical",Organization,https://www.empathyfirstclinical.com/,"""Empathy First Clinical Counseling And Consulting"" Richmond TX mental health practice"
1508698978,Equity Counseling Services,3467020072,14150 HUFFMEISTER RD STE 200-207,Cypress,TX,774291806,"Counselor, Mental Health",Organization,https://equitycounseling.com/,"""Equity Counseling Services"" Cypress TX mental health practice"
1992721419,Erin Bryant-bains,7132481961,12407 BRANDYWYNE DR,Houston,TX,770774815,"Social Worker, Clinical",Organization,,"""Erin Bryant-bains"" Houston TX mental health practice"
1013495696,Ethel Row,7139099247,1 HERMANN PARK COURT UNIT 645,Houston,TX,77021,"Counselor, Mental Health",Organization,https://ethelandrow.com/,"""Ethel Row"" Houston TX mental health practice"
1891362646,Eunoia Wellness Counseling,8324648875,5535 MEMORIAL DR STE F1158,Houston,TX,770078021,"Social Worker, Clinical",Organization,,"""Eunoia Wellness Counseling"" Houston TX mental health practice"
1013046853,Evolve Counseling And Consultation,7135623709,2323 S SHEPHERD DR SUITE 1012,Houston,TX,770197019,"Counselor, Addiction (Substance Use Disorder)",Organization,https://www.evolveccar.com/,"""Evolve Counseling And Consultation"" Houston TX mental health practice"
1740921139,Evolve Yourself,5046198966,1980 POST OAK BLVD STE 100,Houston,TX,770563838,Community/Behavioral Health,Organization,,"""Evolve Yourself"" Houston TX mental health practice"
1255072633,Evolve Yourself,8779972620,1980 POST OAK BLVD STE 200,Houston,TX,770563877,"Counselor, Mental Health",Organization,,"""Evolve Yourself"" Houston TX mental health practice"
1568907293,Faith In Sobriety Development,8774339832,6201 BONHOMME RD STE 250N,Houston,TX,770364375,"Counselor, Addiction (Substance Use Disorder)",Organization,,"""Faith In Sobriety Development"" Houston TX mental health practice"
1609518992,Falcon Counseling,4097707351,5438 WIGTON DR,Houston,TX,770964006,"Social Worker, Clinical",Organization,,"""Falcon Counseling"" Houston TX mental health practice"
1225051121,Family Services Of Greater Houston,2812924155,1600 LAKE FRONT CIR SUITE 218,The Woodlands,TX,773803613,Marriage & Family Therapist,Organization,,"""Family Services Of Greater Houston"" The Woodlands TX mental health practice"
1639886815,Family Values Therapeutic Services,8049265042,1711 W IRVING BLVD STE 304,Irving,TX,750617177,"Clinic/Center, Mental Health (Including Community Mental Health Center)",Organization,,"""Family Values Therapeutic Services"" Irving TX mental health practice"
1558954818,Focal Clinical Solutions,9806135304,11212 WESTPARK DR,Houston,TX,770425063,"Social Worker, Clinical",Organization,,"""Focal Clinical Solutions"" Houston TX mental health practice"
1164890802,Forward Thinking,2814684254,4314 YOAKUM BLVD FL 2,Houston,TX,770065865,"Social Worker, Clinical",Organization,,"""Forward Thinking"" Houston TX mental health practice"
1104241579,Francis Jacobs & Associates,7137034320,7335 HIGHWAY 6 STE 200,Missouri City,TX,774594998,"Social Worker, Clinical",Organization,,"""Francis Jacobs & Associates"" Missouri City TX mental health practice"
1811762982,Freedom Formula Rx,8325597520,14405 WALTERS RD STE 1016,Houston,TX,770141493,"Social Worker, Clinical",Organization,,"""Freedom Formula Rx"" Houston TX mental health practice"
1780539387,Fs Fis,8323226777,6327 CALHOUN RD,Houston,TX,770213935,Developmental Therapist,Organization,,"""Fs Fis"" Houston TX mental health practice"
1144691239,Gardner House,2814811774,9000 FREY RD,Houston,TX,770343506,Social Worker,Organization,,"""Gardner House"" Houston TX mental health practice"
1386825305,Garner And Associates,7133050892,6327 CALHOUN RD,Houston,TX,770213935,"Social Worker, Clinical",Organization,,"""Garner And Associates"" Houston TX mental health practice"
1255077327,Gem Healing Group,2819073797,16770 IMPERIAL VALLEY DR STE 145,Houston,TX,770603408,"Social Worker, Clinical",Organization,,"""Gem Healing Group"" Houston TX mental health practice"
1811935265,Geriatric Evaluation And Mental Health Services,8324482800,12012 WICKCHESTER LN SUITE 550,Houston,TX,770791229,"Counselor, Professional",Organization,,"""Geriatric Evaluation And Mental Health Services"" Houston TX mental health practice"
1306598545,Gericare Behavioral Health,7138049120,7926 WOLFIELD LN,Houston,TX,770712039,"Social Worker, Clinical",Organization,https://gericarebehavioralhealth.com/,"""Gericare Behavioral Health"" Houston TX mental health practice"
1548101983,Gibson Arm's,3465206877,8207 BARLOW ST,Houston,TX,770285401,"Counselor, Mental Health",Organization,,"""Gibson Arm's"" Houston TX mental health practice"
1558860650,Giles Counseling And Psychotherapy,3372587842,5909 WEST LOOP S,Bellaire,TX,774012402,"Social Worker, Clinical",Organization,https://gilescounseling.com/,"""Giles Counseling And Psychotherapy"" Bellaire TX mental health practice"
1336938380,Gk Preserve Group,9172945137,2511 WILLOWICK RD APT 532,Houston,TX,770273977,"Social Worker, Clinical",Organization,https://gkpreservetherapy.com/,"""Gk Preserve Group"" Houston TX mental health practice"
1124580246,Glowell,5016839365,1919 TAYLOR ST STE F1230,Houston,TX,770073973,"Counselor, Mental Health",Organization,https://www.glowellhealth.com/,"""Glowell"" Houston TX mental health practice"
1629348024,Gogjgroup,7136419066,7201 VILLAGE WAY,Houston,TX,770872906,"Social Worker, Clinical",Organization,,"""Gogjgroup"" Houston TX mental health practice"
1386428233,Golden Hour Therapies,5129882557,1513 WYCLIFFE DR # B,Houston,TX,770434805,"Social Worker, Clinical",Organization,https://www.goldenhourtherapies.com/howiwork,"""Golden Hour Therapies"" Houston TX mental health practice"
1548291644,Gomez Counseling & Consulting Services,7136600776,6300 W. LOOP SOUTH SUITE 575,Houston,TX,774012900,"Social Worker, Clinical",Organization,https://gomezcounselingconsulting.com/,"""Gomez Counseling & Consulting Services"" Houston TX mental health practice"
1194402495,Good Grief Counseling,3462048713,540 N SUPER ST,Houston,TX,770111042,"Social Worker, Clinical",Organization,https://www.griefrecoveryhouston.com/,"""Good Grief Counseling"" Houston TX mental health practice"
1851052013,Gorgeous Minds Counseling,3462024761,12645 MEMORIAL DR SUITE F1 351,Houston,TX,77024,"Social Worker, Clinical",Organization,https://www.gorgeousmindscounseling.com/,"""Gorgeous Minds Counseling"" Houston TX mental health practice"
1497121065,Hannah Golub Lcsw,7137243516,4119 MONTROSE BLVD SUITE 150,Houston,TX,770064963,"Social Worker, Clinical",Organization,,"""Hannah Golub Lcsw"" Houston TX mental health practice"
1952022337,Harmony Road Recovery,9152718971,5741 BELDING DR STE B,El Paso,TX,799253303,"Clinic/Center, Rehabilitation, Substance Use Disorder",Organization,https://www.harmonyroadrecovery.org/,"""Harmony Road Recovery"" El Paso TX mental health practice"
1356352363,Harris Healthcare Group,7135749035,8323 SOUTHWEST FWY SUITE 561,Houston,TX,770741615,Family Medicine,Organization,https://www.harriscomputer.com/leadership,"""Harris Healthcare Group"" Houston TX mental health practice"
1275975765,Heal Rite Wellness Community Mental Health Care Centre,8323736316,5103 LANGLEY RD,Houston,TX,770162917,Psychologist,Organization,,"""Heal Rite Wellness Community Mental Health Care Centre"" Houston TX mental health practice"
1780338129,Healing Hearts Presents Reality Productions,8322631241,17550 W LITTLE YORK RD STE 7,Houston,TX,770846321,"Social Worker, Clinical",Organization,,"""Healing Hearts Presents Reality Productions"" Houston TX mental health practice"
1871014993,Healing Place Therapy Center,7134122729,56 SUGAR CREEK CENTER BLVD STE 160,Sugar Land,TX,774784071,"Social Worker, Clinical",Organization,http://www.thehealingplacetherapy.com/,"""Healing Place Therapy Center"" Sugar Land TX mental health practice"
1225050263,Healthtex Healthcare Services,7137741980,9100 SOUTHWEST FWY SUITE 231,Houston,TX,770741519,"Social Worker, Clinical",Organization,,"""Healthtex Healthcare Services"" Houston TX mental health practice"
1306344023,Heights Anxiety And Depression Center,8329402352,1415 NORTH LOOP W STE 940,Houston,TX,770085602,"Social Worker, Clinical",Organization,,"""Heights Anxiety And Depression Center"" Houston TX mental health practice"
1114454485,Heirine Healthcare,2817173099,6709 PARKHURST DR,Houston,TX,770284413,"Social Worker, Clinical",Organization,,"""Heirine Healthcare"" Houston TX mental health practice"
1477173243,Helpful Interventions,2812722206,110 CYPRESS STATION DR STE 114,Houston,TX,770901626,"Counselor, Mental Health",Organization,,"""Helpful Interventions"" Houston TX mental health practice"
1184100026,Holistic Kidney Counseling,2816737950,2500 WILCREST DR,Houston,TX,770422752,"Social Worker, Clinical",Organization,https://holistickidneycounseling.com/,"""Holistic Kidney Counseling"" Houston TX mental health practice"
1376164772,Hopeful Texas,7139653801,1100 NASA PKWY STE 110,Houston,TX,770583325,"Counselor, Professional",Organization,,"""Hopeful Texas"" Houston TX mental health practice"
1477795417,Houston Area Community Services,7134260027,2150 W 18TH ST SUITE 300,Houston,TX,770085200,"Clinic/Center, Federally Qualified Health Center (FQHC)",Organization,,"""Houston Area Community Services"" Houston TX mental health practice"
1932805843,Houston Heights Therapy,7139094923,842 E 29TH ST,Houston,TX,770091026,"Social Worker, Clinical",Organization,https://heightsfamilycounseling.com/blog/2021/3/1/your-worth-is-not-up-for-discussion,"""Houston Heights Therapy"" Houston TX mental health practice"
1396828117,Houston Injury & Rehab Center,7133309100,10932 EAST FWY,Houston,TX,770291912,"Social Worker, Clinical",Organization,,"""Houston Injury & Rehab Center"" Houston TX mental health practice"
1528364015,Houston Professionals In Early Recovery,7138615656,550 WESTCOTT ST SUITE 420,Houston,TX,770079015,"Social Worker, Clinical",Organization,,"""Houston Professionals In Early Recovery"" Houston TX mental health practice"
1114699741,Houston Therapy,7138933626,4646 WILD INDIGO ST STE 150,Houston,TX,770277190,Psychologist,Organization,,"""Houston Therapy"" Houston TX mental health practice"
1679496327,Huemanity Wellness,8322366211,3007 CAROLINE ST,Houston,TX,77004,Counselor,Organization,,"""Huemanity Wellness"" Houston TX mental health practice"
1407513724,Hughes Placement Coordinator,8328657390,11707 SHARPVIEW DR,Houston,TX,770722807,"Clinic/Center, Adult Day Care",Organization,,"""Hughes Placement Coordinator"" Houston TX mental health practice"
1679062269,Human State Of Mind Counseling,2102883699,535 W 20TH ST STE 205,Houston,TX,770083660,"Social Worker, Clinical",Organization,,"""Human State Of Mind Counseling"" Houston TX mental health practice"
1346066032,Humanity United For Equity Foundation,8324027943,5444 WESTHEIMER RD STE 1000,Houston,TX,770565318,"Clinic/Center, Multi-Specialty",Organization,,"""Humanity United For Equity Foundation"" Houston TX mental health practice"
1316614811,Hurdle Clinical Group,7242508855,2950 NORTH LOOP W STE 500,Houston,TX,770928830,"Social Worker, Clinical",Organization,,"""Hurdle Clinical Group"" Houston TX mental health practice"
1093642746,I Pressed On Therapy & Consulting For Resilient Futures,8325198090,3707 CYPRESS CREEK PKWY STE 310-2152,Houston,TX,770683526,"Social Worker, Clinical",Organization,,"""I Pressed On Therapy & Consulting For Resilient Futures"" Houston TX mental health practice"
1982335436,Imagine Pediatrics,8332087770,3200 SOUTHWEST FWY STE 2100,Houston,TX,770277525,Pediatrics,Organization,https://www.imaginepediatrics.org/how-it-works/,"""Imagine Pediatrics"" Houston TX mental health practice"
1851749220,Impact Counseling And Wellness,7132942439,3531 DE SOTO ST,Houston,TX,770913719,"Counselor, Professional",Organization,,"""Impact Counseling And Wellness"" Houston TX mental health practice"
1124717715,Innerlight Community Advocates,8323874368,2000 CRAWFORD ST STE 1650,Houston,TX,770021072,Case Management,Organization,https://www.innerlightadvocates.com/,"""Innerlight Community Advocates"" Houston TX mental health practice"
1083360069,Innerspace,8774663701,19 BRIAR HOLLOW LANE SUITE 120,Houston,TX,77027,"Psychiatry & Neurology, Child & Adolescent Psychiatry",Organization,,"""Innerspace"" Houston TX mental health practice"
1124705421,Innovative Consulting,2817937111,4400 S WAYSIDE DR STE 101,Houston,TX,770871125,"Counselor, Mental Health",Organization,https://innovativeconsultingus.com/about-us,"""Innovative Consulting"" Houston TX mental health practice"
1619353471,Innovative Counseling Options Of Houston,2819469567,5900 MEMORIAL DR STE 218,Houston,TX,770078008,"Social Worker, Clinical",Organization,,"""Innovative Counseling Options Of Houston"" Houston TX mental health practice"
1255186730,Integral Provider Solutions,2819094346,24044 CINCO VILLAGE CENTER BLVD,Katy,TX,774948432,Counselor,Organization,,"""Integral Provider Solutions"" Katy TX mental health practice"
1336822956,Ittherapy,8326171691,1111 RUSK ST APT 212,Houston,TX,770023439,"Social Worker, Clinical",Organization,,"""Ittherapy"" Houston TX mental health practice"
1982894515,James M Rorie Jr,7133650700,11211 KATY FWY SUITE 320,Houston,TX,770792126,"Counselor, Mental Health",Organization,,"""James M Rorie Jr"" Houston TX mental health practice"
1578351029,Jamie L Loveland,2819531188,2211 NORFOLK ST STE 990,Houston,TX,770984055,"Social Worker, Clinical",Organization,https://jamieloveland.com/about,"""Jamie L Loveland"" Houston TX mental health practice"
1548915812,Jem Wellness & Counseling,8325684681,3131 EASTSIDE ST STE 415,Houston,TX,770981919,"Counselor, Mental Health",Organization,https://jemwellnesscenter.com/about/,"""Jem Wellness & Counseling"" Houston TX mental health practice"
1407650286,Jewish Family Service,7139867801,4131 S BRAESWOOD BLVD,Houston,TX,770253392,"Social Worker, Clinical",Organization,,"""Jewish Family Service"" Houston TX mental health practice"
1245387919,Jewish Family Service,7136679336,4131 S BRAESWOOD BLVD,Houston,TX,770253306,"Social Worker, Clinical",Organization,,"""Jewish Family Service"" Houston TX mental health practice"
1780498204,Jgraves Therapy,8322323332,5629 FM 1960 RD W STE 218,Houston,TX,770694215,"Social Worker, Clinical",Organization,,"""Jgraves Therapy"" Houston TX mental health practice"
1871242982,Jhs Therapy,2813101262,2206 GARDENIA DR,Houston,TX,770184610,"Social Worker, Clinical",Organization,https://jhstherapy.com/,"""Jhs Therapy"" Houston TX mental health practice"
1144920794,Johnson-james Group,7753487422,1908 ACACIAWOOD WAY,Houston,TX,770510006,"Social Worker, Clinical",Organization,,"""Johnson-james Group"" Houston TX mental health practice"
1194962522,Jonette Malone,7138829114,16850 SATURN LN SUITE 100,Houston,TX,770582143,"Social Worker, Clinical",Organization,,"""Jonette Malone"" Houston TX mental health practice"
1497122055,Julia's Counseling & Play Therapy Group,8323038933,14760 MEMORIAL DR STE 201,Houston,TX,770795232,"Social Worker, Clinical",Organization,https://www.juliascounseling.com/forms,"""Julia's Counseling & Play Therapy Group"" Houston TX mental health practice"
1285357228,Just Wright Therapeutic Solutions,8328560924,11500 NORTHWEST FWY STE 500,Houston,TX,770926535,"Social Worker, Clinical",Organization,https://justwrighttherapeuticsolutions.com/,"""Just Wright Therapeutic Solutions"" Houston TX mental health practice"
1720832314,K.c. Raney Lcsw,7139877731,4220 PURDUE ST,Houston,TX,770051042,"Social Worker, Clinical",Organization,https://www.kcraneylcsw.com/,"""K.c. Raney Lcsw"" Houston TX mental health practice"
1285438051,Kabe's Counseling & Consulting,2818628791,2799 KATY FWY STE 250,Houston,TX,770074629,"Social Worker, Clinical",Organization,,"""Kabe's Counseling & Consulting"" Houston TX mental health practice"
1154250322,Kalinec Therapy,8322256426,540 HEIGHTS BLVD STE 320,Houston,TX,770072552,"Social Worker, Clinical",Organization,,"""Kalinec Therapy"" Houston TX mental health practice"
1770832644,Kay Lynn Jenkins Counseling Services,7137309424,1612 ROSEWOOD ST,Houston,TX,770044933,"Social Worker, Clinical",Organization,,"""Kay Lynn Jenkins Counseling Services"" Houston TX mental health practice"
1417484114,Kidz-r-us,9364993720,12808 VETERANS MEMORIAL DR,Houston,TX,770142004,General Practice,Organization,,"""Kidz-r-us"" Houston TX mental health practice"
1184448896,Kindred Therapy Services,3465605829,1980 POST OAK BLVD STE 200,Houston,TX,770563877,"Social Worker, Clinical",Organization,https://www.kindredtherapyservicesllc.com/,"""Kindred Therapy Services"" Houston TX mental health practice"
1255940722,Lagrue,8323649413,888 W SAM HOUSTON PKWY S STE 280,Houston,TX,770421991,"Social Worker, Clinical",Organization,,"""Lagrue"" Houston TX mental health practice"
1114386257,Leanne Peterson,2039037005,5311 KIRBY DR #204,Houston,TX,770051364,"Social Worker, Clinical",Organization,https://www.leannepeterson.com/,"""Leanne Peterson"" Houston TX mental health practice"
1841739372,Leigha Ortego Psychotherapy,7134709878,900 LOVETT BLVD,Houston,TX,770063908,"Social Worker, Clinical",Organization,,"""Leigha Ortego Psychotherapy"" Houston TX mental health practice"
1184909160,Life Change Family Services And Counseling,2814674568,1110 MARNE LN,Houston,TX,770901231,"Social Worker, Clinical",Organization,https://lifechangefamilyservicesandcounseling.wordpress.com/tag/houston-texas/,"""Life Change Family Services And Counseling"" Houston TX mental health practice"
1770456204,Life Wellness & Counseling Center,8327378820,11767 KATY FWY STE 412,Houston,TX,770791700,"Social Worker, Clinical",Organization,https://www.lifewellnesstherapy.com/,"""Life Wellness & Counseling Center"" Houston TX mental health practice"
1912229824,Life's Work Counseling,2814148122,10330 LAKE RD BLDG E,Houston,TX,770701695,"Social Worker, Clinical",Organization,https://www.lifepointhealth.net/behavioral-health,"""Life's Work Counseling"" Houston TX mental health practice"
1366808115,Lifeway International Houston,7132706753,10110 W SAM HOUSTON PKWY S SUITE 110,Houston,TX,770995152,"Social Worker, Clinical",Organization,,"""Lifeway International Houston"" Houston TX mental health practice"
1265293625,Limbic Optimind.pllc,8328882410,12333 SOWDEN RD. STE. B #199107,Houston,TX,770807708,"Social Worker, Clinical",Organization,,"""Limbic Optimind.pllc"" Houston TX mental health practice"
1427555457,Linda Chase Lcsw,7135339335,4119 MONTROSE BLVD STE 220,Houston,TX,770064964,"Social Worker, Clinical",Organization,,"""Linda Chase Lcsw"" Houston TX mental health practice"
1184666828,Living Full Circle,7136600776,6300 W LOOP SOUTH SUITE 575,Houston,TX,774012900,"Social Worker, Clinical",Organization,,"""Living Full Circle"" Houston TX mental health practice"
1700281755,Liz Steele,2817966049,738 HIGHWAY 6 S SUITE 300,Houston,TX,770794015,"Social Worker, Clinical",Organization,,"""Liz Steele"" Houston TX mental health practice"
1295411403,Love Sex And Happiness,3464356710,3100 WILCREST DR STE 155,Houston,TX,770423549,"Social Worker, Clinical",Organization,,"""Love Sex And Happiness"" Houston TX mental health practice"
1881546273,Love&care,8323647978,1225 NORTH LOOP W STE 935,Houston,TX,770081763,"Social Worker, Clinical",Organization,,"""Love&care"" Houston TX mental health practice"
1376712455,Madie Enterprise Inc Dba Old Yale Adult Day Care,7136956100,4414 OLD YALE ST,Houston,TX,770184506,"Clinic/Center, Adult Day Care",Organization,,"""Madie Enterprise Inc Dba Old Yale Adult Day Care"" Houston TX mental health practice"
1366322463,Mar'cola Social Service Agency,8323292965,3050 POST OAK BLVD STE 510,Houston,TX,770566512,Community/Behavioral Health,Organization,,"""Mar'cola Social Service Agency"" Houston TX mental health practice"
1265396840,Mary Duran Lcsw Pllc Dba Healing Lane Therapy,7139090887,5252 WESTCHESTER ST STE 170,Houston,TX,770054144,"Social Worker, Clinical",Organization,https://healinglanetherapy.com/terms-of-use,"""Mary Duran Lcsw Pllc Dba Healing Lane Therapy"" Houston TX mental health practice"
1699133686,Maximum Psych Solutions,7132129701,5322 SAN PABLO GARDENS DR,Houston,TX,770454061,"Social Worker, Clinical",Organization,,"""Maximum Psych Solutions"" Houston TX mental health practice"
1871372698,Mcneil Supervision & Consultation S,8326431488,10603 KIRKSIDE DR,Houston,TX,770964728,"Social Worker, Clinical",Organization,https://www.mcneilsupervision.com/,"""Mcneil Supervision & Consultation S"" Houston TX mental health practice"
1881435105,Me Myself And Healing Alexis Campbell Counseling Services,3464385756,2200 NORTH LOOP W STE NO344,Houston,TX,770188009,"Social Worker, Clinical",Organization,,"""Me Myself And Healing Alexis Campbell Counseling Services"" Houston TX mental health practice"
1760427512,Menelik Group,7136953742,1310 FRAWLEY ST,Houston,TX,770093428,"Social Worker, Clinical",Organization,,"""Menelik Group"" Houston TX mental health practice"
1043832942,Merite Counseling And Consulting Services,2818583873,6910 BELLAIRE BLVD STE 9,Houston,TX,770743546,"Social Worker, Clinical",Organization,https://www.meritecounseling.com/home/about-us,"""Merite Counseling And Consulting Services"" Houston TX mental health practice"
1902754344,Meyertons Counseling,8327435597,5444 WESTHEIMER RD STE 1000,Houston,TX,770565318,"Social Worker, Clinical",Organization,https://www.meyertonscounseling.com/,"""Meyertons Counseling"" Houston TX mental health practice"
1760244321,Mhi Houston,9723337946,13215 DOTSON RD STE 210,Houston,TX,770704535,"Counselor, Mental Health",Organization,,"""Mhi Houston"" Houston TX mental health practice"
1568655520,Michael J. & Joann Butera,7135240142,1801 LEXINGTON ST,Houston,TX,770984303,"Social Worker, Clinical",Organization,,"""Michael J. & Joann Butera"" Houston TX mental health practice"
1720141203,Milstead Associates,7134726800,1900 STRAWBERRY ROAD SUITE D,Pasadena,TX,775022625,"Social Worker, Clinical",Organization,,"""Milstead Associates"" Pasadena TX mental health practice"
1033804919,Mind X,2813059562,1352 W 25TH ST,Houston,TX,770081618,"Social Worker, Clinical",Organization,,"""Mind X"" Houston TX mental health practice"
1063728251,Mind Body & Soul,2819067134,1400 BROADFIELD BLVD STE 200,Houston,TX,770845162,"Counselor, Mental Health",Organization,,"""Mind Body & Soul"" Houston TX mental health practice"
1750681466,Mindex Consulting,7137823799,7447 HARWIN DR STE 217,Houston,TX,770362028,"Social Worker, Clinical",Organization,https://mindexgroup.com/,"""Mindex Consulting"" Houston TX mental health practice"
1134543507,Mona Mentors Community Agency,7132662090,507 N SAM HOUSTON PKWY E SUITE 125,Houston,TX,770604021,Community/Behavioral Health,Organization,,"""Mona Mentors Community Agency"" Houston TX mental health practice"
1639743610,Moore Guderian Mindful Solutions,2812622230,24 GREENWAY PLZ STE 1800,Houston,TX,770462457,"Social Worker, Clinical",Organization,,"""Moore Guderian Mindful Solutions"" Houston TX mental health practice"
1013613439,Mullinax Counseling,2816399180,16225 PARK TEN PL STE 500,Houston,TX,770845152,"Social Worker, Clinical",Organization,,"""Mullinax Counseling"" Houston TX mental health practice"
1467264366,Myndful Impact,2602468800,13100 WORTHAM CENTER DR STE 366,Houston,TX,770655635,"Social Worker, Clinical",Organization,,"""Myndful Impact"" Houston TX mental health practice"
1174335087,Myndful Outreach,2602468800,13100 WORTHAM CENTER DR STE 366,Houston,TX,770655635,"Social Worker, Clinical",Organization,https://www.myndfulenterprises.org/outreach-programs,"""Myndful Outreach"" Houston TX mental health practice"
1134008162,Neopath Counseling & Wellness,7578393401,1201 FANNIN ST STE 262,Houston,TX,770026943,"Social Worker, Clinical",Organization,,"""Neopath Counseling & Wellness"" Houston TX mental health practice"
1568822666,New Beginnings Counseling Services,8326083585,16903 RED OAK DR SUITE 264-B,Houston,TX,770903914,"Social Worker, Clinical",Organization,https://www.newbeginningstherapists.com/,"""New Beginnings Counseling Services"" Houston TX mental health practice"
1073882338,Newsom Psychological Associates,7136401700,2646 S LOOP W STE 422,Houston,TX,770542678,Psychologist,Organization,,"""Newsom Psychological Associates"" Houston TX mental health practice"
1629934393,Next Play Wellness,2815244295,2990 RICHMOND AVE,Houston,TX,770983104,"Social Worker, Clinical",Organization,https://www.nextplaywellness.com/next-play-athlete-wellness-day,"""Next Play Wellness"" Houston TX mental health practice"
1427989573,Nme Holdings,8327367652,6110 SIENNA RANCH RD STE 104,Missouri City,TX,774597184,Behavior Analyst,Organization,,"""Nme Holdings"" Missouri City TX mental health practice"
1376168393,No More Excuses,8324792871,2230 ANZIO CT,Missouri City,TX,774592264,"Registered Nurse, Home Health",Organization,,"""No More Excuses"" Missouri City TX mental health practice"
1780430132,Nurture And Nature Therapy Center,2817526890,17047 EL CAMINO REAL STE 215,Houston,TX,770582643,"Social Worker, Clinical",Organization,,"""Nurture And Nature Therapy Center"" Houston TX mental health practice"
1093404212,Nurturing Hands Behavioral Healthcare,2818401814,6767 BENNINGTON ST APT 512,Houston,TX,770284274,"Clinic/Center, Mental Health (Including Community Mental Health Center)",Organization,https://nurturinghandsbehavioralhealth.com/,"""Nurturing Hands Behavioral Healthcare"" Houston TX mental health practice"
1801506498,Oaks Counseling Associates,2818880578,1225 NORTH LOOP W STE 825,Houston,TX,770081775,"Counselor, Mental Health",Organization,https://oakscounselingassociates.com/,"""Oaks Counseling Associates"" Houston TX mental health practice"
1457384125,Oasis Intervention Systems,8324482800,12012 WICKCHESTER LN SUITE 550,Houston,TX,770791229,"Psychologist, Clinical",Organization,,"""Oasis Intervention Systems"" Houston TX mental health practice"
1861292906,Ohana Social Work Consultants,6197213749,14505 TORREY CHASE BLVD # 103-1,Houston,TX,770141020,"Social Worker, Clinical",Organization,https://www.ohanaswc.com/,"""Ohana Social Work Consultants"" Houston TX mental health practice"
1629536578,On Site Counseling Of Colorado,7139428100,3007 CAROLINE ST,Houston,TX,770042822,Psychologist,Organization,,"""On Site Counseling Of Colorado"" Houston TX mental health practice"
1356763353,On Site Counseling Of Kentucky,7139428100,3007 CAROLINE ST,Houston,TX,770042822,"Psychologist, Clinical",Organization,,"""On Site Counseling Of Kentucky"" Houston TX mental health practice"
1710315197,On Site Counseling Of Tennessee,7139428100,3007 CAROLINE ST,Houston,TX,770042822,"Psychologist, Clinical",Organization,,"""On Site Counseling Of Tennessee"" Houston TX mental health practice"
1720353048,On Site Counseling,7139428100,3007 CAROLINE ST,Houston,TX,770042822,"Social Worker, Clinical",Organization,https://onsite-counseling.com/,"""On Site Counseling"" Houston TX mental health practice"
1770858458,On Site Mental Health Services,7139428100,3007 CAROLINE ST,Houston,TX,770042822,"Social Worker, Clinical",Organization,,"""On Site Mental Health Services"" Houston TX mental health practice"
1013654094,Onpurpose Services,8328567449,"13100 WORTHAM CENTER DR 3RD FL, STE 67",Houston,TX,77065,Community/Behavioral Health,Organization,,"""Onpurpose Services"" Houston TX mental health practice"
1437815800,Open Heart Open Mind,5028516485,15200 MEMORIAL DR UNIT 3111,Houston,TX,770792657,"Social Worker, Clinical",Organization,,"""Open Heart Open Mind"" Houston TX mental health practice"
1073282778,Optimize Your Living Counseling Center,3464974116,16757 SQUYRES RD STE 110,Spring,TX,773797294,"Counselor, Mental Health",Organization,,"""Optimize Your Living Counseling Center"" Spring TX mental health practice"
1184241192,Optimum Counseling,8776784260,5161 SAN FELIPE ST STE 320-5252,Houston,TX,770563633,"Social Worker, Clinical",Organization,https://optimumcounseling.setmore.com/,"""Optimum Counseling"" Houston TX mental health practice"
1144770892,Parker Place Property Owners Associations,2814493233,10914 BRIDLEPARK CIR,Houston,TX,770161890,"Community Based Residential Treatment Facility, Intellectual and/or Developmental Disabilities",Organization,,"""Parker Place Property Owners Associations"" Houston TX mental health practice"
1437345030,Pathway,7132987786,6440 HILLCROFT ST STE 312,Houston,TX,770813104,"Social Worker, Clinical",Organization,https://illuminatedpathways-therapy.net/articles/counselor-houston-tx-amazing-counselors/,"""Pathway"" Houston TX mental health practice"
1043967144,Pathways Behavioral Health,2256369827,440 LOUISIANA ST STE 803,Houston,TX,770021639,Case Management,Organization,,"""Pathways Behavioral Health"" Houston TX mental health practice"
1295592087,Paz Wellness,2816736070,1454 CAMPBELL RD STE 201,Houston,TX,770554604,"Social Worker, Clinical",Organization,,"""Paz Wellness"" Houston TX mental health practice"
1669945192,Persha Counseling,7133648645,14760 MEMORIAL DR STE 107,Houston,TX,770795230,"Social Worker, Clinical",Organization,https://brittanipershacounseling.com/,"""Persha Counseling"" Houston TX mental health practice"
1083428569,Peter Project Outreach,2819855220,6671 SOUTHWEST FWY # 685,Houston,TX,770742212,Case Management,Organization,,"""Peter Project Outreach"" Houston TX mental health practice"
1093028573,Pgr,2812219992,9639 HILLCROFT AVENUE 888,Houston,TX,770963805,"Psychologist, Clinical",Organization,https://uofgpgrblog.squarespace.com/pgrblog/2020/12/01/mindyourmind,"""Pgr"" Houston TX mental health practice"
1285947887,Pgr,2812219992,9639 HILLCROFT AVE. # 888,Houston,TX,770963805,"Psychologist, Clinical",Organization,https://uofgpgrblog.squarespace.com/pgrblog/2020/12/01/mindyourmind,"""Pgr"" Houston TX mental health practice"
1932979630,Physicians Transitional Care Group,7135926776,1328 S LOOP W STE 220,Houston,TX,770544008,Family Medicine,Organization,,"""Physicians Transitional Care Group"" Houston TX mental health practice"
1477178440,Positive Life & Learning Solutions,7134975540,"10023 MAIN ST C-4 HOUSTON, TX 77025",Houston,TX,770251166,Case Management,Organization,https://www.positivelifelearning.org/contact-us/,"""Positive Life & Learning Solutions"" Houston TX mental health practice"
1578388112,Positive Steps Counseling,8323350174,6414 ANNUNCIATION ST,Houston,TX,770162102,"Social Worker, Clinical",Organization,https://positivestepscounseling.com/team/,"""Positive Steps Counseling"" Houston TX mental health practice"
1366984684,Practice Intergrated Behavioral Health,8322484636,627 W 19TH ST SUITE 203,Houston,TX,77008,"Counselor, Professional",Organization,,"""Practice Intergrated Behavioral Health"" Houston TX mental health practice"
1700430485,Prestigious Counseling & Consulting Services,7139096961,3000 WESLAYAN ST SUITE #265,Houston,TX,77027,"Social Worker, Clinical",Organization,,"""Prestigious Counseling & Consulting Services"" Houston TX mental health practice"
1326488073,Prevail Counseling & Forensic Mental Health Consulting,9364439629,620 LONGMIRE RD,Conroe,TX,773041819,"Clinic/Center, Mental Health (Including Community Mental Health Center)",Organization,,"""Prevail Counseling & Forensic Mental Health Consulting"" Conroe TX mental health practice"
1285409359,Private Practice For Black Girls,8325597520,14405 WALTERS RD STE 1016,Houston,TX,770141493,"Social Worker, Clinical",Organization,,"""Private Practice For Black Girls"" Houston TX mental health practice"
1881850923,Prosperity In Health,8323435931,4903 RIDGE HARBOR DR,Houston,TX,770535319,"Social Worker, Clinical",Organization,,"""Prosperity In Health"" Houston TX mental health practice"
1669720504,Psych On Site Of Florida,7135282328,3007 CAROLINE ST,Houston,TX,770042822,"Social Worker, Clinical",Organization,,"""Psych On Site Of Florida"" Houston TX mental health practice"
1922367234,Psych On Site Of Indiana,7139428100,3007 CAROLINE ST,Houston,TX,770042822,"Social Worker, Clinical",Organization,,"""Psych On Site Of Indiana"" Houston TX mental health practice"
1710309711,Psych On Site Of Kentucky,7135282328,3007 CAROLINE ST,Houston,TX,770042822,"Psychologist, Clinical",Organization,,"""Psych On Site Of Kentucky"" Houston TX mental health practice"
1780939579,Psych On Site Of North Carolina,7135282328,3007 CAROLINE ST,Houston,TX,770042822,"Social Worker, Clinical",Organization,,"""Psych On Site Of North Carolina"" Houston TX mental health practice"
1205195328,Psych On Site Of South Carolina,7135282328,3007 CAROLINE ST,Houston,TX,770042822,"Social Worker, Clinical",Organization,,"""Psych On Site Of South Carolina"" Houston TX mental health practice"
1992133375,Psych On Site Of Tennessee,7135282328,3007 CAROLINE ST,Houston,TX,770042822,"Psychologist, Clinical",Organization,,"""Psych On Site Of Tennessee"" Houston TX mental health practice"
1497041636,Psychological Center,7138500049,4635 SOUTHWEST FWY STE 635,Houston,TX,770277112,Psychologist,Organization,https://granburypsychologicalcenter.com/,"""Psychological Center"" Houston TX mental health practice"
1972898344,Psychological Holdings,7138500049,4314 YOAKUM BLVD,Houston,TX,770065818,Psychologist,Organization,,"""Psychological Holdings"" Houston TX mental health practice"
1225684814,Psykhe Incorporated,2813024148,4606 FM 1960 RD W STE 600,Houston,TX,770694613,Community/Behavioral Health,Organization,https://www.psykheinc.com/,"""Psykhe Incorporated"" Houston TX mental health practice"
1881970382,Quality Behavior & Health Services,2818791728,12935 OLD RICHMOND RD,Houston,TX,770992246,"Social Worker, Clinical",Organization,,"""Quality Behavior & Health Services"" Houston TX mental health practice"
1053031104,Ready Therapeutic Solutions,7139623819,12337 JONES RD STE 408,Houston,TX,770704845,"Social Worker, Clinical",Organization,https://readytherapeuticsolutions.com/contact-us,"""Ready Therapeutic Solutions"" Houston TX mental health practice"
1689545899,Real Worx Therapy,8324604926,701 N POST OAK RD STE 145,Houston,TX,770243923,"Social Worker, Clinical",Organization,,"""Real Worx Therapy"" Houston TX mental health practice"
1144147562,Recovery Tides,7132814423,950 ECHO LN STE 200,Houston,TX,770242822,"Social Worker, Clinical",Organization,https://www.beachesrecovery.com/rehab-blog/molly-vs-ecstasy-whats-the-difference/,"""Recovery Tides"" Houston TX mental health practice"
1801550231,Reinforcing Houston,8004026311,5600 NW CENTRAL DR STE 142,Houston,TX,770922071,"Counselor, Mental Health",Organization,,"""Reinforcing Houston"" Houston TX mental health practice"
1568599785,Remedi Plus,8328915127,4141 SW FWY STE. 510,Houston,TX,770277313,"Social Worker, Clinical",Organization,,"""Remedi Plus"" Houston TX mental health practice"
1841163862,Renaissance Mental Health,7139558829,540 HEIGHTS BLVD,Houston,TX,770072552,"Social Worker, Clinical",Organization,https://renaissancementalhealth.com/,"""Renaissance Mental Health"" Houston TX mental health practice"
1255281218,Renew Yu Counseling & Mental Wellness,2818298887,11111 KATY FREEWAY STE 911,Houston,TX,77079,"Social Worker, Clinical",Organization,,"""Renew Yu Counseling & Mental Wellness"" Houston TX mental health practice"
1942828009,Reset Your Path,7135628130,2200 NORTH LOOP W STE 130,Houston,TX,770181755,Counselor,Organization,,"""Reset Your Path"" Houston TX mental health practice"
1225745904,Resilience Counseling And Wellness,8328109534,4801 WOODWAY DR STE 435W,Houston,TX,770561875,"Counselor, Professional",Organization,,"""Resilience Counseling And Wellness"" Houston TX mental health practice"
1497470090,Restoration House Alcohol And Drug Education Services,7138322027,501 CONGRESS AVE STE 150,Austin,TX,787013575,"Counselor, Mental Health",Organization,https://www.texasdrugoffenderclass.com/,"""Restoration House Alcohol And Drug Education Services"" Austin TX mental health practice"
1356199053,Retrospective Wellness,8324097242,1880 S DAIRY ASHFORD RD STE 207,Houston,TX,770774759,Case Management,Organization,https://www.retrospectivewellnessgroup.com/,"""Retrospective Wellness"" Houston TX mental health practice"
1063002632,Reverence Equality Healthcare,3463293181,11811 NORTH FWY STE 100,Houston,TX,770603244,Nurse Practitioner,Organization,,"""Reverence Equality Healthcare"" Houston TX mental health practice"
1801532320,Revitalized Resilience,4103227595,500 CRAWFORD ST APT 539,Houston,TX,770022265,"Social Worker, Clinical",Organization,https://www.revitalizedresilience.com/,"""Revitalized Resilience"" Houston TX mental health practice"
1508451956,Riaz Counseling,3466108778,5353 W ALABAMA ST STE 570,Houston,TX,770565999,"Counselor, Mental Health",Organization,https://www.riazcounseling.com/,"""Riaz Counseling"" Houston TX mental health practice"
1053953174,Riverunbroken Trauma Counseling,8322804054,5870 HIGHWAY 6 N STE 311,Houston,TX,770841857,"Social Worker, Clinical",Organization,,"""Riverunbroken Trauma Counseling"" Houston TX mental health practice"
1376407023,Rock Soterion Kingdom Counseling Center,8328191096,4101 BROADWAY ST,Houston,TX,770874705,"Counselor, Mental Health",Organization,,"""Rock Soterion Kingdom Counseling Center"" Houston TX mental health practice"
1134606981,Rsmith-counseling,2818509336,480 N SAM HOUSTON PKWY E STE 308,Houston,TX,770603586,"Counselor, Professional",Organization,,"""Rsmith-counseling"" Houston TX mental health practice"
1881365310,Safe Healing Space,2533476949,7922 BOOKER ST,Houston,TX,770285506,"Social Worker, Clinical",Organization,https://hopeandhealingcenter.org/get-help-hope-line/,"""Safe Healing Space"" Houston TX mental health practice"
1508632555,Safe Mind Space Counseling Group,4094199189,1335 REGENTS PARK DR STE 140,Houston,TX,770582558,"Social Worker, Clinical",Organization,http://safemindspacecg.com/about/,"""Safe Mind Space Counseling Group"" Houston TX mental health practice"
1033136700,Sage Institute,7132561127,10333 NORTHWEST FWY STE 505,Houston,TX,770928219,"Social Worker, Clinical",Organization,,"""Sage Institute"" Houston TX mental health practice"
1619833605,Sagrada Familia Sanctuary,8324097163,8923 RAILTON ST,Houston,TX,770801746,"Clinic/Center, Adult Mental Health",Organization,,"""Sagrada Familia Sanctuary"" Houston TX mental health practice"
1124886486,Salem Therapeutics,8323080764,9800 PAGEWOOD LN APT 2605,Houston,TX,770425531,"Counselor, Professional",Organization,,"""Salem Therapeutics"" Houston TX mental health practice"
1235902529,Salty Sunshine,3464370777,4306 YOAKUM BLVD STE 510,Houston,TX,770065884,"Social Worker, Clinical",Organization,,"""Salty Sunshine"" Houston TX mental health practice"
1174209571,Santa Maria Hostel,7133012618,2605 PARKER ROAD,Houston,TX,77093,"Clinic/Center, Rehabilitation, Substance Use Disorder",Organization,https://santamariahostel.org/,"""Santa Maria Hostel"" Houston TX mental health practice"
1386525319,Scp Davison,8324813627,1524 3RD ST,Missouri City,TX,774891149,"Counselor, Professional",Organization,,"""Scp Davison"" Missouri City TX mental health practice"
1457618365,Selim Behavioral Health Network,7132927315,7324 SOUTHWEST FWY SUITE 835,Houston,TX,770742012,"Social Worker, Clinical",Organization,,"""Selim Behavioral Health Network"" Houston TX mental health practice"
1790733905,Senior Connections Of Texas,8324482800,605 N HIGHWAY 290,Elgin,TX,786212510,"Counselor, Professional",Organization,,"""Senior Connections Of Texas"" Elgin TX mental health practice"
1265705321,Senior Psych,7139428100,3007 CAROLINE ST,Houston,TX,770042822,"Social Worker, Clinical",Organization,,"""Senior Psych"" Houston TX mental health practice"
1649566795,Senior Psychological Care Dallas I,7138500049,4635 SOUTHWEST FWY STE 635,Houston,TX,770277112,Psychologist,Organization,,"""Senior Psychological Care Dallas I"" Houston TX mental health practice"
1245526490,Senior Psychological Care I,7138500049,4635 SOUTHWEST FWY STE 635,Houston,TX,770277112,Psychologist,Organization,,"""Senior Psychological Care I"" Houston TX mental health practice"
1205122355,Senior Psychological Care Sa I,7138500049,4635 SOUTHWEST FWY STE 635,Houston,TX,770277112,Psychologist,Organization,,"""Senior Psychological Care Sa I"" Houston TX mental health practice"
1912889080,Serve Joy,6154141402,14019 INLAND HILL ST,Houston,TX,770454599,"Social Worker, Clinical",Organization,,"""Serve Joy"" Houston TX mental health practice"
1740643642,Sga Services Texas,7138185374,2200 NORTH LOOP W SUITE 351,Houston,TX,770188009,"Social Worker, Clinical",Organization,,"""Sga Services Texas"" Houston TX mental health practice"
1790558484,Shiftwise Wellness,2816690698,2323 S VOSS RD,Houston,TX,770573814,"Social Worker, Clinical",Organization,https://www.shiftwisewellness.com/,"""Shiftwise Wellness"" Houston TX mental health practice"
1598604837,Sierra Leone Rural Mental Health Advocacy And Consultancy,3468475924,8007 BARNES RIDGE LN,Houston,TX,770720103,"Social Worker, Clinical",Organization,,"""Sierra Leone Rural Mental Health Advocacy And Consultancy"" Houston TX mental health practice"
1477115509,Silver Linings Counseling Services,7135972589,3880 GREENHOUSE RD STE 415,Houston,TX,770843486,"Social Worker, Clinical",Organization,https://www.silverliningsservices.com/,"""Silver Linings Counseling Services"" Houston TX mental health practice"
1609739879,Sims Social Services,7139850103,9894 BISSONNET ST STE 422,Houston,TX,770368442,Case Management,Organization,,"""Sims Social Services"" Houston TX mental health practice"
1033536255,Sorc,4193789212,11811 NORTH FWY STE 100,Houston,TX,770603244,Case Management,Organization,,"""Sorc"" Houston TX mental health practice"
1689435398,Soul Butterfly Healthcare,2819055586,810 HIGHWAY 6 S STE 203,Houston,TX,770794022,"Clinic/Center, Multi-Specialty",Organization,,"""Soul Butterfly Healthcare"" Houston TX mental health practice"
1700551447,Soulfully Urs,2818886137,9898 BISSONNET ST STE 470,Houston,TX,770368280,Community/Behavioral Health,Organization,,"""Soulfully Urs"" Houston TX mental health practice"
1669264107,Sound Decisions,8329778047,30806 ACADEMY TRACE DR,Spring,TX,773864006,"Social Worker, Clinical",Organization,,"""Sound Decisions"" Spring TX mental health practice"
1932453008,Southern Comfort Behavioral Health Center,8326898770,7119 VILLAGE WAY,Houston,TX,770872904,"Social Worker, Clinical",Organization,,"""Southern Comfort Behavioral Health Center"" Houston TX mental health practice"
1083957815,Southern Comfort Behavioral Health Center,8324264697,9146 EASTEX FWY,Houston,TX,770937020,"Social Worker, Clinical",Organization,,"""Southern Comfort Behavioral Health Center"" Houston TX mental health practice"
1518617117,Sozo Counseling Services,2536770952,11327 CASCADING STREAM WAY,Houston,TX,770442257,"Social Worker, Clinical",Organization,,"""Sozo Counseling Services"" Houston TX mental health practice"
1255517215,Specialty Weight Control Incorporated,7137950302,8111 N STADIUM DR STE 200,Houston,TX,770541826,"Social Worker, Clinical",Organization,,"""Specialty Weight Control Incorporated"" Houston TX mental health practice"
1528440047,Spencer & Associates Therapeutic Alliance,8327562749,12340 JONES RD STE 290,Houston,TX,770703129,"Social Worker, Clinical",Organization,https://www.spencertherapies.com/portfolio-types/meet-our-team/,"""Spencer & Associates Therapeutic Alliance"" Houston TX mental health practice"
1376089185,Spencer And Associates Therapeutic Alliance,8327562749,12340 JONES RD STE 290,Houston,TX,770703129,"Social Worker, Clinical",Organization,,"""Spencer And Associates Therapeutic Alliance"" Houston TX mental health practice"
1780618769,Starpoint Health Services,7132830095,12515 FONDREN RD STE M,Houston,TX,770356208,"Social Worker, Clinical",Organization,,"""Starpoint Health Services"" Houston TX mental health practice"
1427812775,Stern Wellness,7138750890,3100 RICHMOND AVE STE 255,Houston,TX,770983000,"Social Worker, Clinical",Organization,,"""Stern Wellness"" Houston TX mental health practice"
1548086606,Stonebridge Foundation,8323265000,5303 PEBBLE SPRINGS DR,Houston,TX,770662542,"Custodial Care Facility, Adult Care Home",Organization,,"""Stonebridge Foundation"" Houston TX mental health practice"
1730738857,Stonebridge Living,8323265000,5303 PEBBLE SPRINGS DR,Houston,TX,770662542,"Custodial Care Facility, Adult Care Home",Organization,,"""Stonebridge Living"" Houston TX mental health practice"
1205016128,Stonebridge Structured Independent Living,8323265000,5303 PEBBLE SPRINGS DR,Houston,TX,770662542,"Custodial Care Facility, Adult Care Home",Organization,,"""Stonebridge Structured Independent Living"" Houston TX mental health practice"
1205236809,Stresscare 360,2816283371,2500 WILCREST DR SUITE 300,Houston,TX,770422752,"Social Worker, Clinical",Organization,,"""Stresscare 360"" Houston TX mental health practice"
1699362350,Sulcata Psychiatry,2817478588,12075 SPRING CYPRESS RD STE D,Tomball,TX,773778040,"Clinic/Center, Mental Health (Including Community Mental Health Center)",Organization,,"""Sulcata Psychiatry"" Tomball TX mental health practice"
1184771933,Surety Healthcare Consultants,2814635000,9923 BURNTFORK ST,Houston,TX,770645435,"Social Worker, Clinical",Organization,,"""Surety Healthcare Consultants"" Houston TX mental health practice"
1114630498,T.o.u.c.h,4019543493,3131 WEST LOOP S APT 326,Houston,TX,770276130,"Social Worker, Clinical",Organization,,"""T.o.u.c.h"" Houston TX mental health practice"
1063922987,Tailwinds Counseling,7133643252,1401 RICHMOND AVE STE 290,Houston,TX,770065562,"Social Worker, Clinical",Organization,,"""Tailwinds Counseling"" Houston TX mental health practice"
1821756974,Take A Break With Kate,7134442647,2922 MID LN,Houston,TX,770274912,"Social Worker, Clinical",Organization,,"""Take A Break With Kate"" Houston TX mental health practice"
1710623087,Tanglewood Behavioral Health Group,8329317596,1220 AUGUSTA DR STE 290,Houston,TX,770572261,"Social Worker, Clinical",Organization,https://tanglewoodbehavioral.com/,"""Tanglewood Behavioral Health Group"" Houston TX mental health practice"
1790493161,Tedder's Counseling Corner,8324773113,3880 GREENHOUSE RD STE 411,Houston,TX,770843486,"Social Worker, Clinical",Organization,,"""Tedder's Counseling Corner"" Houston TX mental health practice"
1689697658,Telecare Mental Health Services Of Texas,7133392254,6300 WESTPARK DR SUITE 130,Houston,TX,770577205,"Counselor, Mental Health",Organization,,"""Telecare Mental Health Services Of Texas"" Houston TX mental health practice"
1639984230,Thanks Therapy Counseling And Consulting,9038510538,10373 BRIAR FOREST DR,Houston,TX,770422451,"Social Worker, Clinical",Organization,,"""Thanks Therapy Counseling And Consulting"" Houston TX mental health practice"
1578953857,The Adolescent Center And Mental Health Services,8324842635,3730 KIRBY DR STE 904,Houston,TX,770983994,"Psychologist, Clinical",Organization,https://theadolescentcenter.com/,"""The Adolescent Center And Mental Health Services"" Houston TX mental health practice"
1487229571,The Allice Collective For Mental Health & Community Engagement,8325365948,7457 HARWIN DR STE 266,Houston,TX,770362018,Community/Behavioral Health,Organization,https://www.theallice.org/,"""The Allice Collective For Mental Health & Community Engagement"" Houston TX mental health practice"
1043910086,The Center For Partnership And Peace,2817660836,3100 RICHMOND AVE STE 307,Houston,TX,770983015,"Social Worker, Clinical",Organization,https://www.therapyatcpp.care/,"""The Center For Partnership And Peace"" Houston TX mental health practice"
1780617134,The Council On Recovery,2812009120,303 JACKSON HILL ST,Houston,TX,770077407,Counselor,Organization,https://recovery.com/council-on-recovery-houston-texas/,"""The Council On Recovery"" Houston TX mental health practice"
1093488371,The Courageous You,8325984003,7457 HARWIN DR STE 266,Houston,TX,770362018,"Social Worker, Clinical",Organization,https://www.courageousyoutherapy.com/post/what-style-of-non-monogamy-is-right-for-you,"""The Courageous You"" Houston TX mental health practice"
1720611668,The Helping Couch,2818190398,957 NASA PKWY # 1047,Houston,TX,770583039,"Social Worker, Clinical",Organization,,"""The Helping Couch"" Houston TX mental health practice"
1760338032,The Imago Dei Firm,2812997873,3030 W FUQUA ST # 451746,Houston,TX,770456600,"Social Worker, Clinical",Organization,,"""The Imago Dei Firm"" Houston TX mental health practice"
1417696642,The Integrated Self,7133645006,9320 EMNORA LN # 430603,Houston,TX,770804426,"Social Worker, Clinical",Organization,,"""The Integrated Self"" Houston TX mental health practice"
1851675060,The Life Change Ministries,2814674568,1110 MARNE LN,Houston,TX,770901231,"Social Worker, Clinical",Organization,,"""The Life Change Ministries"" Houston TX mental health practice"
1164571865,The Montrose Center,7135290037,401 BRANARD ST 2ND FLOOR,Houston,TX,770065015,"Social Worker, Clinical",Organization,,"""The Montrose Center"" Houston TX mental health practice"
1033686654,The Oasis Treatment Center,8323387103,6035 AIRLINE DR STE 3,Houston,TX,770764224,"Social Worker, Clinical",Organization,https://theoasistreatmentcenter.com/,"""The Oasis Treatment Center"" Houston TX mental health practice"
1598381956,The Olive Tree Counseling And Supervision,2817433468,12262 QUEENSTON BLVD STE E,Houston,TX,770955361,"Social Worker, Clinical",Organization,https://therapyfinder.com/therapist/the-olive-tree-counseling-lcsw-cypress-tx,"""The Olive Tree Counseling And Supervision"" Houston TX mental health practice"
1154199768,The One Discovery Rtc,2815013436,1904 HOWTH AVE,Houston,TX,770510001,"Community Based Residential Treatment Facility, Intellectual and/or Developmental Disabilities",Organization,https://www.theonediscovery.com/general-residential-treatment-center-our-staff,"""The One Discovery Rtc"" Houston TX mental health practice"
1508824186,The Pain Care Center,9798481886,2327 W HIGHWAY 35,Angleton,TX,775157455,Physical Therapist,Organization,,"""The Pain Care Center"" Angleton TX mental health practice"
1093012569,The Path To Success,7135330613,4802 CAROLINE ST,Houston,TX,770045608,Substance Abuse Rehabilitation Facility,Organization,,"""The Path To Success"" Houston TX mental health practice"
1821475039,The Resilience Center Of Houston,3462063992,14930 MUESCHKE RD STE 100,Cypress,TX,774330980,Marriage & Family Therapist,Organization,https://www.resiliencecenterhouston.com/locations/cypress,"""The Resilience Center Of Houston"" Cypress TX mental health practice"
1083231757,The Sanctuary Foster Care Services,7133972797,1350 NASA PKWY STE 210,Houston,TX,770582800,"Social Worker, Clinical",Organization,,"""The Sanctuary Foster Care Services"" Houston TX mental health practice"
1609429786,The Semicolon Group,2814756760,13810 CHAMPION FOREST DR STE 150,Houston,TX,770691883,"Social Worker, Clinical",Organization,https://thesemicolongroup.com/,"""The Semicolon Group"" Houston TX mental health practice"
1174082879,The Successful Healing Center,7133019358,8914 SCENIC GREEN DR,Houston,TX,770888009,"Social Worker, Clinical",Organization,,"""The Successful Healing Center"" Houston TX mental health practice"
1750048625,The Successful Healing Center,7139090277,8914 SCENIC GREEN DR,Houston,TX,770888009,"Social Worker, Clinical",Organization,,"""The Successful Healing Center"" Houston TX mental health practice"
1245994169,The Therapy Corner Counseling & Consulting,8326472374,6671 SOUTHWEST FWY STE 427,Houston,TX,770742212,"Counselor, Mental Health",Organization,https://www.thetherapycornerhouston.com/ttcservices,"""The Therapy Corner Counseling & Consulting"" Houston TX mental health practice"
1649903998,The Way Forward Counseling And Consulting Services,9854380438,5105 ASHWOOD DR,Baytown,TX,775212907,"Social Worker, Clinical",Organization,,"""The Way Forward Counseling And Consulting Services"" Baytown TX mental health practice"
1295504603,The Women's Home,7135213150,811 WESTHEIMER RD,Houston,TX,770063917,"Clinic/Center, Rehabilitation, Substance Use Disorder",Organization,https://www.thewomenshome.org/,"""The Women's Home"" Houston TX mental health practice"
1811685738,Therapy By Ivy,8328441489,4331 ROBERTSON ST,Houston,TX,770094127,"Social Worker, Clinical",Organization,,"""Therapy By Ivy"" Houston TX mental health practice"
1447978259,Thrive Mental Health,8323468082,128 VISION PARK BLVD STE 230,Shenandoah,TX,773843018,"Counselor, Mental Health",Organization,https://thrivemental.health/,"""Thrive Mental Health"" Shenandoah TX mental health practice"
1235917923,Thrive Together Social Work And Therapy,8326571619,7790 W GRAND PKWY S STE 103,Richmond,TX,774065830,"Social Worker, Clinical",Organization,,"""Thrive Together Social Work And Therapy"" Richmond TX mental health practice"
1316390693,Totalcare Plus,2817173099,10327 HOMESTEAD RD,Houston,TX,770163305,"Social Worker, Clinical",Organization,,"""Totalcare Plus"" Houston TX mental health practice"
1710218136,Totalcare Services,7136730432,4315 LOCKWOOD DR SUITE #7,Houston,TX,770264117,"Social Worker, Clinical",Organization,https://totalcareservicesllc.com/,"""Totalcare Services"" Houston TX mental health practice"
1629941380,Transformational Thinking Academy,2168551664,10421 DEERWOOD RD UNIT 1312,Houston,TX,770421183,"Social Worker, Clinical",Organization,,"""Transformational Thinking Academy"" Houston TX mental health practice"
1821717638,Trauma Relief Therapy Of Texas,2812504344,4900 TRAVIS ST UNIT 215,Houston,TX,770022454,"Counselor, Mental Health",Organization,,"""Trauma Relief Therapy Of Texas"" Houston TX mental health practice"
1124703707,Trauma Resolution Center Of Texas,2816437247,7915 FM 1960 RD W STE 209,Houston,TX,770705726,"Social Worker, Clinical",Organization,,"""Trauma Resolution Center Of Texas"" Houston TX mental health practice"
1508465592,Trinity Community Healthcare,8323224949,14501 EMPANADA DR APT 2404,Houston,TX,770833394,"Clinic/Center, Community Health",Organization,,"""Trinity Community Healthcare"" Houston TX mental health practice"
1518887215,Trinity Counseling And Wellness,8329306631,4227 WIND SWELL LN,Houston,TX,770531400,"Social Worker, Clinical",Organization,https://www.trinitycounselingandwellness.com/,"""Trinity Counseling And Wellness"" Houston TX mental health practice"
1962369561,Triumph Recovery And Counseling Center,8324057764,13231 CHAMPION FOREST DR STE 206,Houston,TX,770692647,"Social Worker, Clinical",Organization,,"""Triumph Recovery And Counseling Center"" Houston TX mental health practice"
1740445915,Tyler W Hartson,7134086655,401 GALE ST,Houston,TX,770092629,"Social Worker, Clinical",Organization,,"""Tyler W Hartson"" Houston TX mental health practice"
1508167495,Ujima Foundation,7135749035,8323 SOUTHWEST FWY SUITE 561,Houston,TX,770741615,"Social Worker, Clinical",Organization,https://www.ujimafoundation.org/,"""Ujima Foundation"" Houston TX mental health practice"
1427648641,Uniquely You Behavioral Health Services,7134975344,9894 BISSONNET ST STE 330,Houston,TX,770368241,Case Management,Organization,https://uniquelyyoubhs.org/,"""Uniquely You Behavioral Health Services"" Houston TX mental health practice"
1306246137,Urgent Psych Care,7137472700,8399 ALMEDA RD STE L,Houston,TX,770547105,"Psychologist, Clinical",Organization,,"""Urgent Psych Care"" Houston TX mental health practice"
1124889332,Vada Counseling,2816260505,2010 NORTH LOOP W STE 240,Houston,TX,770188125,"Counselor, Professional",Organization,https://www.vadacounseling.com/,"""Vada Counseling"" Houston TX mental health practice"
1306174297,Vermon Earl Lacy Iii,8326752275,10190 KATY FWY STE 351,Houston,TX,770435236,"Social Worker, Clinical",Organization,,"""Vermon Earl Lacy Iii"" Houston TX mental health practice"
1558932400,Viemed Clinical Services,7137777368,16903 RED OAK DR # LP172C,Houston,TX,770903914,"Social Worker, Clinical",Organization,https://www.viemed.com/privacy-policy/,"""Viemed Clinical Services"" Houston TX mental health practice"
1093227639,Vitality Counseling And Wellness,2819656384,14405 WALTERS RD STE 606,Houston,TX,770141390,"Social Worker, Clinical",Organization,https://vitalitycounselor.com/trauma-series-part-2-ptsd/,"""Vitality Counseling And Wellness"" Houston TX mental health practice"
1437856358,Voice Counseling And Life Skills,2818153611,4600 HIGHWAY 6 N STE 328,Houston,TX,770842884,"Counselor, Professional",Organization,https://www.voicecounseling.org/contact,"""Voice Counseling And Life Skills"" Houston TX mental health practice"
1649638982,Voice Of Hope,8328446731,10601 GRANT RD SUITE 114,Houston,TX,770704400,"Social Worker, Clinical",Organization,,"""Voice Of Hope"" Houston TX mental health practice"
1528904018,Walker Family Services Tx Incorporated,9432012038,708 MAIN ST FL 10,Houston,TX,770023246,"Social Worker, Clinical",Organization,,"""Walker Family Services Tx Incorporated"" Houston TX mental health practice"
1912603606,Washburn Counseling Services,7133226768,3120 SOUTHWEST FWY STE 619,Houston,TX,770984521,"Social Worker, Clinical",Organization,,"""Washburn Counseling Services"" Houston TX mental health practice"
1407511082,Wellness Magnificence Psychotherapy & Consulting,8325909779,5850 SAN FELIPE ST STE 500,Houston,TX,770578003,"Social Worker, Clinical",Organization,https://wellnessmagnificence.com/,"""Wellness Magnificence Psychotherapy & Consulting"" Houston TX mental health practice"
1902243256,Wellspring Family & Community Institute,8328811264,440 BENMAR DR STE 2255,Houston,TX,770603169,"Counselor, Professional",Organization,,"""Wellspring Family & Community Institute"" Houston TX mental health practice"
1023554854,Wendy L Campbell,7133809475,2421 TANGLEY ST STE 117,Houston,TX,770052517,"Social Worker, Clinical",Organization,,"""Wendy L Campbell"" Houston TX mental health practice"
1851012371,West Houston Counseling And Psychology,8322301167,14133 MEMORIAL DR STE 7,Houston,TX,770796800,"Social Worker, Clinical",Organization,https://www.westhoustonpsych.com/,"""West Houston Counseling And Psychology"" Houston TX mental health practice"
1962169219,Willow Well Therapy,8324080898,110 VINTAGE PARK BLVD STE 270,Houston,TX,770704048,"Social Worker, Clinical",Organization,,"""Willow Well Therapy"" Houston TX mental health practice"
1447070701,Wlm Clinical Services,7132945291,1219 LINDFIELD LN,Houston,TX,770731325,"Social Worker, Clinical",Organization,,"""Wlm Clinical Services"" Houston TX mental health practice"
1316884737,Word Of Life Helping Hands,2812195698,12515 ENCHANTED PATH DR,Houston,TX,770441319,"Counselor, Mental Health",Organization,,"""Word Of Life Helping Hands"" Houston TX mental health practice"
1477880391,Wrap Around Healthcare Management,2818759122,1100 GREENS PKWY STE 300,Houston,TX,770674228,"Counselor, Mental Health",Organization,,"""Wrap Around Healthcare Management"" Houston TX mental health practice"
1275277899,A Distinct Approach Counseling Services,5043381128,5900 BALCONES DR STE 100,Austin,TX,787314298,"Social Worker, Clinical",Organization,,"""A Distinct Approach Counseling Services"" Austin TX mental health practice"
1811560683,Abundant Life Counseling Services,5122585100,13740 N HWY 183 STE S1,Austin,TX,787501841,"Counselor, Professional",Organization,https://abundantlifecounseling.com/,"""Abundant Life Counseling Services"" Austin TX mental health practice"
1568116481,Ac Ryan Psychotherapy,5128463069,1010 LAND CREEK CV STE 150,Austin,TX,787467652,"Social Worker, Clinical",Organization,,"""Ac Ryan Psychotherapy"" Austin TX mental health practice"
1851930598,Aegis Wellness Center,5128317008,2222 WESTERN TRAILS BLVD STE 107,Austin,TX,787451601,"Social Worker, Clinical",Organization,https://www.aegiswellnesscenter.com/,"""Aegis Wellness Center"" Austin TX mental health practice"
1922624410,Against The Grain Counseling,5126689904,6700 MENCHACA RD,Austin,TX,787455010,"Social Worker, Clinical",Organization,,"""Against The Grain Counseling"" Austin TX mental health practice"
1841887510,Airedescent Wellness,7477770503,12330 METRIC BLVD APT 6214,Austin,TX,787582523,"Social Worker, Clinical",Organization,,"""Airedescent Wellness"" Austin TX mental health practice"
1083655575,Alex M. Robinson Lcsw,5125767824,2113 CROWNSPOINT DR.,Austin,TX,78748,"Social Worker, Clinical",Organization,,"""Alex M. Robinson Lcsw"" Austin TX mental health practice"
1215186762,Alison Pelz,5122935770,604 W 9TH ST SUITE B,Austin,TX,787012212,"Social Worker, Clinical",Organization,https://www.alisonpelz.com/services/,"""Alison Pelz"" Austin TX mental health practice"
1528772118,Alyssa Sullivan Therapy,5125434349,8133 MESA DR STE 104,Austin,TX,787598655,"Social Worker, Clinical",Organization,,"""Alyssa Sullivan Therapy"" Austin TX mental health practice"
1891425617,Amanda Fuhr Psychotherapy,3092354639,705 W GIBSON ST,Austin,TX,787042343,"Social Worker, Clinical",Organization,https://amandafuhr.com/,"""Amanda Fuhr Psychotherapy"" Austin TX mental health practice"
1811615206,Amaryllis Counseling,5124689056,14101 W HWY 290 STE 1600B,Austin,TX,787379394,"Social Worker, Clinical",Organization,https://amaryllis-counseling.net/,"""Amaryllis Counseling"" Austin TX mental health practice"
1568836401,Amber Hunter Lcsw,5129202289,601 W 18TH ST,Austin,TX,787011111,"Social Worker, Clinical",Organization,,"""Amber Hunter Lcsw"" Austin TX mental health practice"
1225975774,Ana Bradley Therapy & Consulting,5128989841,5766 BALCONES DR STE 101,Austin,TX,787314266,"Social Worker, Clinical",Organization,,"""Ana Bradley Therapy & Consulting"" Austin TX mental health practice"
1407527633,Anchor Counseling Atx,5128869143,604 W 35TH ST,Austin,TX,787051207,"Social Worker, Clinical",Organization,,"""Anchor Counseling Atx"" Austin TX mental health practice"
1538753561,Aoc Alpha Omega Counseling And Consulting Services,4693382338,5900 BALCONES DR STE 100,Austin,TX,787314298,"Counselor, Mental Health",Organization,,"""Aoc Alpha Omega Counseling And Consulting Services"" Austin TX mental health practice"
1417579582,As Youare Counseling,5128070898,4005 SPICEWOOD SPRINGS RD STE B401,Austin,TX,787598680,"Social Worker, Clinical",Organization,,"""As Youare Counseling"" Austin TX mental health practice"
1659055416,Atulado Therapy,5122532983,5900 BALCONES DR STE 8429,Austin,TX,787314257,"Social Worker, Clinical",Organization,https://www.atuladotherapy.com/,"""Atulado Therapy"" Austin TX mental health practice"
1760077416,Atx Emdr,2545039553,7701 N LAMAR BLVD STE 328,Austin,TX,787521000,"Social Worker, Clinical",Organization,,"""Atx Emdr"" Austin TX mental health practice"
1811466394,Atx Recovery Management,5123003062,601 W 18TH ST,Austin,TX,787011111,"Clinic/Center, Recovery Care",Organization,https://atxrecovery.net/,"""Atx Recovery Management"" Austin TX mental health practice"
1710665484,Atx Therapy Center,5128146027,4131 SPICEWOOD SPRINGS RD STE M1,Austin,TX,787598652,"Counselor, Professional",Organization,https://www.atxtherapycenter.com/,"""Atx Therapy Center"" Austin TX mental health practice"
1740631654,Austin Dbt Associates,5127838382,8500 N MOPAC EXPY STE 402,Austin,TX,787598347,"Counselor, Professional",Organization,https://austindbtassociates.com/,"""Austin Dbt Associates"" Austin TX mental health practice"
1659604007,Austin Psychotherapy & Counseling,5124776262,601 W 18TH ST,Austin,TX,787011111,"Social Worker, Clinical",Organization,,"""Austin Psychotherapy & Counseling"" Austin TX mental health practice"
1710672910,Austin Resolution Therapy,4195717965,2111 DICKSON DR STE 33,Austin,TX,787044788,"Counselor, Professional",Organization,,"""Austin Resolution Therapy"" Austin TX mental health practice"
1285936898,Austin Stillpoint Psychotherapy,5127670685,2401 E 6TH ST STE. 2017,Austin,TX,787023955,"Social Worker, Clinical",Organization,,"""Austin Stillpoint Psychotherapy"" Austin TX mental health practice"
1073157061,Austin Therapy South,5125883088,10816 CROWN COLONY DR STE 211,Austin,TX,787471677,"Social Worker, Clinical",Organization,https://www.austintherapysouth.com/,"""Austin Therapy South"" Austin TX mental health practice"
1639012909,Austin Urban Sanctuary,5129437868,3818 SPICEWOOD SPRINGS RD STE 201,Austin,TX,787598970,"Counselor, Mental Health",Organization,https://austinurbansanctuary.com/,"""Austin Urban Sanctuary"" Austin TX mental health practice"
1770070070,Austin Vitality Counseling,5124224352,12502 PALFREY DR,Austin,TX,787273017,"Social Worker, Clinical",Organization,https://austinvitalitycounseling.com/about,"""Austin Vitality Counseling"" Austin TX mental health practice"
1508714346,Back To Life,7139419777,701 TILLERY ST STE 12,Austin,TX,787023751,"Social Worker, Clinical",Organization,,"""Back To Life"" Austin TX mental health practice"
1053438010,Barbara L Grant Lcsw,5123380548,4131 SPICEWOOD SPRINGS RD BLDG #D-1,Austin,TX,787598661,"Social Worker, Clinical",Organization,,"""Barbara L Grant Lcsw"" Austin TX mental health practice"
1588507230,Barron Legacy Counseling,9402081993,5900 BALCONES DR # 23451,Austin,TX,787314257,"Social Worker, Clinical",Organization,,"""Barron Legacy Counseling"" Austin TX mental health practice"
1134718349,Best Self Therapy,5123376685,7006 KILDARE CV,Austin,TX,787243654,Counselor,Organization,https://bestselfvirtualtherapy.com/toxic-relationships-and-emotional-abuse/,"""Best Self Therapy"" Austin TX mental health practice"
1326868654,Beth Bishop Psychotherapy,5122229874,5308 AVENUE H,Austin,TX,787512038,"Social Worker, Clinical",Organization,https://www.bethbishoppsychotherapy.com/,"""Beth Bishop Psychotherapy"" Austin TX mental health practice"
1700294550,Beth Bramble Psychotherapy Associates,5123232292,4314 MEDICAL PKWY SUITE 201,Austin,TX,787563334,"Social Worker, Clinical",Organization,,"""Beth Bramble Psychotherapy Associates"" Austin TX mental health practice"
1770167215,Beth Thomas Lcsw,5127629058,13625 POND SPRINGS RD STE 106,Austin,TX,787294400,"Social Worker, Clinical",Organization,,"""Beth Thomas Lcsw"" Austin TX mental health practice"
1790709137,Bettison And Bettison Of Texas,5126929327,4107 MEDICAL PKWY SUITE 216,Austin,TX,787563735,"Social Worker, Clinical",Organization,https://bettisonnbettison.com/,"""Bettison And Bettison Of Texas"" Austin TX mental health practice"
1548940596,Birdsong Psychotherapy,8326435877,4900 MELLER GDNS,Austin,TX,787413920,"Counselor, Mental Health",Organization,,"""Birdsong Psychotherapy"" Austin TX mental health practice"
1275123424,Blue Bend Counseling,2142447903,1901 RINKER RANCH DR,Austin,TX,787256343,"Social Worker, Clinical",Organization,https://www.bluebendcounseling.com/about,"""Blue Bend Counseling"" Austin TX mental health practice"
1821757600,Blue Sky Counseling,5128989025,16105 BRAESGATE DR,Austin,TX,787174820,"Social Worker, Clinical",Organization,https://blueskycounselingtx.com/,"""Blue Sky Counseling"" Austin TX mental health practice"
1639988728,Bluebonnet Therapy Specialists,5127106861,10200 HIGHWAY 290 W STE 101,Austin,TX,787367723,"Speech-Language Pathologist,  ",Organization,http://bluebonnettherapyspecialists.com/services/,"""Bluebonnet Therapy Specialists"" Austin TX mental health practice"
1053779207,Bodhi Leaf,5126534623,1300 WEST LYNN DRIVE SUITE 207,Austin,TX,78703,"Social Worker, Clinical",Organization,https://thebodhileafwellness.com/bali-burnout-recovery-the-island-that-teaches-you-to-breathe-again/,"""Bodhi Leaf"" Austin TX mental health practice"
1275485351,Both Hands Counseling,5125531804,5900 BALCONES DR STE 100,Austin,TX,787314298,"Social Worker, Clinical",Organization,,"""Both Hands Counseling"" Austin TX mental health practice"
1063963601,Brandie Cole Psychotherapy,5125672323,4425 S MOPAC EXPY STE 502,Austin,TX,787356725,"Social Worker, Clinical",Organization,https://www.brandiecolepsychotherapy.com/,"""Brandie Cole Psychotherapy"" Austin TX mental health practice"
1487299756,Brittney Roberts Psychotherapy,5125224783,5304 WOODROW AVE # A,Austin,TX,787562107,"Social Worker, Clinical",Organization,,"""Brittney Roberts Psychotherapy"" Austin TX mental health practice"
1194355735,Buck Dodson Coaching,3126367008,4107 MEDICAL PKWY STE 106,Austin,TX,787563701,"Social Worker, Clinical",Organization,https://www.buckdodson.com/,"""Buck Dodson Coaching"" Austin TX mental health practice"
1891190849,Butler & Associates Psychotherapy,5129472668,4131 SPICEWOOD SPRINGS RD BLDG. N STE. 3,Austin,TX,787598661,"Social Worker, Clinical",Organization,,"""Butler & Associates Psychotherapy"" Austin TX mental health practice"
1811783269,Calm Counseling Austin,5124363362,2525 WALLINGWOOD DR BLDG 1503,Austin,TX,787466923,"Social Worker, Clinical",Organization,https://keepcalmatx.com/about-us,"""Calm Counseling Austin"" Austin TX mental health practice"
1538984505,Calm Haven Mental Health,5122563770,2006 S BAGDAD RD STE 130,Leander,TX,786413577,"Social Worker, Clinical",Organization,,"""Calm Haven Mental Health"" Leander TX mental health practice"
1134811946,Calm Psychotherapy,9178466598,1411 YORKSHIRE DR,Austin,TX,787231830,"Social Worker, Clinical",Organization,,"""Calm Psychotherapy"" Austin TX mental health practice"
1366374720,Calmer Waters Counseling,5126667957,3536 BEE CAVES RD STE 100,West Lake Hills,TX,787465474,"Social Worker, Clinical",Organization,https://www.calmer-waterscounseling.com/,"""Calmer Waters Counseling"" West Lake Hills TX mental health practice"
1770419285,Campfire Therapy,5127109869,1717 W 35TH ST APT 202,Austin,TX,787031355,"Social Worker, Clinical",Organization,https://www.the-campfire.com/,"""Campfire Therapy"" Austin TX mental health practice"
1861374399,Cardenales Healing Center,5127874010,6021 PERLITA DR,Austin,TX,787246133,"Social Worker, Clinical",Organization,,"""Cardenales Healing Center"" Austin TX mental health practice"
1831529601,Cardinal Therapy,5128145513,5808 BALCONES DR SUITE 201,Austin,TX,787314255,"Social Worker, Clinical",Organization,,"""Cardinal Therapy"" Austin TX mental health practice"
1548633589,Care Strategies,8555278728,7703 N. LAMAR BLVD SUITE 225,Austin,TX,787523529,"Social Worker, Clinical",Organization,,"""Care Strategies"" Austin TX mental health practice"
1033578760,Career Counseling And Psychotherapy Services (ccaps),5128201347,3810 MEDICAL PKWY SUITE 119,Austin,TX,787564026,"Social Worker, Clinical",Organization,,"""Career Counseling And Psychotherapy Services (ccaps)"" Austin TX mental health practice"
1740909936,Cerebral Gardens Integrative Psychotherapy,5125375876,1110 W WILLIAM CANNON DR STE 404,Austin,TX,787455498,"Social Worker, Clinical",Organization,,"""Cerebral Gardens Integrative Psychotherapy"" Austin TX mental health practice"
1447848577,Ch Mh Services (tx),4062197835,108 WILD BASIN RD STE 250,Austin,TX,787463468,Community/Behavioral Health,Organization,,"""Ch Mh Services (tx)"" Austin TX mental health practice"
1649990516,Cheryl Reeley Lcsw,5126419528,5900 BALCONES DR STE 100,Austin,TX,787314298,"Social Worker, Clinical",Organization,,"""Cheryl Reeley Lcsw"" Austin TX mental health practice"
1942048590,Clearmind Therapy Services,2147571920,3108 CONGRESS AVE,Plano,TX,750253632,"Social Worker, Clinical",Organization,https://www.clearmindpsychiatrytexas.com/,"""Clearmind Therapy Services"" Plano TX mental health practice"
1972176352,Cliff Chong Psychotherapy And Consultation,3605102641,2703 SOL WILSON AVE,Austin,TX,787022556,"Social Worker, Clinical",Organization,,"""Cliff Chong Psychotherapy And Consultation"" Austin TX mental health practice"
1003401209,Compromiso Behavioral Health,5129256024,2028 E BEN WHITE BLVD STE 240-6024,Austin,TX,787416966,"Social Worker, Clinical",Organization,,"""Compromiso Behavioral Health"" Austin TX mental health practice"
1548304199,Counselors Incorporated,5123462390,13706 N HWY 183 STE 211G,Austin,TX,787501839,"Social Worker, Clinical",Organization,,"""Counselors Incorporated"" Austin TX mental health practice"
1699240911,Courtney Bourlon Lcsw,5127912988,3400 KERBEY LN,Austin,TX,787031455,"Social Worker, Clinical",Organization,,"""Courtney Bourlon Lcsw"" Austin TX mental health practice"
1114550852,Courtney Morton Lcsw,5126389382,1801 W KOENIG LN,Austin,TX,787561208,"Social Worker, Clinical",Organization,https://courtneymorton.com/,"""Courtney Morton Lcsw"" Austin TX mental health practice"
1053883827,Crafting Wellness Counseling,5126708093,601 W 18TH ST,Austin,TX,787011111,"Social Worker, Clinical",Organization,,"""Crafting Wellness Counseling"" Austin TX mental health practice"
1407656507,Creations Counseling And Therapy,5127662708,400 W MAIN ST STE 209,Round Rock,TX,786645809,"Social Worker, Clinical",Organization,https://behavioralhealth.roundrockisd.org/community-resources/,"""Creations Counseling And Therapy"" Round Rock TX mental health practice"
1518125079,Currents & Crossroads Counseling,5122971102,13740 RESEARCH BLVD,Austin,TX,787501884,"Social Worker, Clinical",Organization,,"""Currents & Crossroads Counseling"" Austin TX mental health practice"
1285561647,Cyan Therapy,5125227209,5900 BALCONES DR # 16503,Austin,TX,787314257,"Social Worker, Clinical",Organization,,"""Cyan Therapy"" Austin TX mental health practice"
1730911389,Cypress Bayou,4156060725,4425 S MOPAC EXPY STE 600,Austin,TX,787356757,"Social Worker, Clinical",Organization,https://thebayougypsy.com/2017/01/17/in-the-waiting/,"""Cypress Bayou"" Austin TX mental health practice"
1487589545,Daisy Ruiz,8326190035,5900 BALCONES DR # 4101,Austin,TX,787314257,"Social Worker, Clinical",Organization,,"""Daisy Ruiz"" Austin TX mental health practice"
1528821790,Dawn Seright Lcsw,9728395864,4903 PARELL PATH,Austin,TX,787443807,"Social Worker, Clinical",Organization,https://www.dawnserightlcsw.com/,"""Dawn Seright Lcsw"" Austin TX mental health practice"
1316548266,De Leon Psychotherapy & Assessments,5127142927,5750 BALCONES DR STE 117,Austin,TX,787314267,"Social Worker, Clinical",Organization,,"""De Leon Psychotherapy & Assessments"" Austin TX mental health practice"
1346882818,Del Toro Counseling Services,5127975871,11704 SWEETWATER TRL SUITE A,Austin,TX,787501336,"Social Worker, Clinical",Organization,,"""Del Toro Counseling Services"" Austin TX mental health practice"
1730841156,Deyoung Counseling,7374445980,2028 E BEN WHITE BLVD STE 240-8949,Austin,TX,787416966,"Social Worker, Clinical",Organization,https://drbobdeyoung.com/,"""Deyoung Counseling"" Austin TX mental health practice"
1013843150,Diana J Goldstein,5122304383,6305 ZADOCK WOODS DR,Austin,TX,787492609,"Social Worker, Clinical",Organization,,"""Diana J Goldstein"" Austin TX mental health practice"
1891681151,Diana Rose Psychotherapy,5123875127,601 FARLEY DR,Austin,TX,787533114,"Social Worker, Clinical",Organization,https://www.dianarosetherapy.com/,"""Diana Rose Psychotherapy"" Austin TX mental health practice"
1033031679,Direct Counseling Services,5129023282,4601 SPICEWOOD SPRINGS RD STE 100,Austin,TX,787598598,"Counselor, Mental Health",Organization,,"""Direct Counseling Services"" Austin TX mental health practice"
1780398818,Direct Counseling Services,5129023282,8500 N MOPAC EXPY STE 402,Austin,TX,787598347,"Counselor, Mental Health",Organization,,"""Direct Counseling Services"" Austin TX mental health practice"
1083326094,Direct Counseling Services,5122014501,1415 W 51ST ST UNIT 1,Austin,TX,787562659,Community/Behavioral Health,Organization,,"""Direct Counseling Services"" Austin TX mental health practice"
1205556149,Discover Harmony Counseling,8173809074,5900 BALCONES DR STE 100,Austin,TX,787314298,"Social Worker, Clinical",Organization,https://discoverharmonycounseling.com/,"""Discover Harmony Counseling"" Austin TX mental health practice"
1326798117,Dnb Pathways,5126681907,9901 BRODIE LN STE,Austin,TX,787485892,"Social Worker, Clinical",Organization,https://pathwaystx.org/behavioral-health/,"""Dnb Pathways"" Austin TX mental health practice"
1841649522,Dnd Counseling,5125371415,13625 POND SPRINGS RD STE 202,Austin,TX,787294400,"Counselor, Professional",Organization,https://www.dndcounseling.com/services,"""Dnd Counseling"" Austin TX mental health practice"
1104708114,Door 2 Door Therapy,0000000000,5900 BALCONES DR STE 100,Austin,TX,787314298,"Social Worker, Clinical",Organization,,"""Door 2 Door Therapy"" Austin TX mental health practice"
1619188836,Dr. Tania Glenn & Associates,5123236994,1106 CLAYTON LN SUITE 445-E,Austin,TX,787231066,"Social Worker, Clinical",Organization,,"""Dr. Tania Glenn & Associates"" Austin TX mental health practice"
1518330554,Earle,8555532783,4100 AVENUE D,Austin,TX,78751,"Social Worker, Clinical",Organization,https://lizearlewellbeing.com/health/exercise/liz-earle-morning-routine/,"""Earle"" Austin TX mental health practice"
1275988149,Elaine H. Cavazos,5125374882,2525 WALLINGWOOD DR STE 7D,Austin,TX,787466900,"Social Worker, Clinical",Organization,,"""Elaine H. Cavazos"" Austin TX mental health practice"
1942026158,Ellie Dierker Counseling,8173309108,1751 RIVER RUN STE 200,Fort Worth,TX,761076670,"Social Worker, Clinical",Organization,https://www.elliedierkercounseling.com/about,"""Ellie Dierker Counseling"" Fort Worth TX mental health practice"
1003641549,Embodied Self Psychotherapy,5125229210,2304 HANCOCK DR STE 7D,Austin,TX,787562557,"Social Worker, Clinical",Organization,,"""Embodied Self Psychotherapy"" Austin TX mental health practice"
1407458128,Emily Abel Lcsw,7374439706,2301 BAGDAD RD STE 104,Cedar Park,TX,786136501,"Social Worker, Clinical",Organization,https://www.emilyabeltherapy.com/,"""Emily Abel Lcsw"" Cedar Park TX mental health practice"
1992534424,Emily Seales Counseling,5123488992,3810 MEDICAL PKWY STE 119,Austin,TX,787564014,"Social Worker, Clinical",Organization,https://www.emilyseales.com/,"""Emily Seales Counseling"" Austin TX mental health practice"
1609407576,Empowerment Wave Counseling,5023210016,609 W 18TH ST,Austin,TX,787011142,"Social Worker, Clinical",Organization,,"""Empowerment Wave Counseling"" Austin TX mental health practice"
1598621732,Enduring Oak Counseling & Wellness,5128060742,5900 BALCONES DR # 27784,Austin,TX,787314257,"Social Worker, Clinical",Organization,,"""Enduring Oak Counseling & Wellness"" Austin TX mental health practice"
1225913601,English Holistic Therapy,2814000081,5900 BALCONES DR # 26605,Austin,TX,787314257,"Social Worker, Clinical",Organization,https://www.hannahenglishtherapy.com/about,"""English Holistic Therapy"" Austin TX mental health practice"
1588225908,Ensemble Therapy,5127663623,4210 SPICEWOOD SPRINGS RD STE 203,Austin,TX,787598654,"Counselor, Mental Health",Organization,,"""Ensemble Therapy"" Austin TX mental health practice"
1093363962,Enteave,5123506236,8500 N MOPAC EXPY STE 604,Austin,TX,787598347,"Social Worker, Clinical",Organization,https://enteave.com/,"""Enteave"" Austin TX mental health practice"
1083580369,Erin Dryden Lcsw,5123944623,5900 BALCONES DR # 22341,Austin,TX,787314257,"Social Worker, Clinical",Organization,,"""Erin Dryden Lcsw"" Austin TX mental health practice"
1447269840,Evolving Mind Psychotherapy,5127851195,"4201 BEE CAVE RD BLG. C, SUITE 213",West Lake Hills,TX,787466465,"Social Worker, Clinical",Organization,,"""Evolving Mind Psychotherapy"" West Lake Hills TX mental health practice"
1861032948,Explore Wellness,5127893830,5828 BALCONES DR STE 101,Austin,TX,787314279,"Social Worker, Clinical",Organization,,"""Explore Wellness"" Austin TX mental health practice"
1194486480,Extended Wings Counseling,5125225530,3702 LAUREL LEDGE LN,Austin,TX,787314050,"Social Worker, Clinical",Organization,https://www.extendedwingscounseling.com/,"""Extended Wings Counseling"" Austin TX mental health practice"
1174898910,Eye Of The Heart,5122978717,4403 MANCHACA RD SUITE D,Austin,TX,787451680,"Social Worker, Clinical",Organization,https://touchingthesunrise.com/2020/06/13/the-quiet-eye-of-the-heart/,"""Eye Of The Heart"" Austin TX mental health practice"
1467772475,Family Eldercare,5124500844,1700 RUTHERFORD LN,Austin,TX,787545104,"Social Worker, Clinical",Organization,https://www.familyeldercare.org/,"""Family Eldercare"" Austin TX mental health practice"
1609457381,Family Endeavors,2108663860,6333 DE ZAVALA RD STE A241,San Antonio,TX,782492115,"Clinic/Center, Adult Mental Health",Organization,,"""Family Endeavors"" San Antonio TX mental health practice"
1356574677,Fire Sheep,5124547779,4902 GROVER AVE,Austin,TX,787562629,"Social Worker, Clinical",Organization,,"""Fire Sheep"" Austin TX mental health practice"
1124508809,Flourish Psychotherapy & Nutrition,5127723611,4361 S CONGRESS AVE UNIT 102,Austin,TX,787451289,"Social Worker, Clinical",Organization,,"""Flourish Psychotherapy & Nutrition"" Austin TX mental health practice"
1376278226,Focus Integrated Psychotherapy,5125532488,5900 BALCONES DR STE 100,Austin,TX,787314298,"Social Worker, Clinical",Organization,https://www.focusintegratedtx.com/,"""Focus Integrated Psychotherapy"" Austin TX mental health practice"
1508751033,Fortitude Therapeutic Services,7373789022,5900 BALCONES DR # 22756,Austin,TX,787314257,"Social Worker, Clinical",Organization,,"""Fortitude Therapeutic Services"" Austin TX mental health practice"
1861371254,Friedman Gilbert Therapy,2392441677,17400 HATTIE TRCE,Austin,TX,787385062,"Social Worker, Clinical",Organization,https://friedmangilberttherapy.com/addiction/,"""Friedman Gilbert Therapy"" Austin TX mental health practice"
1396662227,From Healing To Becoming,5043332051,2500 S MILLBEND DR APT 12107,The Woodlands,TX,773802399,"Social Worker, Clinical",Organization,,"""From Healing To Becoming"" The Woodlands TX mental health practice"
1497546311,Full Intentions,5125931055,5900 BALCONES DR # 5900,Austin,TX,787314257,"Social Worker, Clinical",Organization,,"""Full Intentions"" Austin TX mental health practice"
1114769148,Gearup For Mental Health,8173857755,2616 TAR HEEL DR,Fort Worth,TX,761231648,"Social Worker, Clinical",Organization,,"""Gearup For Mental Health"" Fort Worth TX mental health practice"
1689196651,Glasshouse Effect Psychotherapy Center,8177899744,706 W BEN WHITE BLVD BLDG B STE 184,Austin,TX,78704,"Social Worker, Clinical",Organization,https://gheffectpsych.com/,"""Glasshouse Effect Psychotherapy Center"" Austin TX mental health practice"
1710563994,Grace Therapy And Wellness,4048957405,805 W 10TH ST STE 302,Austin,TX,787012038,"Social Worker, Clinical",Organization,https://www.gracetherapyaustin.com/couples,"""Grace Therapy And Wellness"" Austin TX mental health practice"
1821737032,Griselda Pattillo Lcsw,5122007291,1006 S ROCK ST,Georgetown,TX,786265837,"Social Worker, Clinical",Organization,,"""Griselda Pattillo Lcsw"" Georgetown TX mental health practice"
1770406217,Grounded Growth Atx,2144919820,8000 W US HIGHWAY 290 APT 2208,Austin,TX,787360005,"Social Worker, Clinical",Organization,,"""Grounded Growth Atx"" Austin TX mental health practice"
1336986116,Happy Autumn Counseling & Supervision,6826664892,777 CUSTER RD APT 5-1,Richardson,TX,750805168,"Social Worker, Clinical",Organization,,"""Happy Autumn Counseling & Supervision"" Richardson TX mental health practice"
1154183085,Harmonic Medical Group Of Texas,8623756089,1501 S MOPAC EXPY STE 220,Austin,TX,787467683,"Family Medicine, Geriatric Medicine",Organization,,"""Harmonic Medical Group Of Texas"" Austin TX mental health practice"
1932067097,Harvest Way,9295603330,5900 BALCONES DRIVE STE 29297,Austin,TX,78731,"Clinic/Center, Mental Health (Including Community Mental Health Center)",Organization,,"""Harvest Way"" Austin TX mental health practice"
1003587379,Haywood Wellness And Counseling,5125980516,5900 BALCONES DR STE 100,Austin,TX,787314298,"Clinic/Center, Adult Mental Health",Organization,,"""Haywood Wellness And Counseling"" Austin TX mental health practice"
1386234870,Heartlines Counseling,9567393684,5900 BALCONES DR STE 100,Austin,TX,787314298,"Social Worker, Clinical",Organization,https://www.heartlinescounseling.com/,"""Heartlines Counseling"" Austin TX mental health practice"
1831402353,Hello Mental Health,5126949559,3355 BEE CAVES RD 601,West Lake Hills,TX,787466775,"Social Worker, Clinical",Organization,,"""Hello Mental Health"" West Lake Hills TX mental health practice"
1114851698,Help 4 A Brighter Day,9727488982,2021 GUADALUPE ST STE 260,Austin,TX,787055654,"Social Worker, Clinical",Organization,,"""Help 4 A Brighter Day"" Austin TX mental health practice"
1154250280,Hestia Therapy Group,7372627724,4510 FELICITY LN,Austin,TX,787253929,"Social Worker, Clinical",Organization,,"""Hestia Therapy Group"" Austin TX mental health practice"
1437849627,Hidden Counseling Solutions,9729447988,5900 BALCONES DR UNIT 901,Austin,TX,787314257,"Social Worker, Clinical",Organization,https://hiddencounselingsolutions.com/,"""Hidden Counseling Solutions"" Austin TX mental health practice"
1700981990,Hill Country Mental Health Associates,5125541994,3532 BEE CAVES RD 101B,Austin,TX,78746,"Social Worker, Clinical",Organization,,"""Hill Country Mental Health Associates"" Austin TX mental health practice"
1043945694,Holding Hope Therapy,5129692330,1802 W 6TH ST STE B,Austin,TX,787035372,"Social Worker, Clinical",Organization,https://www.holdinghopetherapy.org/notifications,"""Holding Hope Therapy"" Austin TX mental health practice"
1013555374,Holistic Counseling,5129537382,200 E INWOOD FOREST DR,Wimberley,TX,786765106,"Social Worker, Clinical",Organization,,"""Holistic Counseling"" Wimberley TX mental health practice"
1467172775,Honored Soul Psychotherapy Center,8476878774,10308 ANAHUAC TRL,Austin,TX,787472704,"Social Worker, Clinical",Organization,,"""Honored Soul Psychotherapy Center"" Austin TX mental health practice"
1255785044,Hope And Humor,4049360970,2221 HANCOCK DR,Austin,TX,787562532,"Social Worker, Clinical",Organization,https://www.hopeandhumortherapy.com/,"""Hope And Humor"" Austin TX mental health practice"
1184078529,I Feel I Want Therapy,5128250564,11806 KNOLLPARK DR,Austin,TX,787583821,"Social Worker, Clinical",Organization,,"""I Feel I Want Therapy"" Austin TX mental health practice"
1356024210,Icarelet'stalk,9727415359,2218 MARBLE FALLS DR,Carrollton,TX,750073430,"Social Worker, Clinical",Organization,,"""Icarelet'stalk"" Carrollton TX mental health practice"
1174445506,Icebreaker Therapy,9899552026,407 AUBURN PINES DR,Montgomery,TX,773161955,"Social Worker, Clinical",Organization,,"""Icebreaker Therapy"" Montgomery TX mental health practice"
1841792215,Infinite Wellness Austin,5127030642,1011 MEREDITH DR STE 12,Austin,TX,787483763,"Social Worker, Clinical",Organization,,"""Infinite Wellness Austin"" Austin TX mental health practice"
1700433752,Inmind Connections,5124225060,14101 W HWY 290,Austin,TX,787379330,"Social Worker, Clinical",Organization,https://www.inmindconnections.com/,"""Inmind Connections"" Austin TX mental health practice"
1942954557,Inspiredpracticellc,5125772255,5900 BALCONES DR STE 12079,Austin,TX,787314257,"Social Worker, Clinical",Organization,,"""Inspiredpracticellc"" Austin TX mental health practice"
1275020554,Integrative Therapeutic Services,3104976176,1209 PARKWAY,Austin,TX,787034132,"Social Worker, Clinical",Organization,,"""Integrative Therapeutic Services"" Austin TX mental health practice"
1326793605,Iridescent Integrated Health,5129104547,2520 LONGVIEW ST STE 315,Austin,TX,787054237,"Social Worker, Clinical",Organization,,"""Iridescent Integrated Health"" Austin TX mental health practice"
1376208405,Jessie White Psychotherapy,7703749161,4501 S 2ND ST,Austin,TX,787451950,"Social Worker, Clinical",Organization,https://www.jessiewhitepsychotherapy.com/,"""Jessie White Psychotherapy"" Austin TX mental health practice"
1003831892,Jewish Community Association Of Austin,5122501043,11940 JOLLYVILLE RD SUITE 110 SOUTH,Austin,TX,787592327,"Social Worker, Clinical",Organization,,"""Jewish Community Association Of Austin"" Austin TX mental health practice"
1053954032,Jill Arechiga Lcsw,5127890992,11900 STONEHOLLOW DR APT 422,Austin,TX,787583133,"Social Worker, Clinical",Organization,,"""Jill Arechiga Lcsw"" Austin TX mental health practice"
1558092932,Joanne Terry Swanson Licsw Lcsw,4136874057,133 WATERFORD LN,Georgetown,TX,786286905,"Social Worker, Clinical",Organization,,"""Joanne Terry Swanson Licsw Lcsw"" Georgetown TX mental health practice"
1831086628,Jones Elite Strategies,2544671267,5900 BALCONES DR STE 25157,Austin,TX,787314257,"Social Worker, Clinical",Organization,https://www.joneselitestrategies.com/blog,"""Jones Elite Strategies"" Austin TX mental health practice"
1033603477,Julie Falchuk Lcsw Lcdc,6178237317,3724 JEFFERSON ST STE 207,Austin,TX,787316221,"Social Worker, Clinical",Organization,,"""Julie Falchuk Lcsw Lcdc"" Austin TX mental health practice"
1326592296,Julie Spears Lcsw,5124974782,4422 PACK SADDLE PASS SUITE 103,Austin,TX,787451681,"Social Worker, Clinical",Organization,https://www.juliespearslcsw.com/,"""Julie Spears Lcsw"" Austin TX mental health practice"
1578392106,Just Think Therapy,2024209379,8821 SIKES WAY,Austin,TX,787475001,"Social Worker, Clinical",Organization,,"""Just Think Therapy"" Austin TX mental health practice"
1184416075,K Miller,2532191070,5900 BALCONES DR STE 100,Austin,TX,787314298,"Social Worker, Clinical",Organization,https://dannkmiller.bandcamp.com/track/dragging,"""K Miller"" Austin TX mental health practice"
1699956946,Karen M. Umminger,5124424117,1109 SOUTHWOOD RD,Austin,TX,787045352,"Social Worker, Clinical",Organization,,"""Karen M. Umminger"" Austin TX mental health practice"
1902365521,Karibu Counseling,3474895482,1508 DESSAU RIDGE LN STE 204,Austin,TX,787542190,"Social Worker, Clinical",Organization,,"""Karibu Counseling"" Austin TX mental health practice"
1639053713,Kat Grau Psychotherapy,5122402412,1803 ARBORSIDE DR,Austin,TX,787545503,"Social Worker, Clinical",Organization,,"""Kat Grau Psychotherapy"" Austin TX mental health practice"
1659626125,Katharine Barnhill,5124965712,1007 MO PAC CIR SUITE 101,Austin,TX,787466864,"Social Worker, Clinical",Organization,https://www.barnhilltherapy.com/,"""Katharine Barnhill"" Austin TX mental health practice"
1457032310,Katherine Miller Lcsw,5127980476,5900 BALCONES DR STE 4000,Austin,TX,787314257,"Social Worker, Clinical",Organization,https://www.kmillerpsychotherapy.com/blog/making-friends-as-an-adult,"""Katherine Miller Lcsw"" Austin TX mental health practice"
1396589834,Key Counseling,5126591375,7813 CHENO CORTINA TRL,Austin,TX,787492717,"Social Worker, Clinical",Organization,https://www.keycounselingatl.com/about-lauren-parker,"""Key Counseling"" Austin TX mental health practice"
1518834472,Kind Therapy Austin,5125867592,4601 SPICEWOOD SPRINGS RD STE 200,Austin,TX,787598598,"Social Worker, Clinical",Organization,https://kindtherapyaustin.com/contact,"""Kind Therapy Austin"" Austin TX mental health practice"
1811508534,Kleer Counseling,5128564326,13706 RESEARCH BLVD STE 114,Austin,TX,787501838,"Social Worker, Clinical",Organization,,"""Kleer Counseling"" Austin TX mental health practice"
1396665238,Knott Alone Therapy,8179992264,111 SUN DANCE,Smithville,TX,789574800,"Social Worker, Clinical",Organization,,"""Knott Alone Therapy"" Smithville TX mental health practice"
1598594350,Krejci Counseling,5127615627,13805 ANN PL,Austin,TX,787287702,"Social Worker, Clinical",Organization,https://pamkrejci.com/,"""Krejci Counseling"" Austin TX mental health practice"
1477019131,Kyla Winlow,5123647308,2703 SOL WILSON AVE,Austin,TX,787022556,"Social Worker, Clinical",Organization,https://www.kylawinlow.com/,"""Kyla Winlow"" Austin TX mental health practice"
1194938621,Laura Mcdowell-salcedo Lcsw,5124584001,5900 BALCONES DR SUITE 132,Austin,TX,787314257,"Social Worker, Clinical",Organization,,"""Laura Mcdowell-salcedo Lcsw"" Austin TX mental health practice"
1942837141,Leoness,5127795178,1000 WESTBANK DR STE 6-250,West Lake Hills,TX,787467064,"Social Worker, Clinical",Organization,,"""Leoness"" West Lake Hills TX mental health practice"
1952160541,Levering Mind,5124131278,15618 STAFFORDSHIRE LN,Austin,TX,787173056,"Social Worker, Clinical",Organization,https://www.leveringmind.com/about,"""Levering Mind"" Austin TX mental health practice"
1760145684,Lf Lcsw,5126328633,9304 EVENING PRIMROSE PATH,Austin,TX,787503629,"Social Worker, Clinical",Organization,https://www.lesliefaulhaberlcsw.com/,"""Lf Lcsw"" Austin TX mental health practice"
1194251694,Lighthouse Counseling,5127632751,3008 DAWN DR STE 101,Georgetown,TX,786282822,"Social Worker, Clinical",Organization,https://www.therapylighthouse.com/about,"""Lighthouse Counseling"" Georgetown TX mental health practice"
1184278772,Lindsay Mccartney Therapy,5129104588,1007 MO PAC CIR STE 202,Austin,TX,787466807,"Social Worker, Clinical",Organization,https://www.lindsaymccartneytherapy.com/,"""Lindsay Mccartney Therapy"" Austin TX mental health practice"
1841944857,Live Oak Collective,5127656657,2603 WILLOW ST,Austin,TX,787025631,"Social Worker, Clinical",Organization,,"""Live Oak Collective"" Austin TX mental health practice"
1740474451,Lockeworks,5122883472,9000 FEATHER HILL RD,Austin,TX,787371219,"Social Worker, Clinical",Organization,,"""Lockeworks"" Austin TX mental health practice"
1396402699,Looking Glass Counseling,5128146072,5808 BALCONES DR,Austin,TX,787314255,"Social Worker, Clinical",Organization,https://www.lookingglass.us/,"""Looking Glass Counseling"" Austin TX mental health practice"
1790367704,Lotus Rising Atx,5124000103,5900 BALCONES DR STE 100,Austin,TX,787314298,"Social Worker, Clinical",Organization,https://www.lotusrisingatx.com/anxiety,"""Lotus Rising Atx"" Austin TX mental health practice"
1508191479,Lutheran Social Services Of The South,5124591000,8305 CROSS PARK DR,Austin,TX,787545154,"Counselor, Professional",Organization,,"""Lutheran Social Services Of The South"" Austin TX mental health practice"
1164240693,Luuma Counseling And Therapy Services,8322631266,5900 BALCONES DR STE 100,Austin,TX,787314298,"Social Worker, Clinical",Organization,,"""Luuma Counseling And Therapy Services"" Austin TX mental health practice"
1912896226,M Talo Wellness,2693525299,5900 BALCONES DR # 23508,Austin,TX,787314257,"Social Worker, Clinical",Organization,,"""M Talo Wellness"" Austin TX mental health practice"
1386135192,Marissa Bortenstein Lcsw,5122655220,7701 N LAMAR BLVD STE 328,Austin,TX,787521080,"Social Worker, Clinical",Organization,,"""Marissa Bortenstein Lcsw"" Austin TX mental health practice"
1417442344,Mark Fleming,5127030005,5828 BALCONES DR STE 101,Austin,TX,787314279,"Social Worker, Clinical",Organization,,"""Mark Fleming"" Austin TX mental health practice"
1639643695,Maureen Havelka Lcsw,5125488277,4005 SPICEWOOD SPRINGS RD STE B401,Austin,TX,787598680,"Social Worker, Clinical",Organization,https://maureenhavelkalcsw.com/,"""Maureen Havelka Lcsw"" Austin TX mental health practice"
1366306656,Max-wellness Therapy And Emdr,5122004166,1621 W 6TH ST STE A,Austin,TX,787035059,"Social Worker, Clinical",Organization,,"""Max-wellness Therapy And Emdr"" Austin TX mental health practice"
1710647516,Maya Conlon Lcsw-s,8337380245,5900 BALCONES DR STE 100,Austin,TX,787314298,"Social Worker, Clinical",Organization,,"""Maya Conlon Lcsw-s"" Austin TX mental health practice"
1881359164,Mcardle Counseling,9104200866,8925 TALINE CIR,Austin,TX,787481653,"Social Worker, Clinical",Organization,,"""Mcardle Counseling"" Austin TX mental health practice"
1275169583,Meagan Read Lcsw,5126986145,2520 LONGVIEW ST STE 314,Austin,TX,787054235,"Social Worker, Clinical",Organization,https://www.meaganreadtherapy.com/,"""Meagan Read Lcsw"" Austin TX mental health practice"
1316896020,Meghan Sheridan Psychotherapy,6822148089,1705 W NORTHWEST HWY STE 175,Grapevine,TX,760518124,"Social Worker, Clinical",Organization,,"""Meghan Sheridan Psychotherapy"" Grapevine TX mental health practice"
1982228268,Meghann Flynn Lai Therapy,5122588133,4015 BERKMAN DR,Austin,TX,787234640,"Social Worker, Clinical",Organization,,"""Meghann Flynn Lai Therapy"" Austin TX mental health practice"
1275496879,Mel Walsh Psychotherapy,5122223607,4101 MEDICAL PKWY,Austin,TX,787563734,"Social Worker, Clinical",Organization,,"""Mel Walsh Psychotherapy"" Austin TX mental health practice"
1902625122,Mental Health Matters,8177700295,5900 BALCONES DR # 21850,Austin,TX,787314257,"Social Worker, Clinical",Organization,,"""Mental Health Matters"" Austin TX mental health practice"
1609212059,Mermaids & Centaurs,5127711313,6010 BALCONES DR STE 212,Austin,TX,787314270,"Social Worker, Clinical",Organization,,"""Mermaids & Centaurs"" Austin TX mental health practice"
1194900357,Mermaids And Centaurs,5127711313,605 COPELAND ST APT C,Austin,TX,787042421,"Social Worker, Clinical",Organization,,"""Mermaids And Centaurs"" Austin TX mental health practice"
1982169496,Mia Roldan Austin Therapy,5124130239,4101 MEDICAL PKWY STE 109,Austin,TX,787563724,"Social Worker, Clinical",Organization,,"""Mia Roldan Austin Therapy"" Austin TX mental health practice"
1417492232,Michelle Zee Enterprises,5127999348,3267 BEE CAVES RD STE 107178,Austin,TX,787466700,"Social Worker, Clinical",Organization,,"""Michelle Zee Enterprises"" Austin TX mental health practice"
1578419867,Mind Oasis,1206461663,457 LANDA ST STE D,New Braunfels,TX,781305414,"Social Worker, Clinical",Organization,https://mindoasistherapy.com/,"""Mind Oasis"" New Braunfels TX mental health practice"
1104791029,Mindful Clarity Counseling,5122004264,6850 AUSTIN CENTER BLVD STE 320,Austin,TX,787313154,"Social Worker, Clinical",Organization,https://www.mindfulclaritytx.com/,"""Mindful Clarity Counseling"" Austin TX mental health practice"
1639008535,Mindfully Texas,7372570829,1415 W 51ST ST UNIT 1A,Austin,TX,787562659,"Counselor, Mental Health",Organization,https://mindfullytexas.com/,"""Mindfully Texas"" Austin TX mental health practice"
1477482370,Mindfully Texas,7372570829,4601 SPICEWOOD SPRINGS RD STE 3-100A,Austin,TX,787598598,"Counselor, Mental Health",Organization,https://mindfullytexas.com/,"""Mindfully Texas"" Austin TX mental health practice"
1366371262,Mindfully Texas,7372570829,1213 W SLAUGHTER LN STE 130A,Austin,TX,787486900,"Counselor, Mental Health",Organization,https://mindfullytexas.com/,"""Mindfully Texas"" Austin TX mental health practice"
1659239051,Mindfully Texas,7372570829,505 E HUNTLAND DR STE 320A,Austin,TX,787523741,"Counselor, Mental Health",Organization,https://mindfullytexas.com/,"""Mindfully Texas"" Austin TX mental health practice"
1104755008,Mindfully Texas,7372570829,8500 SHOAL CREEK BLVD STE 4-202A,Austin,TX,787577591,"Counselor, Mental Health",Organization,https://mindfullytexas.com/,"""Mindfully Texas"" Austin TX mental health practice"
1578286506,Mindfully,8888300347,2025 GUADALUPE ST STE 260,Austin,TX,787055642,Counselor,Organization,https://mindfully.com/texas/,"""Mindfully"" Austin TX mental health practice"
1558836460,Molly Batschelet Lcsw,5127365870,1102 W 6TH ST STE 200,Austin,TX,787035304,"Social Worker, Clinical",Organization,https://www.mollybatschelet.com/,"""Molly Batschelet Lcsw"" Austin TX mental health practice"
1053986604,Moon Rabbit Counseling,5127752093,2520 LONGVIEW ST STE 410,Austin,TX,787054257,"Social Worker, Clinical",Organization,https://moonrabbitcounseling.com/,"""Moon Rabbit Counseling"" Austin TX mental health practice"
1528840873,Moonchild Counseling,5125222765,500 N CAPITAL OF TEXAS HWY BLDG 2,Austin,TX,787463334,"Social Worker, Clinical",Organization,https://www.moonchildcounseling.com/therapy-in-austin/,"""Moonchild Counseling"" Austin TX mental health practice"
1124655675,Moonstone Counseling,5122700272,8500 N MOPAC EXPY STE 601,Austin,TX,787598347,"Social Worker, Clinical",Organization,https://www.moonstonecounselingcenter.com/,"""Moonstone Counseling"" Austin TX mental health practice"
1851234728,Mosaic Mind & Body Wellness,7372258836,8700 MENCHACA RD STE 805,Austin,TX,787485379,"Social Worker, Clinical",Organization,https://www.mosaicmindandbody.com/psychotherapy,"""Mosaic Mind & Body Wellness"" Austin TX mental health practice"
1821695610,My-emerge,5128614154,12343 HYMEADOW DR STE 3E,Austin,TX,787501858,"Social Worker, Clinical",Organization,,"""My-emerge"" Austin TX mental health practice"
1386175198,Nancy Sheppard Alderman,5125775998,202 N MOUNT RUSHMORE DR,Cedar Park,TX,786132333,"Social Worker, Clinical",Organization,,"""Nancy Sheppard Alderman"" Cedar Park TX mental health practice"
1861607186,National Mentor Healthcare,5123268866,4150 FREIDRICH LN BLDG N SUITE G,Austin,TX,787441800,"Social Worker, Clinical",Organization,,"""National Mentor Healthcare"" Austin TX mental health practice"
1609731132,Nature Corner Counseling,5127663454,13210 MADRONE MOUNTAIN WAY,Austin,TX,787378833,"Social Worker, Clinical",Organization,,"""Nature Corner Counseling"" Austin TX mental health practice"
1831988872,Nesting Place Therapy,8326176904,25700 INTERSTATE 45 N STE 4056,Spring,TX,773861364,"Social Worker, Clinical",Organization,https://www.nestingplacetherapy.com/,"""Nesting Place Therapy"" Spring TX mental health practice"
1265129274,New Beginnings Therapy & Consulting Services,2147718374,5900 BALCONES DR STE 100,Austin,TX,787314298,"Social Worker, Clinical",Organization,,"""New Beginnings Therapy & Consulting Services"" Austin TX mental health practice"
1437823481,New Edge Integrative Health,5124812475,8225 CROSS PARK DR #140712,Austin,TX,78714,"Social Worker, Clinical",Organization,,"""New Edge Integrative Health"" Austin TX mental health practice"
1336310754,New Leaf Counseling,5124660835,1704 1/2 S CONGRESS AVE SUITE P,Austin,TX,787043559,"Social Worker, Clinical",Organization,https://www.newleafcounseling.com/,"""New Leaf Counseling"" Austin TX mental health practice"
1659833648,North Austin Counseling And Evaluation.,5123684122,13809 RESEARCH BLVD STE 200,Austin,TX,787501165,"Clinic/Center, Mental Health (Including Community Mental Health Center)",Organization,,"""North Austin Counseling And Evaluation."" Austin TX mental health practice"
1285360529,North Austin Trauma Therapy,4043166902,5900 BALCONES DR STE 100,Austin,TX,787314298,"Social Worker, Clinical",Organization,https://www.northaustintraumatherapy.com/,"""North Austin Trauma Therapy"" Austin TX mental health practice"
1790603645,Nurtured Mind Therapy,5127684737,2525 WALLINGWOOD DR BLDG 1504,Austin,TX,787466923,"Social Worker, Clinical",Organization,,"""Nurtured Mind Therapy"" Austin TX mental health practice"
1841866555,Oakvine Recovery Center,5123682809,2631 GATTIS SCHOOL RD STE 455,Round Rock,TX,786642969,"Clinic/Center, Rehabilitation, Substance Use Disorder",Organization,,"""Oakvine Recovery Center"" Round Rock TX mental health practice"
1750149985,Ob Horak Counseling,5124022038,7600 CHEVY CHASE DR STE 300,Austin,TX,787521599,"Social Worker, Clinical",Organization,https://obhorak.com/,"""Ob Horak Counseling"" Austin TX mental health practice"
1871206532,Ocotillo Counseling,5125538210,6448 E HWY 290 STE F108,Austin,TX,787231042,Psychologist,Organization,https://www.ocotillocounseling.net/,"""Ocotillo Counseling"" Austin TX mental health practice"
1871420695,Parks & Associates Therapy And Consultation,5129568107,3517 COLORADO HIGH AVE,Austin,TX,787443338,"Social Worker, Clinical",Organization,,"""Parks & Associates Therapy And Consultation"" Austin TX mental health practice"
1396592481,Passion Flower Therapy Professional Limited Liability,7132680831,5900 BALCONES DR STE 100,Austin,TX,787314298,"Counselor, Mental Health",Organization,,"""Passion Flower Therapy Professional Limited Liability"" Austin TX mental health practice"
1053986679,Past And Present Therapy,5128279097,4131 SPICEWOOD SPRINGS RD STE 3,Austin,TX,787598661,"Social Worker, Clinical",Organization,https://www.pastandpresenttherapy.com/contact-us,"""Past And Present Therapy"" Austin TX mental health practice"
1164238952,Pathways To Health And Well-being,4698349925,13006 ARMAGA SPRINGS RD,Austin,TX,787273455,"Social Worker, Clinical",Organization,,"""Pathways To Health And Well-being"" Austin TX mental health practice"
1295084101,Phoenix Thriving,5125607294,3400 KERBEY LN,Austin,TX,787031455,"Social Worker, Clinical",Organization,https://www.phoenixthrivingtherapy.com/,"""Phoenix Thriving"" Austin TX mental health practice"
1386417210,Polaris Therapy,3072872639,1704 W KOENIG LN,Austin,TX,787561207,"Social Worker, Clinical",Organization,https://www.polaristherapy.com/,"""Polaris Therapy"" Austin TX mental health practice"
1124355490,Proper Care,5125858459,2007 SUNNY BROOK DR,Austin,TX,787233451,"Social Worker, Clinical",Organization,,"""Proper Care"" Austin TX mental health practice"
1669289245,Pura Vida Counseling,5122003379,4701 MONTEREY OAKS BLVD APT 14310,Austin,TX,787490925,"Social Worker, Clinical",Organization,https://puravidacounselingandwellness.com/,"""Pura Vida Counseling"" Austin TX mental health practice"
1407563794,Purple Stone Counseling,5122007335,5900 BALCONES DR STE 100,Austin,TX,787314298,"Social Worker, Clinical",Organization,https://www.purplestonecounseling.com/,"""Purple Stone Counseling"" Austin TX mental health practice"
1376994061,Rachel Glaser Lcsw,5042283168,1619 W 6TH ST,Austin,TX,787035059,"Social Worker, Clinical",Organization,https://www.rachelglaserlcsw.com/contact-1,"""Rachel Glaser Lcsw"" Austin TX mental health practice"
1831799865,Reflect & Renew Counseling Services,2109292381,5900 BALCONES DR STE 100,Austin,TX,787314298,"Social Worker, Clinical",Organization,https://reflectnrenew.com/,"""Reflect & Renew Counseling Services"" Austin TX mental health practice"
1003573155,Reno Gomez Lcsw,5127105184,8021 LINNIE LN,Austin,TX,787244817,"Social Worker, Clinical",Organization,,"""Reno Gomez Lcsw"" Austin TX mental health practice"
1467630608,Restore Fx,5124397360,4534 W GATE BLVD SUITE 112,Austin,TX,787451485,"Counselor, Addiction (Substance Use Disorder)",Organization,,"""Restore Fx"" Austin TX mental health practice"
1679187942,Revealing Hope Counseling,5129065683,805 W 10TH ST STE 302,Austin,TX,787012047,"Social Worker, Clinical",Organization,,"""Revealing Hope Counseling"" Austin TX mental health practice"
1003739905,Right Choice Therapeutic,8326561876,4803 TIMBER PATH DR,Humble,TX,773464464,"Social Worker, Clinical",Organization,,"""Right Choice Therapeutic"" Humble TX mental health practice"
1336925395,Rise Integrative Psychotherapy,5129340054,2525 WALLINGWOOD DR STE 800,Austin,TX,787466900,"Social Worker, Clinical",Organization,,"""Rise Integrative Psychotherapy"" Austin TX mental health practice"
1144626599,Roberson Counseling Center,5124967724,7701 NORTH LAMAR BLVD SUITE 206,Austin,TX,787521022,"Counselor, Professional",Organization,,"""Roberson Counseling Center"" Austin TX mental health practice"
1194112540,Robert P Wills,5124167246,14008 SHADOW GLEN BLVD SUITE 200,Manor,TX,786533396,"Pain Medicine, Interventional Pain Medicine",Organization,,"""Robert P Wills"" Manor TX mental health practice"
1407847957,Robert P Wills,5124167246,2501 W WILLIAM CANNON DR SUITE 401,Austin,TX,787455253,"Pain Medicine, Interventional Pain Medicine",Organization,,"""Robert P Wills"" Austin TX mental health practice"
1689967010,Robert P Wills,5124167246,3201 S AUSTIN AVE SUITE 265,Georgetown,TX,786267545,"Pain Medicine, Interventional Pain Medicine",Organization,,"""Robert P Wills"" Georgetown TX mental health practice"
1821380528,Robert P Wills,5124167246,711 W 38TH ST BLDG F-3,Austin,TX,787051121,"Pain Medicine, Interventional Pain Medicine",Organization,,"""Robert P Wills"" Austin TX mental health practice"
1306077482,Robert P Wills,5124167246,3201 S AUSTIN AVE SUITE 265,Georgetown,TX,786267537,"Pain Medicine, Interventional Pain Medicine",Organization,,"""Robert P Wills"" Georgetown TX mental health practice"
1033506472,Robert P Wills,5124167246,6611 RIVER PLACE BLVD SUITE 300,Austin,TX,787301162,"Pain Medicine, Interventional Pain Medicine",Organization,,"""Robert P Wills"" Austin TX mental health practice"
1134412562,Robert P Wills,5124167246,2501 W WILLIAM CANNON DR SUITE 401,Austin,TX,787455281,"Pain Medicine, Interventional Pain Medicine",Organization,,"""Robert P Wills"" Austin TX mental health practice"
1811289515,Robert P Wills,5124167246,351 CYPRESS CREEK RD SUITE 201,Cedar Park,TX,786134528,"Pain Medicine, Interventional Pain Medicine",Organization,,"""Robert P Wills"" Cedar Park TX mental health practice"
1326435769,Robert P Wills,5124167246,"5300 BEE CAVES RD BLDG 3, SUITE 200",West Lake Hills,TX,787465226,"Pain Medicine, Interventional Pain Medicine",Organization,,"""Robert P Wills"" West Lake Hills TX mental health practice"
1861989659,Robin G. Sontheimer,5854841954,5900 BALCONES DRIVE SUITE 100,Austin,TX,787314298,"Social Worker, Clinical",Organization,,"""Robin G. Sontheimer"" Austin TX mental health practice"
1235581380,Robyn Wendell Lcsw,5129105279,4425 S MO PAC EXPY SUITE 502,Austin,TX,787356723,"Social Worker, Clinical",Organization,https://www.robynwendelllcsw.com/,"""Robyn Wendell Lcsw"" Austin TX mental health practice"
1255027454,Rockrose Therapeutic Center,5125938510,8500 SHOAL CREEK BLVD STE 114,Austin,TX,787577591,"Social Worker, Clinical",Organization,https://rockrosetc.com/fees/,"""Rockrose Therapeutic Center"" Austin TX mental health practice"
1780516492,Rooted Reflection Therapy,4695535010,5900 BALCONES DR,Austin,TX,787314257,"Social Worker, Clinical",Organization,,"""Rooted Reflection Therapy"" Austin TX mental health practice"
1508512914,Rosehill Counseling,7135272600,5900 BALCONES DR STE 100,Austin,TX,787314298,"Social Worker, Clinical",Organization,https://rosehillcounseling.com/,"""Rosehill Counseling"" Austin TX mental health practice"
1891549366,Round Rock Outpatient Care,5125068503,1860 S LAKELINE BLVD,Cedar Park,TX,786133872,"Nurse Practitioner, Primary Care",Organization,,"""Round Rock Outpatient Care"" Cedar Park TX mental health practice"
1487361143,S Kincheloe Counseling,5127656657,2703 SOL WILSON AVE,Austin,TX,787022556,"Social Worker, Clinical",Organization,,"""S Kincheloe Counseling"" Austin TX mental health practice"
1477146496,S Kincheloe,5127656657,2603 WILLOW ST,Austin,TX,787025631,"Social Worker, Clinical",Organization,,"""S Kincheloe"" Austin TX mental health practice"
1962039883,Sabrina Smith Therapy,7372528187,2401 E 6TH ST STE 3037-175,Austin,TX,787023955,"Social Worker, Clinical",Organization,https://www.sabrinasmiththerapy.com/blog/,"""Sabrina Smith Therapy"" Austin TX mental health practice"
1326455809,Sage Recovery And Wellness Center,5123061394,"7004 BEE CAVE RD BLDG 2, SUITE 200",Austin,TX,787465004,Substance Abuse Rehabilitation Facility,Organization,https://www.sagerecoveryaustin.com/sage-recovery-wellness-center-2/,"""Sage Recovery And Wellness Center"" Austin TX mental health practice"
1881129328,Samaritan Center For Counseling And Pastoral Care,5124517337,8956 RESEARCH BLVD BLDG 2,Austin,TX,787585902,"Social Worker, Clinical",Organization,,"""Samaritan Center For Counseling And Pastoral Care"" Austin TX mental health practice"
1568283570,Sana Sana Counseling,8328995511,5900 BALCONES DR STE 100,Austin,TX,787314298,"Social Worker, Clinical",Organization,https://www.sanasanacounseling.com/,"""Sana Sana Counseling"" Austin TX mental health practice"
1346607165,Sarah Mccafferty Lcsw,5128153958,13706 RESEARCH BLVD,Austin,TX,787501882,"Social Worker, Clinical",Organization,,"""Sarah Mccafferty Lcsw"" Austin TX mental health practice"
1962212985,Sarah Mclaughlin Lcsw-s,7132028593,5601 TRACE CREEK PASS,Austin,TX,787247229,"Social Worker, Clinical",Organization,,"""Sarah Mclaughlin Lcsw-s"" Austin TX mental health practice"
1487278099,Sarah Pollard Psychotherapy,5129031314,3400 KERBEY LN STE A,Austin,TX,787031455,"Social Worker, Clinical",Organization,,"""Sarah Pollard Psychotherapy"" Austin TX mental health practice"
1669337796,Second Wave Counseling,5122402909,1713 FORTVIEW RD,Austin,TX,787047620,"Social Worker, Clinical",Organization,https://www.secondwavecounseling.com/,"""Second Wave Counseling"" Austin TX mental health practice"
1922847276,Sentia Mental Health And Wellness,2104297690,5900 BALCONES DR STE 100,Austin,TX,787314298,"Social Worker, Clinical",Organization,,"""Sentia Mental Health And Wellness"" Austin TX mental health practice"
1750118998,Sfc Change,7027064786,209 PEDERNALES ST,Austin,TX,787024744,"Social Worker, Clinical",Organization,,"""Sfc Change"" Austin TX mental health practice"
1114466364,Shalom Austin,5122501043,11940 JOLLYVILLE ROAD STE 110S,Austin,TX,787592327,"Social Worker, Clinical",Organization,https://shalomaustin.org/hours/,"""Shalom Austin"" Austin TX mental health practice"
1609418870,Shavon Mariah Social Services,7377813028,75 CHAMPIONS LN,San Antonio,TX,782571281,"Social Worker, Clinical",Organization,,"""Shavon Mariah Social Services"" San Antonio TX mental health practice"
1508329046,Sheerin Abbas Hall Lcsw,2052232947,3724 JEFFERSON ST STE 207,Austin,TX,787316221,"Social Worker, Clinical",Organization,,"""Sheerin Abbas Hall Lcsw"" Austin TX mental health practice"
1023554664,Shelly Cox Lcsw,5129978552,6611 RIVER PLACE BLVD SUITE 203,Austin,TX,787301162,"Social Worker, Clinical",Organization,,"""Shelly Cox Lcsw"" Austin TX mental health practice"
1275079527,Shilpapp,7032440577,13625 POND SPRINGS RD SUITE 105,Austin,TX,787294427,"Social Worker, Clinical",Organization,,"""Shilpapp"" Austin TX mental health practice"
1720971419,Simon Parker Therapy,2154368087,5900 BALCONES DR STE 100,Austin,TX,787314298,"Social Worker, Clinical",Organization,,"""Simon Parker Therapy"" Austin TX mental health practice"
1427616408,Soco Psychotherapy,5125929303,"4425 MOPAC EXPRESSWAY SOUTH BLDG II, SUITE 204",Austin,TX,78735,"Social Worker, Clinical",Organization,https://www.socopsychotherapy.com/,"""Soco Psychotherapy"" Austin TX mental health practice"
1437387552,Sol Associates,5125895164,3400 KERBEY LN,Austin,TX,787031455,"Social Worker, Clinical",Organization,,"""Sol Associates"" Austin TX mental health practice"
1225592710,Sol Community Counseling A Nonprofit,5125895164,13805 ANN PL,Austin,TX,787287702,"Counselor, Mental Health",Organization,,"""Sol Community Counseling A Nonprofit"" Austin TX mental health practice"
1073467791,Solace Counseling,2104305963,29749 MERIDIAN HILL DR,Spring,TX,773863450,"Social Worker, Clinical",Organization,https://solacecounseling.com/,"""Solace Counseling"" Spring TX mental health practice"
1649948191,Songbird Counseling,5128660324,2499 S CAPITAL OF TEXAS HWY STE A200,Austin,TX,787467753,"Social Worker, Clinical",Organization,https://www.songbirdcounseling.com/,"""Songbird Counseling"" Austin TX mental health practice"
1205689924,Soul Kind Counseling,2143804545,5900 BALCONES DR # 18364,Austin,TX,787314257,"Social Worker, Clinical",Organization,https://www.soulkindcounseling.com/,"""Soul Kind Counseling"" Austin TX mental health practice"
1952020786,Sprouting Branch Psychotherapy,5128317909,1801 W KOENIG LN,Austin,TX,787561208,"Psychologist, Clinical",Organization,,"""Sprouting Branch Psychotherapy"" Austin TX mental health practice"
1962035972,Stacey Rosas Lcsw,5125871107,5224 MOON SHADOW DR,Austin,TX,787356015,"Social Worker, Clinical",Organization,https://www.staceyhrosas.com/,"""Stacey Rosas Lcsw"" Austin TX mental health practice"
1225848138,States Become Traits,5123185929,14416 AMERICAN KESTREL DR,Austin,TX,787386520,"Social Worker, Clinical",Organization,,"""States Become Traits"" Austin TX mental health practice"
1720375686,Stephanie Dodoo Counseling & Consulting,5123741803,3810 MEDICAL PKWY SUITE 232,Austin,TX,787564026,"Social Worker, Clinical",Organization,,"""Stephanie Dodoo Counseling & Consulting"" Austin TX mental health practice"
1457007213,Still Waters Therapy And Trauma Recovery,5126438625,8700 MENCHACA RD STE 801,Austin,TX,787485379,"Social Worker, Clinical",Organization,,"""Still Waters Therapy And Trauma Recovery"" Austin TX mental health practice"
1508247669,Stone Creek Psychotherapy And Wellness,5127673925,6500 RIVER PLACE BLVD BLDG 7 SUITES 250,Austin,TX,787301119,"Social Worker, Clinical",Organization,https://stonecreektherapy.com/,"""Stone Creek Psychotherapy And Wellness"" Austin TX mental health practice"
1205243359,Suitable Solutions Therapy,5125931445,1102 W 6TH ST STE 200,Austin,TX,787035304,"Social Worker, Clinical",Organization,,"""Suitable Solutions Therapy"" Austin TX mental health practice"
1265318844,Sunflower Therapy,4077356176,5900 BALCONES DR STE 100,Austin,TX,787314298,"Social Worker, Clinical",Organization,,"""Sunflower Therapy"" Austin TX mental health practice"
1750213138,Sweet Balance Therapy Services,3464711090,3411 PADDOCK LANDING ST,Richmond,TX,774061038,"Social Worker, Clinical",Organization,,"""Sweet Balance Therapy Services"" Richmond TX mental health practice"
1497296230,Tammany Girten Psychotherapy,5126230426,6448 E HWY 290 STE F108,Austin,TX,787231068,"Social Worker, Clinical",Organization,,"""Tammany Girten Psychotherapy"" Austin TX mental health practice"
1336829704,Texas Aba Centers,5613236582,3724 EXECUTIVE CENTER DR STE G10,Austin,TX,787311665,Behavior Analyst,Organization,https://www.texasabacenters.com/es/,"""Texas Aba Centers"" Austin TX mental health practice"
1578277000,Texas Therapy Collective,5122651399,13470 NORTH RESEARCH BLVD.,Austin,TX,78750,"Social Worker, Clinical",Organization,,"""Texas Therapy Collective"" Austin TX mental health practice"
1588347710,Texas Trails Therapeutic Services,4044226269,1805 LONG RIFLE DR,Austin,TX,787545847,"Social Worker, Clinical",Organization,,"""Texas Trails Therapeutic Services"" Austin TX mental health practice"
1851967301,The Counseling Choice,5128837676,3217 HENDERSON PATH,Round Rock,TX,786653891,"Social Worker, Clinical",Organization,https://thecounselingchoice.com/healing-trauma-why-emdr-therapy-is-different/,"""The Counseling Choice"" Round Rock TX mental health practice"
1215261102,Therapy Partners Ltd,5129161111,4101 PARKSTONE HTS STE 260,Austin,TX,787467397,"Social Worker, Clinical",Organization,,"""Therapy Partners Ltd"" Austin TX mental health practice"
1881042414,Therapy Toward Wholeness,5129690847,5613 ADAMS AVE SUITE 404,Austin,TX,787561136,"Social Worker, Clinical",Organization,,"""Therapy Toward Wholeness"" Austin TX mental health practice"
1073406211,Thriving Point Counseling,7133475887,5900 BALCONES DR # 25625,Austin,TX,787314257,"Clinic/Center, Mental Health (Including Community Mental Health Center)",Organization,https://www.thrivingpointcounseling.com/,"""Thriving Point Counseling"" Austin TX mental health practice"
1114805082,Tierra Somos,5127668417,13740 N HIGHWAY 183 STE L2 #387,Austin,TX,78750,"Social Worker, Clinical",Organization,,"""Tierra Somos"" Austin TX mental health practice"
1982469649,Tina Alexander Lcsw,5125953245,6602 ASHLAND DR,Austin,TX,787233903,"Social Worker, Clinical",Organization,,"""Tina Alexander Lcsw"" Austin TX mental health practice"
1053408658,Tom C. Burditt Jr.,5123220209,2630 EXPOSITION BLVD STE 116,Austin,TX,787031758,"Social Worker, Clinical",Organization,,"""Tom C. Burditt Jr."" Austin TX mental health practice"
1871390351,Town Lake Therapy,7372171244,5808 BALCONES DR STE 101,Austin,TX,787314276,"Social Worker, Clinical",Organization,,"""Town Lake Therapy"" Austin TX mental health practice"
1972271831,Travis County Healthcare District,5129789288,1111 E CESAR CHAVEZ ST,Austin,TX,787024209,Internal Medicine,Organization,,"""Travis County Healthcare District"" Austin TX mental health practice"
1265283469,Treetop Sessions,5126565267,6202 SHADOW VALLEY DR UNIT B,Austin,TX,787314138,"Social Worker, Clinical",Organization,https://treetopsessions.com/,"""Treetop Sessions"" Austin TX mental health practice"
1629734025,Unmuck,5122775412,604 W 35TH ST,Austin,TX,787051207,"Social Worker, Clinical",Organization,,"""Unmuck"" Austin TX mental health practice"
1417700055,Valencia De La Tierra Lcsw,7378083512,6308 SANDSHOF DR,Austin,TX,787244317,"Social Worker, Clinical",Organization,,"""Valencia De La Tierra Lcsw"" Austin TX mental health practice"
1508691742,Valerian Counseling & Consulting,5122701258,5900 BALCONES DR # 8967,Austin,TX,787314257,"Social Worker, Clinical",Organization,,"""Valerian Counseling & Consulting"" Austin TX mental health practice"
1235187642,Vericare,8002578715,4200 JACKSON AVE,Austin,TX,787316060,"Psychologist, Clinical",Organization,,"""Vericare"" Austin TX mental health practice"
1538668306,Veritas Well-being,5125389086,6448 E HWY 290 STE F108,Austin,TX,787231042,"Social Worker, Clinical",Organization,,"""Veritas Well-being"" Austin TX mental health practice"
1164281911,Village Therapy,3252214760,5900 BALCONES DR # 22170,Austin,TX,787314257,"Social Worker, Clinical",Organization,,"""Village Therapy"" Austin TX mental health practice"
1437915105,Vita Healthcare,9159441706,5900 BALCONES DR # 18305,Austin,TX,787314257,"Social Worker, Clinical",Organization,https://vitahealthcaregroup.com/ginger-and-testosterone/,"""Vita Healthcare"" Austin TX mental health practice"
1114813607,Wellness Path Counseling,5122226003,9011 MOUNTAIN RIDGE DR STE 250,Austin,TX,787597640,"Social Worker, Clinical",Organization,,"""Wellness Path Counseling"" Austin TX mental health practice"
1003732629,Wellspace Family Servics,5123372324,5900 BALCONES DR STE 100,Austin,TX,787314298,"Social Worker, Clinical",Organization,,"""Wellspace Family Servics"" Austin TX mental health practice"
1962248898,Wendy Schuelke Therapy,5122226362,4601 SPICEWOOD SPRING BUILDING 3 SUITE 200F,Austin,TX,78759,"Social Worker, Clinical",Organization,,"""Wendy Schuelke Therapy"" Austin TX mental health practice"
1699195909,West Therapy Practice,5125868145,2224 WALSH TARLTON LN 110,Austin,TX,787467761,"Social Worker, Clinical",Organization,,"""West Therapy Practice"" Austin TX mental health practice"
1780381624,Whole Health Counselor,8323231779,5900 BALCONES DR # 24753,Austin,TX,787314257,"Social Worker, Clinical",Organization,,"""Whole Health Counselor"" Austin TX mental health practice"
1659994846,Wholehearted Counseling,7372418443,805 W 10TH ST STE 302,Austin,TX,787012047,"Social Worker, Clinical",Organization,https://www.wholehearted-counseling.com/,"""Wholehearted Counseling"" Austin TX mental health practice"
1285440941,Wilder Wellness,5127107853,5700 BALCONES DR STE 100,Austin,TX,787314204,"Counselor, Professional",Organization,,"""Wilder Wellness"" Austin TX mental health practice"
1982218558,Wise Zen Therapy,6094678746,1515 S CAPITAL OF TEXAS HWY STE 200,Austin,TX,787466544,"Social Worker, Clinical",Organization,https://wisezentherapy.com/about-me/,"""Wise Zen Therapy"" Austin TX mental health practice"
1659721058,Yellow Chair Counseling,5129050608,4315 AIRPORT BLVD SUITE B,Austin,TX,787221005,"Social Worker, Clinical",Organization,https://yellowchaircounseling.com/grayson.html,"""Yellow Chair Counseling"" Austin TX mental health practice"
1962106005,Yoga Jena Wellness,5125772255,5900 BALCONES DR STE 12078,Austin,TX,787314257,"Social Worker, Clinical",Organization,,"""Yoga Jena Wellness"" Austin TX mental health practice"
1316535644,You Rise Counseling,8328190766,5900 BALCONES DR STE 100,Austin,TX,787314298,"Social Worker, Clinical",Organization,https://www.risecounselingservice.com/,"""You Rise Counseling"" Austin TX mental health practice"
1053942219,Young Womens Christian Association Of Greater Austin,5123261222,2015 S INTERSTATE 35 STE 110,Austin,TX,787413810,Specialist,Organization,,"""Young Womens Christian Association Of Greater Austin"" Austin TX mental health practice"
1609669803,Your Evolving Truth Therapies,5122733534,5900 BALCONES DR STE 100,Austin,TX,787314298,"Social Worker, Clinical",Organization,https://yourevolvingtruth.com/,"""Your Evolving Truth Therapies"" Austin TX mental health practice"
1881800845,Youth And Family Alliance,5127352400,3700 S 1ST ST,Austin,TX,787047046,Specialist,Organization,https://ilalliance.org/events/childrens-mental-health-awareness-day/,"""Youth And Family Alliance"" Austin TX mental health practice"
1366271058,210 Counseling,2109995224,743 ESSEX ST,San Antonio,TX,782102213,"Counselor, Mental Health",Organization,https://www.210counseling.com/,"""210 Counseling"" San Antonio TX mental health practice"
1275943839,4davidcantu,2109770261,4811 FREDERICKSBURG RD SUITE B,San Antonio,TX,782293661,"Social Worker, Clinical",Organization,,"""4davidcantu"" San Antonio TX mental health practice"
1255937447,A New Start Counseling Services,2107051749,6609 BLANCO RD STE 325,San Antonio,TX,782166171,"Social Worker, Clinical",Organization,,"""A New Start Counseling Services"" San Antonio TX mental health practice"
1154935476,A Work Of Heart Therapy,2109355888,10650 CULEBRA RD # 104-174,San Antonio,TX,782514949,"Social Worker, Clinical",Organization,,"""A Work Of Heart Therapy"" San Antonio TX mental health practice"
1699382663,A-v Support Services,2108377735,4302 FIRST VIEW DR,San Antonio,TX,782173634,"Social Worker, Clinical",Organization,,"""A-v Support Services"" San Antonio TX mental health practice"
1790416790,Active Behavioral Goals,3479274409,13242 HUNTERS BREEZE ST,San Antonio,TX,782302867,"Social Worker, Clinical",Organization,,"""Active Behavioral Goals"" San Antonio TX mental health practice"
1174232797,Active Behavioral Group,3479274409,13242 HUNTERS BREEZE ST,San Antonio,TX,782302867,"Social Worker, Clinical",Organization,,"""Active Behavioral Group"" San Antonio TX mental health practice"
1104231349,Adam Bruggeman,2108024662,3619 PAESANOS PKWY STE 302,San Antonio,TX,782311259,"Orthopaedic Surgery, Orthopaedic Surgery of the Spine",Organization,,"""Adam Bruggeman"" San Antonio TX mental health practice"
1902067028,Adhd Plus,2104032343,1370 PANTHEON WAY STE 250,San Antonio,TX,782322290,"Pediatrics, Developmental - Behavioral Pediatrics",Organization,,"""Adhd Plus"" San Antonio TX mental health practice"
1407724867,Adriana Birdsong Lcsw,9152284855,13207 BRAXON PASS,San Antonio,TX,782534349,"Social Worker, Clinical",Organization,,"""Adriana Birdsong Lcsw"" San Antonio TX mental health practice"
1770236283,Adriana Birdsong Lcsw,9152284855,13207 BRAXON PASS,San Antonio,TX,782534349,"Social Worker, Clinical",Organization,,"""Adriana Birdsong Lcsw"" San Antonio TX mental health practice"
1225396005,Adult Parent Family Child,2109799437,8400 BLANCO RD SUITE 206,San Antonio,TX,782163055,"Social Worker, Clinical",Organization,,"""Adult Parent Family Child"" San Antonio TX mental health practice"
1336778778,Agentix Counseling Coaching & Consulting,2108646658,9626 ROCHELLE RD,San Antonio,TX,782402735,"Counselor, Professional",Organization,,"""Agentix Counseling Coaching & Consulting"" San Antonio TX mental health practice"
1962597716,Alamo Area Resource Center,2105910213,303 N FRIO ST,San Antonio,TX,782073034,Voluntary or Charitable,Organization,https://addictionresource.com/listings/alamo-area-resource-center-san-antonio-texas/,"""Alamo Area Resource Center"" San Antonio TX mental health practice"
1336206275,Alamo Behavioral Health Associates,2106148400,4242 MEDICAL DR SUITE 6300,San Antonio,TX,782295640,"Nurse Practitioner, Psych/Mental Health",Organization,,"""Alamo Behavioral Health Associates"" San Antonio TX mental health practice"
1528301579,Alamo Heights Counseling,2108222600,900 NE LOOP 410 STE D200,San Antonio,TX,782091407,"Counselor, Professional",Organization,https://alamoheightscounseling.com/,"""Alamo Heights Counseling"" San Antonio TX mental health practice"
1730732496,Alamo Ranch Counseling & Wellness,2105702060,3303 ROGERS RD STE 100,San Antonio,TX,782513688,"Counselor, Professional",Organization,https://www.alamoranchcounseling.com/,"""Alamo Ranch Counseling & Wellness"" San Antonio TX mental health practice"
1982312567,Alana Underwood,2395659727,528 CEREMONIAL RDG,San Antonio,TX,782606419,"Social Worker, Clinical",Organization,,"""Alana Underwood"" San Antonio TX mental health practice"
1396498747,Alaniz Family Wellness,2103906696,7438 TALL CEDAR,San Antonio,TX,78249,"Social Worker, Clinical",Organization,,"""Alaniz Family Wellness"" San Antonio TX mental health practice"
1609503903,Alliance Psychology,2109265777,23119 WEST I-10 FRONTAGE ROAD UNIT 10,San Antonio,TX,78257,"Psychologist, Clinical",Organization,https://www.alliancepsychologytx.com/psychiatric-care,"""Alliance Psychology"" San Antonio TX mental health practice"
1538874847,Apela Licensure Supervision & Counseling,8283372709,15706 CRIMSON TOPAZ,San Antonio,TX,782537224,"Social Worker, Clinical",Organization,,"""Apela Licensure Supervision & Counseling"" San Antonio TX mental health practice"
1558935502,B&l Psychotherapy And Consulting,8307195024,14603 HUEBNER RD BLDG 32,San Antonio,TX,782305505,"Social Worker, Clinical",Organization,https://bandltherapy.com/about/,"""B&l Psychotherapy And Consulting"" San Antonio TX mental health practice"
1124956073,Balanced Life Enterprises,8323030967,8131 W HAUSMAN RD,San Antonio,TX,782493967,"Social Worker, Clinical",Organization,,"""Balanced Life Enterprises"" San Antonio TX mental health practice"
1346914926,Battling Minds,2103255809,909 NE LOOP 410 STE 634,San Antonio,TX,782091309,"Social Worker, Clinical",Organization,,"""Battling Minds"" San Antonio TX mental health practice"
1639291594,Bay Area Injury Rehabilitation,2815341133,3750 MEDICAL PARK DRIVE SUITE 200,Dickinson,TX,77539,Occupational Therapist,Organization,,"""Bay Area Injury Rehabilitation"" Dickinson TX mental health practice"
1235768250,Behavioral Support & Nursing Services,2102462334,1600 NE LOOP 410 STE 105,San Antonio,TX,782091612,"Counselor, Mental Health",Organization,,"""Behavioral Support & Nursing Services"" San Antonio TX mental health practice"
1568737922,Belto-schraub Services,2104991020,19206 HUEBNER RD SUITE 104,San Antonio,TX,782583146,"Social Worker, Clinical",Organization,,"""Belto-schraub Services"" San Antonio TX mental health practice"
1427658954,Beyond The Root Counseling And Consulting,2109371049,24028 GAVARRA,San Antonio,TX,782612971,"Social Worker, Clinical",Organization,https://beyondtherootcounseling.com/,"""Beyond The Root Counseling And Consulting"" San Antonio TX mental health practice"
1720923865,Bloom Counseling Services,2102015015,1209 S SAINT MARYS ST STE 242,San Antonio,TX,782101245,"Social Worker, Clinical",Organization,https://www.bloomcounselingnc.com/,"""Bloom Counseling Services"" San Antonio TX mental health practice"
1407030281,Burdin Healthcare Holdings,2106906992,9502 COMPUTER DR SUITE 200,San Antonio,TX,782292382,"Chiropractor, Neurology",Organization,,"""Burdin Healthcare Holdings"" San Antonio TX mental health practice"
1609567965,Bvoy Counseling,2106381934,602 HOOD ST,San Antonio,TX,782081727,"Social Worker, Clinical",Organization,https://bvoycounseling.com/,"""Bvoy Counseling"" San Antonio TX mental health practice"
1609203413,C.h. Fuller & Associates,2109701511,12951 HUEBNER RD STE 781466,San Antonio,TX,782309998,"Social Worker, Clinical",Organization,,"""C.h. Fuller & Associates"" San Antonio TX mental health practice"
1639016025,Cabrini Counseling Services,2104185985,6304 MASTERSON RD APT 715,San Antonio,TX,782521899,"Social Worker, Clinical",Organization,https://cabrinicounseling.com/,"""Cabrini Counseling Services"" San Antonio TX mental health practice"
1447971122,Calliope's Corner,2103921643,6531 FM 78 STE 110-475,San Antonio,TX,782441454,Community/Behavioral Health,Organization,https://calliopescornersa.com/,"""Calliope's Corner"" San Antonio TX mental health practice"
1487546677,Calm Corner Counseling Services,2108592916,10127 DIXON WOOD,San Antonio,TX,782451845,"Social Worker, Clinical",Organization,,"""Calm Corner Counseling Services"" San Antonio TX mental health practice"
1487323077,Captured Through The Lens,2109640142,21750 HARDY OAK BLVD STE 102,San Antonio,TX,78258,"Social Worker, Clinical",Organization,https://momentscapturedthroughthelens.wordpress.com/tag/captures-of-moving-objects/,"""Captured Through The Lens"" San Antonio TX mental health practice"
1669506192,Catholic Charities Archdiocese Of San Antonio,2103771133,2911 S NEW BRAUNFELS AVE,San Antonio,TX,782105220,"Social Worker, Clinical",Organization,https://www.catholiccharitiesusa.org/members/catholic-charities-archdiocese-of-san-antonio/,"""Catholic Charities Archdiocese Of San Antonio"" San Antonio TX mental health practice"
1063832954,Christopher Soulsby,2106941311,11122 WURZBACH RD STE 104,San Antonio,TX,782302574,"Social Worker, Clinical",Organization,https://christopher-soulsby.ueniweb.com/,"""Christopher Soulsby"" San Antonio TX mental health practice"
1063011047,Concentric Counseling And Coaching,2108121116,7113 SAN PEDRO AVE # 493,San Antonio,TX,782166219,Community/Behavioral Health,Organization,,"""Concentric Counseling And Coaching"" San Antonio TX mental health practice"
1619408275,Counseling San Antonio And Wellness Center,2109806002,7272 WURZBACH RD STE 203,San Antonio,TX,782404802,"Social Worker, Clinical",Organization,,"""Counseling San Antonio And Wellness Center"" San Antonio TX mental health practice"
1932519063,Counseling4life,2102090642,16607 BLANCO RD STE 1404,San Antonio,TX,782321945,"Counselor, Professional",Organization,,"""Counseling4life"" San Antonio TX mental health practice"
1245460542,D Brent Evans Lmsw Acp,2106999290,8607 WURZBACH RD V-201,San Antonio,TX,782401303,"Social Worker, Clinical",Organization,,"""D Brent Evans Lmsw Acp"" San Antonio TX mental health practice"
1386035996,Darrell Parsons Lcsw,2103244900,7434 LOUIS PASTEUR DR SUITE 22,San Antonio,TX,782294538,"Social Worker, Clinical",Organization,,"""Darrell Parsons Lcsw"" San Antonio TX mental health practice"
1033171954,David B Franklin,2104902648,19206 HUEBNER RD SUITE 104,San Antonio,TX,782583146,"Social Worker, Clinical",Organization,,"""David B Franklin"" San Antonio TX mental health practice"
1831019090,De Colores Counseling,8303493277,8335 ANGELINA PARKE,San Antonio,TX,782544508,"Social Worker, Clinical",Organization,https://www.decolorescounselingconsulting.com/,"""De Colores Counseling"" San Antonio TX mental health practice"
1639714678,Deborah Levi Lane Lcsw,2103264294,16019 VIA SHAVANO,San Antonio,TX,782492370,"Social Worker, Clinical",Organization,,"""Deborah Levi Lane Lcsw"" San Antonio TX mental health practice"
1003445818,Deep Dive Individual And Family Counseling Services,2106434058,909 NE LOOP 410 STE 634,San Antonio,TX,782091309,"Counselor, Mental Health",Organization,,"""Deep Dive Individual And Family Counseling Services"" San Antonio TX mental health practice"
1851258826,Deer Oaks Geriatric Services P C,2106153483,7272 WURZBACH RD STE 601,San Antonio,TX,782404803,"Social Worker, Clinical",Organization,,"""Deer Oaks Geriatric Services P C"" San Antonio TX mental health practice"
1518052208,Dolores T. Garcia Dba Omni Counseling & Consulting,2107339929,4415 W PIEDRAS DR SUITE 208,San Antonio,TX,782281216,"Social Worker, Clinical",Organization,,"""Dolores T. Garcia Dba Omni Counseling & Consulting"" San Antonio TX mental health practice"
1548286172,Driscoll Childrens Hospital,3616944833,3533 SOUTH ALAMEDA STREET,Corpus Christi,TX,784111721,"General Acute Care Hospital, Children",Organization,,"""Driscoll Childrens Hospital"" Corpus Christi TX mental health practice"
1316126675,El Centro Del Barrio,2103343700,3750 COMMERCIAL AVE,San Antonio,TX,782213117,"Clinic/Center, Federally Qualified Health Center (FQHC)",Organization,,"""El Centro Del Barrio"" San Antonio TX mental health practice"
1497876742,El Paso Area Injury Rehabilitation,9155909355,11204 MONTWOOD DR,El Paso,TX,799364241,Occupational Therapist,Organization,,"""El Paso Area Injury Rehabilitation"" El Paso TX mental health practice"
1619548625,Elevated Counseling Services,1086449362,1777 NE LOOP 410 STE 600-675,San Antonio,TX,782175209,"Social Worker, Clinical",Organization,,"""Elevated Counseling Services"" San Antonio TX mental health practice"
1053247080,Elizabeth Shelby Walter,8302121663,10615 PERRIN BEITEL RD STE 400,San Antonio,TX,782173141,"Social Worker, Clinical",Organization,,"""Elizabeth Shelby Walter"" San Antonio TX mental health practice"
1013657261,Emdr-counseling,2102399597,18911 HARDY OAK BLVD,San Antonio,TX,782584967,"Social Worker, Clinical",Organization,https://kirklandemdr.com/,"""Emdr-counseling"" San Antonio TX mental health practice"
1578658639,Evergreen Elder Care,2108262116,7340 BLANCO RD SUITE 1122,San Antonio,TX,782164966,Psychologist,Organization,,"""Evergreen Elder Care"" San Antonio TX mental health practice"
1386154086,Family Life Counseling,2106750066,4606 CENTERVIEW STE 185,San Antonio,TX,782281230,"Social Worker, Clinical",Organization,,"""Family Life Counseling"" San Antonio TX mental health practice"
1528115011,Family Service Association Of San Antonio,2102992400,702 SAN PEDRO AVE,San Antonio,TX,78212,"Counselor, Professional",Organization,,"""Family Service Association Of San Antonio"" San Antonio TX mental health practice"
1457726499,Family Ties Counseling Services,2102578383,1635 SOMERSET RD STE 101,San Antonio,TX,782113022,"Counselor, Professional",Organization,,"""Family Ties Counseling Services"" San Antonio TX mental health practice"
1174667620,Geriatric Mental Health Specialists,2109248136,406 SHARMAIN PL,San Antonio,TX,782211846,"Social Worker, Clinical",Organization,,"""Geriatric Mental Health Specialists"" San Antonio TX mental health practice"
1295479772,Golden Pathos Healing,6198715090,1779 NACOGDOCHES RD,San Antonio,TX,782092763,"Social Worker, Clinical",Organization,,"""Golden Pathos Healing"" San Antonio TX mental health practice"
1194598573,Green Lotus Wellness,2103175747,1110 HIDDEN ARROW,San Antonio,TX,782582708,"Social Worker, Clinical",Organization,https://www.greenlotusyogactr.com/new-to-green-lotus-yoga,"""Green Lotus Wellness"" San Antonio TX mental health practice"
1740659549,Grigsby Consulting,2103153485,1846 LOCKHILL SELMA RD SUITE 106,San Antonio,TX,782131570,"Social Worker, Clinical",Organization,,"""Grigsby Consulting"" San Antonio TX mental health practice"
1356966808,Grit & Grace Counseling,2104466454,11653 GALM RD BLDG 2,San Antonio,TX,782549506,Counselor,Organization,https://www.gritandgracecounseling.com/,"""Grit & Grace Counseling"" San Antonio TX mental health practice"
1306247085,Groh Counseling,2104398887,325 E SONTERRA BLVD SUITE 230,San Antonio,TX,782584054,"Social Worker, Clinical",Organization,,"""Groh Counseling"" San Antonio TX mental health practice"
1649006685,Growth And Resilience,2108605086,5131 TIMBER GALE ST,San Antonio,TX,782504304,"Social Worker, Clinical",Organization,,"""Growth And Resilience"" San Antonio TX mental health practice"
1538012083,Harmony Social Services,2105804267,8627 CINNAMON CREEK DR BLDG 401,San Antonio,TX,782401482,"Social Worker, Clinical",Organization,,"""Harmony Social Services"" San Antonio TX mental health practice"
1982325627,Healing Connections Therapy,9564633064,20410 LORENA XING,San Antonio,TX,782644082,"Social Worker, Clinical",Organization,https://www.healingconnectionsonline.com/blog/?pn=3,"""Healing Connections Therapy"" San Antonio TX mental health practice"
1073189395,Healing Talks,2109525114,8543 STATE HIGHWAY 151 APT 1117,San Antonio,TX,782453274,"Social Worker, Clinical",Organization,,"""Healing Talks"" San Antonio TX mental health practice"
1700258035,Hip- Healthy Innovative Processes,2104477373,5282 MEDICAL DR STE 605,San Antonio,TX,782296114,Case Management,Organization,https://www.hip-sa.org/blog,"""Hip- Healthy Innovative Processes"" San Antonio TX mental health practice"
1770340069,Hoelscher Therapy,5129445841,7115 SUMMER WAY,San Antonio,TX,782402459,"Social Worker, Clinical",Organization,https://hoelschertherapy.com/,"""Hoelscher Therapy"" San Antonio TX mental health practice"
1548641640,Holding Space,2109205808,2161 NW MILITARY HWY STE 200,San Antonio,TX,782131844,"Social Worker, Clinical",Organization,https://centreforholdingspace.com/wonder-wonder-wander-my-threefold-spiritual-and-mental-health-practice/,"""Holding Space"" San Antonio TX mental health practice"
1528626355,Holguingrado Clinical Services,6147821747,12915 JONES MALTSBERGER RD STE 202,San Antonio,TX,782474282,"Social Worker, Clinical",Organization,,"""Holguingrado Clinical Services"" San Antonio TX mental health practice"
1124749288,Holistic Aliveness Therapy,2102659006,117 SPRUCE ST,San Antonio,TX,782031343,"Social Worker, Clinical",Organization,,"""Holistic Aliveness Therapy"" San Antonio TX mental health practice"
1194068585,Imagine Counseling,2104799300,4081 DEZAVALA RD SUITE 1,San Antonio,TX,782492082,"Social Worker, Clinical",Organization,https://imaginecounselingspokane.com/,"""Imagine Counseling"" San Antonio TX mental health practice"
1205535226,Inbodied,2533440769,216 QUENTIN DR,San Antonio,TX,782013730,"Social Worker, Clinical",Organization,,"""Inbodied"" San Antonio TX mental health practice"
1639761976,Inspire Self-care Centers Usa,2108345017,18817 FM 2252 # 5B,San Antonio,TX,782662729,"Counselor, Mental Health",Organization,,"""Inspire Self-care Centers Usa"" San Antonio TX mental health practice"
1811820467,International Network Of Creative Seniors And Affiliates,2107928202,10119 WESTOVER BLF # 102,San Antonio,TX,782513347,"Social Worker, Clinical",Organization,,"""International Network Of Creative Seniors And Affiliates"" San Antonio TX mental health practice"
1679606701,Jewish Family Service Of San Antonio Texas,2103026920,"12500 NW MILITARY HWY, STE 250",San Antonio,TX,78231,"Counselor, Mental Health",Organization,,"""Jewish Family Service Of San Antonio Texas"" San Antonio TX mental health practice"
1043404841,John G. Dimler,2106148452,4204 GARDENDALE ST SUITE 203,San Antonio,TX,782293132,"Counselor, Professional",Organization,,"""John G. Dimler"" San Antonio TX mental health practice"
1285008201,Joseph M Montaldi,2102014824,7434 LOUIS PASTEUR DR 22,San Antonio,TX,782294538,"Social Worker, Clinical",Organization,https://www.josephmontaldilcsw.com/,"""Joseph M Montaldi"" San Antonio TX mental health practice"
1609168111,Julie B Gowen,2102194991,16607 BLANCO RD SUITE 12101,San Antonio,TX,782321913,"Social Worker, Clinical",Organization,,"""Julie B Gowen"" San Antonio TX mental health practice"
1093309429,Kimberly Goodwin Lcsw-s,2108573096,12119 CHERRY BLOSSOM ST,San Antonio,TX,782474311,"Social Worker, Clinical",Organization,,"""Kimberly Goodwin Lcsw-s"" San Antonio TX mental health practice"
1235561325,King Counseling,8889583545,909 NE LOOP 410 STE 903,San Antonio,TX,782091302,"Social Worker, Clinical",Organization,https://anniekingcounseling.com/,"""King Counseling"" San Antonio TX mental health practice"
1477909208,Klarisana,2105561430,6335 CAMP BULLIS RD,San Antonio,TX,782579720,"Social Worker, Clinical",Organization,https://www.klarisana.com/locations/ketamine-treatment-san-antonio/,"""Klarisana"" San Antonio TX mental health practice"
1033943535,Let's Talk Therapy,2107272570,9258 CULEBRA RD STE 110,San Antonio,TX,782512872,Counselor,Organization,,"""Let's Talk Therapy"" San Antonio TX mental health practice"
1043742406,Lgm Counseling Center,2106189680,302 E JOSEPHINE ST STE 1101,San Antonio,TX,782151161,"Social Worker, Clinical",Organization,,"""Lgm Counseling Center"" San Antonio TX mental health practice"
1740935907,Light On The Horizon,5743861973,212 PLACID DR,San Antonio,TX,782285029,"Social Worker, Clinical",Organization,https://onehorizonafrica.com/cultural/light-on-the-horizon/,"""Light On The Horizon"" San Antonio TX mental health practice"
1679926083,Living In Authority,2489247999,9100 W IH 10 STE 250,San Antonio,TX,782303113,"Social Worker, Clinical",Organization,,"""Living In Authority"" San Antonio TX mental health practice"
1013038397,Lubbock Accident & Injury,8067937246,5201 INDIANA AVE,Lubbock,TX,794134213,Social Worker,Organization,,"""Lubbock Accident & Injury"" Lubbock TX mental health practice"
1982161881,Lyons Behavioral Health Consultants,2108650165,13497 WETMORE RD,San Antonio,TX,782473185,"Social Worker, Clinical",Organization,,"""Lyons Behavioral Health Consultants"" San Antonio TX mental health practice"
1659970390,Maggie A Clifford Counseling,2108978750,18834 STONE OAK PKWY STE 104,San Antonio,TX,782584177,"Social Worker, Clinical",Organization,,"""Maggie A Clifford Counseling"" San Antonio TX mental health practice"
1184957441,Mary L. Wagner,2108216464,313 ENCINO AVENUE,San Antonio,TX,78209,"Social Worker, Clinical",Organization,,"""Mary L. Wagner"" San Antonio TX mental health practice"
1669186862,Meadow Lane Counseling,2109068962,404 E RAMSEY RD STE 114,San Antonio,TX,782164666,"Social Worker, Clinical",Organization,https://www.meadowlanecounseling.com/contact,"""Meadow Lane Counseling"" San Antonio TX mental health practice"
1013655166,Megan Luke Lcsw,2108820263,323 DEVINE ST,San Antonio,TX,782101501,"Social Worker, Clinical",Organization,,"""Megan Luke Lcsw"" San Antonio TX mental health practice"
1598650012,Melisa Martinez Lcsw Therapeutic Services,8063160111,24345 WILDERNESS OAK APT 1108,San Antonio,TX,782587878,"Social Worker, Clinical",Organization,,"""Melisa Martinez Lcsw Therapeutic Services"" San Antonio TX mental health practice"
1760076632,Mental Instrumental Health Outreach,2103794452,7458 LOUIS PASTEUR DR APT 806,San Antonio,TX,782294518,"Social Worker, Clinical",Organization,,"""Mental Instrumental Health Outreach"" San Antonio TX mental health practice"
1043719743,Mind & Body Connection,2104818673,4242 WOODCOCK DR STE 201,San Antonio,TX,782281325,"Social Worker, Clinical",Organization,,"""Mind & Body Connection"" San Antonio TX mental health practice"
1649653908,Mind Sight,2108191435,1314 FONTAINE DR,San Antonio,TX,782192515,"Social Worker, Clinical",Organization,,"""Mind Sight"" San Antonio TX mental health practice"
1457826620,Mindful Connections Of South Texas Therapy & Consulting,2109201663,6609 BLANCO RD STE 365,San Antonio,TX,782166171,"Social Worker, Clinical",Organization,,"""Mindful Connections Of South Texas Therapy & Consulting"" San Antonio TX mental health practice"
1013842913,Mindful Space Therapy,2109348877,24405 WILDERNESS OAK STE D,San Antonio,TX,782587874,"Social Worker, Clinical",Organization,,"""Mindful Space Therapy"" San Antonio TX mental health practice"
1730965088,Mindful Vida Counseling,7377478349,3030 NACOGDOCHES RD STE 120,San Antonio,TX,782174502,"Social Worker, Clinical",Organization,,"""Mindful Vida Counseling"" San Antonio TX mental health practice"
1083012314,Mjk Family Therapy,7062473515,19206 HUEBNER RD SUITE 104,San Antonio,TX,782583146,"Social Worker, Clinical",Organization,,"""Mjk Family Therapy"" San Antonio TX mental health practice"
1659264588,Mopani Mental Health Services,8303918934,4715 FREDERICKSBURG RD STE 103,San Antonio,TX,782293600,"Social Worker, Clinical",Organization,https://mopanimentalhealthservices.com/,"""Mopani Mental Health Services"" San Antonio TX mental health practice"
1295607315,Mpac Mental Health Texas,8887058722,501 OGDEN ST,San Antonio,TX,782124325,"Social Worker, Clinical",Organization,,"""Mpac Mental Health Texas"" San Antonio TX mental health practice"
1316515489,Msc Health Texas,8302504456,917 10TH ST STE 123,Floresville,TX,781141851,"Clinic/Center, End-Stage Renal Disease (ESRD) Treatment",Organization,,"""Msc Health Texas"" Floresville TX mental health practice"
1356109219,My Clinician Resources,2104226703,1719 EAGLE PT,San Antonio,TX,782481311,"Social Worker, Clinical",Organization,,"""My Clinician Resources"" San Antonio TX mental health practice"
1023636826,New Horizon Counseling,2106003284,4115 MEDICAL DR STE 408,San Antonio,TX,782295637,"Social Worker, Clinical",Organization,http://www.newhorizoncounseling.com/,"""New Horizon Counseling"" San Antonio TX mental health practice"
1477198141,Northeast Counseling Center,2104044317,12915 JONES MALTSBERGER RD STE 201,San Antonio,TX,782474540,"Social Worker, Clinical",Organization,https://www.northeastcounselingcenternb.com/,"""Northeast Counseling Center"" San Antonio TX mental health practice"
1306952304,Omni Layne Counseling,2108181707,3740 COLONY DR SUITE 122,San Antonio,TX,782302290,"Psychologist, Group Psychotherapy",Organization,https://omnilaynecounseling.com/,"""Omni Layne Counseling"" San Antonio TX mental health practice"
1356221014,Open Road Counseling,2109064860,4402 VANCE JACKSON RD STE 112,San Antonio,TX,782305333,"Social Worker, Clinical",Organization,https://openroadcounseling.com/,"""Open Road Counseling"" San Antonio TX mental health practice"
1770237778,Our Adventure Time,7868006513,10422 HUEBNER RD APT 3202,San Antonio,TX,782401396,Behavior Analyst,Organization,,"""Our Adventure Time"" San Antonio TX mental health practice"
1710517594,Peace Of Mind Counseling And Consulting,2109950144,10434 BRANCH POST,San Antonio,TX,782452436,"Social Worker, Clinical",Organization,,"""Peace Of Mind Counseling And Consulting"" San Antonio TX mental health practice"
1396392924,Peaceful Revolution,2107647767,4414 CENTERVIEW STE 273,San Antonio,TX,782281405,"Social Worker, Clinical",Organization,,"""Peaceful Revolution"" San Antonio TX mental health practice"
1407625007,Perez Clinical Psychotherapy,2103925369,2121 LOCKHILL SELMA RD,San Antonio,TX,782131410,"Social Worker, Clinical",Organization,,"""Perez Clinical Psychotherapy"" San Antonio TX mental health practice"
1528473683,Performance Associates Of South Texas,2104813727,20079 STONE OAK PKWY SUITE 1275,San Antonio,TX,782586942,"Counselor, Mental Health",Organization,,"""Performance Associates Of South Texas"" San Antonio TX mental health practice"
1083949606,Pflipsen Enterprises,2103028226,9901 IH 10 W SUITE 800,San Antonio,TX,782302246,"Social Worker, Clinical",Organization,,"""Pflipsen Enterprises"" San Antonio TX mental health practice"
1013540228,Pnuema Stance Mind Care And Consulting,5757406736,2504 MONTAGUE COUNTY DR,Killeen,TX,765491609,"Social Worker, Clinical",Organization,,"""Pnuema Stance Mind Care And Consulting"" Killeen TX mental health practice"
1760375471,Praxis Counseling And Therapy,2102398071,4241 WOODCOCK DR STE C210,San Antonio,TX,782281328,"Social Worker, Clinical",Organization,https://www.praxistherapypllc.com/,"""Praxis Counseling And Therapy"" San Antonio TX mental health practice"
1023789823,Precision Counseling,2106274017,7400 BLANCO RD STE 126,San Antonio,TX,782164361,"Clinic/Center, Rehabilitation, Substance Use Disorder",Organization,,"""Precision Counseling"" San Antonio TX mental health practice"
1023650405,Purple Couch Counseling & Consulting,2102159955,4115 MEDICAL DR STE 5207,San Antonio,TX,782295657,"Social Worker, Clinical",Organization,,"""Purple Couch Counseling & Consulting"" San Antonio TX mental health practice"
1033820303,Rae Therapy Pllc Amanda Rae Reyes Sole Mbr,2108335566,5214 SEASHORE BLVD,San Antonio,TX,782453920,"Social Worker, Clinical",Organization,,"""Rae Therapy Pllc Amanda Rae Reyes Sole Mbr"" San Antonio TX mental health practice"
1588380869,Raven Counseling,2109601695,1318 OBLATE DR,San Antonio,TX,782166856,"Social Worker, Clinical",Organization,https://www.raven-counseling.com/,"""Raven Counseling"" San Antonio TX mental health practice"
1447041389,Re-start To Re-adjust Counseling,2107237227,660 SW MILITARY DR STE N,San Antonio,TX,782211679,"Counselor, Mental Health",Organization,,"""Re-start To Re-adjust Counseling"" San Antonio TX mental health practice"
1851861835,Restorative Pathways,2104523373,18945 FM 2252 STE 116,Garden Ridge,TX,782662797,"Social Worker, Clinical",Organization,https://www.restorative-pathways.com/,"""Restorative Pathways"" Garden Ridge TX mental health practice"
1447733647,Rhapsody Counseling And Wellness Center,2102869339,11901 TOEPPERWEIN RD STE 1106,Live Oak,TX,782333159,"Social Worker, Clinical",Organization,https://rhapsodycounseling.com/rhapsody-counseling-therapists-in-san-antonio/,"""Rhapsody Counseling And Wellness Center"" Live Oak TX mental health practice"
1093523789,Rise Recovery,2102272634,2803 MOSSROCK,San Antonio,TX,782305117,"Clinic/Center, Rehabilitation, Substance Use Disorder",Organization,,"""Rise Recovery"" San Antonio TX mental health practice"
1912256710,Robin Steinher Gans Lcsw,2102691130,20079 STONE OAK PKWY STE 1240,San Antonio,TX,782586980,"Social Worker, Clinical",Organization,,"""Robin Steinher Gans Lcsw"" San Antonio TX mental health practice"
1912173063,Rodney C. Keller,2104154278,319 E MULBERRY AVE,San Antonio,TX,782123024,"Social Worker, Clinical",Organization,,"""Rodney C. Keller"" San Antonio TX mental health practice"
1588774582,Rosa Verde Family Health Group,2104722090,1207 BROOKLYN AVE,San Antonio,TX,782124804,Marriage & Family Therapist,Organization,,"""Rosa Verde Family Health Group"" San Antonio TX mental health practice"
1083774046,Roy Maas' Youth Alternatives,8308162425,121 OLD SAN ANTONIO RD,Boerne,TX,780063415,"Social Worker, Clinical",Organization,,"""Roy Maas' Youth Alternatives"" Boerne TX mental health practice"
1548939903,San Antonio Authentic Counseling,2104803995,4100 E PIEDRAS DR STE 162,San Antonio,TX,782282502,"Social Worker, Clinical",Organization,https://www.sanantonioauthenticcounseling.com/,"""San Antonio Authentic Counseling"" San Antonio TX mental health practice"
1144341447,San Antonio Injury Rehabilitation,2106927860,5410 FREDERICKSBURG RD SUITE 102,San Antonio,TX,782293554,Occupational Therapist,Organization,,"""San Antonio Injury Rehabilitation"" San Antonio TX mental health practice"
1386765691,San Antonio Interdisciplinary Pain Alliance,2106927860,5410 FREDERICKSBURG RD SUITE 102,San Antonio,TX,782293554,Occupational Therapist,Organization,,"""San Antonio Interdisciplinary Pain Alliance"" San Antonio TX mental health practice"
1144764903,Sarai Leeb Herman,2104285302,11107 WURZBACH RD SUITE 304,San Antonio,TX,782302500,"Social Worker, Clinical",Organization,https://www.saraileebhermanlcsw.net/,"""Sarai Leeb Herman"" San Antonio TX mental health practice"
1760927396,Sarai Leeb-herman Pc Sernen Psychoanalytical Services,2105955982,345 CLUB DR,San Antonio,TX,782013714,"Social Worker, Clinical",Organization,,"""Sarai Leeb-herman Pc Sernen Psychoanalytical Services"" San Antonio TX mental health practice"
1972992535,Seasons Counseling,5125951287,9110 N LOOP 1604 W STE 104,San Antonio,TX,782493397,"Social Worker, Clinical",Organization,https://seasonscounselingpllc.com/,"""Seasons Counseling"" San Antonio TX mental health practice"
1467288597,Seeking Balance,9155884070,6446 BABCOCK RD UNIT 37,San Antonio,TX,782493985,"Social Worker, Clinical",Organization,,"""Seeking Balance"" San Antonio TX mental health practice"
1063199743,Selfjourney Counseling,2106173602,7550 W INTERSTATE 10 STE 80088,San Antonio,TX,782295803,"Social Worker, Clinical",Organization,https://www.selfjourneycounseling.com/services,"""Selfjourney Counseling"" San Antonio TX mental health practice"
1255610838,Shalise M. Schnitz Lcsw,2105608015,20079 STONE OAK PKWY STE 1240,San Antonio,TX,782586980,"Social Worker, Clinical",Organization,,"""Shalise M. Schnitz Lcsw"" San Antonio TX mental health practice"
1275013328,Sistercare,2103862993,6322 SOVEREIGN ST STE 139,San Antonio,TX,782295133,Case Management,Organization,,"""Sistercare"" San Antonio TX mental health practice"
1821483397,Social Workers As Needed,2105218100,1039 W HILDEBRAND AVE,San Antonio,TX,782014667,"Social Worker, Clinical",Organization,,"""Social Workers As Needed"" San Antonio TX mental health practice"
1194001131,South Texas Psychotherapy,2108222600,900 NE LOOP 410 SUITE D-101,San Antonio,TX,782091410,"Counselor, Professional",Organization,,"""South Texas Psychotherapy"" San Antonio TX mental health practice"
1437251691,South Texas Veterans Health Care System,2106175300,7400 MERTON MINTER ST # 122,San Antonio,TX,782294404,"Social Worker, Clinical",Organization,,"""South Texas Veterans Health Care System"" San Antonio TX mental health practice"
1275166530,Steven Fields P C,2104606488,14603 HUEBNER RD BLDG 6,San Antonio,TX,782305475,"Social Worker, Clinical",Organization,,"""Steven Fields P C"" San Antonio TX mental health practice"
1598051443,Stone Creek Psychotherapy,2104147558,8207 CALLAGHAN RD STE. 425,San Antonio,TX,782304735,"Social Worker, Clinical",Organization,https://stonecreektherapy.com/,"""Stone Creek Psychotherapy"" San Antonio TX mental health practice"
1154249381,Stx Therapy,2109923906,602 S HACKBERRY ST,San Antonio,TX,782031429,"Social Worker, Clinical",Organization,,"""Stx Therapy"" San Antonio TX mental health practice"
1558764555,Susan Marie Perez Lcsw,2107888111,138 E RIDGEWOOD CT,San Antonio,TX,782122340,"Social Worker, Clinical",Organization,,"""Susan Marie Perez Lcsw"" San Antonio TX mental health practice"
1750463907,Telecare Mental Health Services Of Texas,2102220152,2391 NE LOOP 410 SUITE 120,San Antonio,TX,782175600,"Counselor, Mental Health",Organization,,"""Telecare Mental Health Services Of Texas"" San Antonio TX mental health practice"
1679491179,The Counseling Studio,2109021280,3355 CHERRY RIDGE DR STE 101,San Antonio,TX,782304818,"Social Worker, Clinical",Organization,https://www.counseling-studio.com/,"""The Counseling Studio"" San Antonio TX mental health practice"
1013642768,The Emdr Group Of South Texas,2108966215,29710 US HIGHWAY 281 N,Bulverde,TX,781633246,"Social Worker, Clinical",Organization,,"""The Emdr Group Of South Texas"" Bulverde TX mental health practice"
1023779279,The Healing Quest,2109525114,14235 RED ROCK RUN,San Antonio,TX,782542580,"Social Worker, Clinical",Organization,https://www.thehealingquest.com/,"""The Healing Quest"" San Antonio TX mental health practice"
1053664664,Tlg,2103163799,16170 JONES MALTSBERGER RD STE 108109,San Antonio,TX,782473202,"Psychologist, Counseling",Organization,,"""Tlg"" San Antonio TX mental health practice"
1326579251,Tlg The Lahaye Group,2109087573,17300 HENDERSON PASS SUITE 260,San Antonio,TX,782321663,"Psychiatry & Neurology, Behavioral Neurology & Neuropsychiatry",Organization,,"""Tlg The Lahaye Group"" San Antonio TX mental health practice"
1124602966,Toolbox Therapy,2107761724,137 LOTUS ST,San Antonio,TX,782101621,"Social Worker, Clinical",Organization,,"""Toolbox Therapy"" San Antonio TX mental health practice"
1386088912,Transitions Elder Care,2108679841,343 LARCHMONT DR,San Antonio,TX,782094272,Psychologist,Organization,https://covenanttransitions.com/,"""Transitions Elder Care"" San Antonio TX mental health practice"
1841606019,Turning Points,2104941991,14815 SAN PEDRO AVE,San Antonio,TX,782323708,"Social Worker, Clinical",Organization,https://www.lifeturningpoints.org/?m=201608,"""Turning Points"" San Antonio TX mental health practice"
1235816323,Unbound Minds,2102012062,909 NE LOOP 410 STE 634,San Antonio,TX,782091309,"Social Worker, Clinical",Organization,,"""Unbound Minds"" San Antonio TX mental health practice"
1093341521,Upekkha Behavioral Health,2103257156,5503 GRISSOM RD STE 110,San Antonio,TX,782383036,"Social Worker, Clinical",Organization,,"""Upekkha Behavioral Health"" San Antonio TX mental health practice"
1861440372,Vericare,8002578715,5027 PECAN GROVE DR,San Antonio,TX,782223529,"Psychologist, Clinical",Organization,,"""Vericare"" San Antonio TX mental health practice"
1174561575,Vpa Of Texas,2107335072,5414 FREDERICKSBURG RD STE 226A,San Antonio,TX,782293641,Family Medicine,Organization,,"""Vpa Of Texas"" San Antonio TX mental health practice"
1578175865,Vpa Of Texas,2104680800,4800 FREDERICKSBURG RD STE 127,San Antonio,TX,782293781,"Social Worker, Clinical",Organization,,"""Vpa Of Texas"" San Antonio TX mental health practice"
1811307077,Webster Counseling Service,2102691883,400 N. LOOP 1604 E. SUITE 175,San Antonio,TX,78232,"Social Worker, Clinical",Organization,,"""Webster Counseling Service"" San Antonio TX mental health practice"
1881522100,Yoopers Lead The Way,2404600034,85 NE LOOP 410 STE 203,San Antonio,TX,782165836,"Social Worker, Clinical",Organization,,"""Yoopers Lead The Way"" San Antonio TX mental health practice"
1336150101,Zeitgeist Expressions,2104477373,5282 MEDICAL DR STE 605,San Antonio,TX,782296114,"Counselor, Mental Health",Organization,,"""Zeitgeist Expressions"" San Antonio TX mental health practice"
1073458451,A Beautiful Mind Behavioral Health,9724046233,901 WATSON WAY,Crowley,TX,760363754,"Counselor, Mental Health",Organization,https://abeautifulmindbh.com/,"""A Beautiful Mind Behavioral Health"" Crowley TX mental health practice"
1487290268,A Healthy Mind,2145348479,8500 N STEMMONS FWY STE 3052,Dallas,TX,752473969,"Counselor, Mental Health",Organization,,"""A Healthy Mind"" Dallas TX mental health practice"
1295502656,Aaa Behavioral Health,2146460001,3626 N HALL ST STE 610,Dallas,TX,752195131,"Counselor, Mental Health",Organization,https://aaabehavioralhealth.com/,"""Aaa Behavioral Health"" Dallas TX mental health practice"
1164404398,Abc Behavioral Health,2142758500,4600 SAMUELL BLVD,Dallas,TX,752286874,"Counselor, Mental Health",Organization,,"""Abc Behavioral Health"" Dallas TX mental health practice"
1225788706,Accompany Counseling,4694310825,10300 N CENTRAL EXPY STE 280,Dallas,TX,752318666,"Counselor, Mental Health",Organization,,"""Accompany Counseling"" Dallas TX mental health practice"
1437512357,Ace T. Counseling And Wellness Center,9724002246,8035 E R L THORNTON FWY STE 334,Dallas,TX,752287018,Counselor,Organization,,"""Ace T. Counseling And Wellness Center"" Dallas TX mental health practice"
1669536884,Adapt Community Solutions,2145562226,2600 N STEMMONS FWY STE 182,Dallas,TX,752072107,"Counselor, Mental Health",Organization,,"""Adapt Community Solutions"" Dallas TX mental health practice"
1972652600,Adolescent Health Associates,9722399252,12800 HILLCREST RD SUITE 216,Dallas,TX,752301524,"Pediatrics, Adolescent Medicine",Organization,https://childandadolescenthealth.net/,"""Adolescent Health Associates"" Dallas TX mental health practice"
1386507259,Alexander Cohan,2143072606,4040 N CENTRAL EXPY STE 210,Dallas,TX,752043868,"Counselor, Mental Health",Organization,,"""Alexander Cohan"" Dallas TX mental health practice"
1255970315,Anne Schanz Phd Lpc,9727740221,2828 E TRINITY MILLS RD STE 106,Carrollton,TX,750062327,"Counselor, Mental Health",Organization,,"""Anne Schanz Phd Lpc"" Carrollton TX mental health practice"
1790078194,Apple Counseling & Consulting,2145370025,4141 BLUE LAKE CIR SUITE 137,Dallas,TX,752445132,"Counselor, Mental Health",Organization,,"""Apple Counseling & Consulting"" Dallas TX mental health practice"
1790481638,Archer Counseling Group,2542688488,610 DOE RUN RD,Crawford,TX,766383442,"Counselor, Mental Health",Organization,https://archercounselinggroup.com/,"""Archer Counseling Group"" Crawford TX mental health practice"
1326858481,As Yourself Counseling,9402029193,215 E UNIVERSITY DR,Denton,TX,762092011,"Counselor, Mental Health",Organization,https://www.asyourselfcounseling.com/services,"""As Yourself Counseling"" Denton TX mental health practice"
1942908736,Azar Foundation,8883012447,100 CRESCENT CT. 7TH FLOOR,Dallas,TX,75201,"Counselor, Mental Health",Organization,,"""Azar Foundation"" Dallas TX mental health practice"
1669517728,Berger & Berger Phds,2146925793,11551 FOREST CENTRAL DR 123,Dallas,TX,752433920,"Psychologist, Clinical",Organization,,"""Berger & Berger Phds"" Dallas TX mental health practice"
1326600685,Beyond Counseling Services,4695525757,614 W DAVIS ST STE 204,Dallas,TX,752084744,"Counselor, Professional",Organization,https://www.beyondcounselingllc.com/services,"""Beyond Counseling Services"" Dallas TX mental health practice"
1679420327,Blissed Being,2145323302,4245 N CENTRAL EXPY #490,Dallas,TX,75205,"Counselor, Mental Health",Organization,https://blissedbeing.com/,"""Blissed Being"" Dallas TX mental health practice"
1194587451,Bridget M Jowid,9724540415,6750 HILLCREST PLAZA DR STE 224,Dallas,TX,752301441,"Counselor, Mental Health",Organization,,"""Bridget M Jowid"" Dallas TX mental health practice"
1053260828,Calm Commotion,4692338343,1409 BOTHAM JEAN BLVD UNIT 840,Dallas,TX,75215,"Counselor, Mental Health",Organization,https://www.trycalmco.com/,"""Calm Commotion"" Dallas TX mental health practice"
1922814847,Care By Brown,4693543248,2922 MARBURG ST,Dallas,TX,752154323,Case Management,Organization,,"""Care By Brown"" Dallas TX mental health practice"
1588431001,Caviar Clinician,2146319762,539 WEST COMMERCE ST. #3754,Dallas,TX,752081953,Counselor,Organization,,"""Caviar Clinician"" Dallas TX mental health practice"
1356580195,Cca Behavioral Health,2149463676,424 S CORINTH STREET RD,Dallas,TX,752033418,"Counselor, Mental Health",Organization,,"""Cca Behavioral Health"" Dallas TX mental health practice"
1497909691,Centro De Mi Salud,2149410798,628 CENTRE ST,Dallas,TX,752086328,"Counselor, Mental Health",Organization,,"""Centro De Mi Salud"" Dallas TX mental health practice"
1588818348,Centro De Mi Salud,2149410798,628 CENTRE ST.,Dallas,TX,75208,"Counselor, Mental Health",Organization,,"""Centro De Mi Salud"" Dallas TX mental health practice"
1952555153,Centro De Mi Salud,2149410798,628 CENTRE ST,Dallas,TX,752086328,"Counselor, Mental Health",Organization,,"""Centro De Mi Salud"" Dallas TX mental health practice"
1588084065,Cheryl Edinbyrd Counseling Services,2149122614,1705 ELSIE FAY HEGGINS ST STE 400,Dallas,TX,75215,"Counselor, Professional",Organization,,"""Cheryl Edinbyrd Counseling Services"" Dallas TX mental health practice"
1457056541,Circle Of Life Behavioral Solutions,8329060355,1341 W MOCKINGBIRD LN STE 600W,Dallas,TX,752476904,Case Management,Organization,,"""Circle Of Life Behavioral Solutions"" Dallas TX mental health practice"
1114558756,Cl Consulting,2147720226,10504 BRUTON RD,Dallas,TX,752173105,"Counselor, Mental Health",Organization,http://www.cl-consulting.net/,"""Cl Consulting"" Dallas TX mental health practice"
1477194868,Clearview Counseling Group,2143966526,17330 PRESTON RD STE 110B,Dallas,TX,752525911,"Counselor, Mental Health",Organization,,"""Clearview Counseling Group"" Dallas TX mental health practice"
1699630087,Collier's Therapy Coaching & Consulting Grp,9452616386,12700 HILLCREST RD STE 125,Dallas,TX,752302009,"Counselor, Mental Health",Organization,,"""Collier's Therapy Coaching & Consulting Grp"" Dallas TX mental health practice"
1184460222,Community Healing Foundation,8043379048,1400 ANDREWS PARKWAY UNIT 4111,Allen,TX,75002,Case Management,Organization,,"""Community Healing Foundation"" Allen TX mental health practice"
1306602263,Compass Care Counseling,9724446713,3010 LBJ FWY FL 1200,Dallas,TX,752342710,"Counselor, Mental Health",Organization,,"""Compass Care Counseling"" Dallas TX mental health practice"
1245533546,Comprehensive Chemical Awareness Programs (c-cap),2142215900,9560 SKILLMAN ST STE 118,Dallas,TX,752438256,"Counselor, Addiction (Substance Use Disorder)",Organization,,"""Comprehensive Chemical Awareness Programs (c-cap)"" Dallas TX mental health practice"
1013544766,Counselingnow,4693330979,10300 N CENTRAL EXPY STE 280,Dallas,TX,752318666,"Counselor, Mental Health",Organization,https://www.counselingnowtx.com/,"""Counselingnow"" Dallas TX mental health practice"
1023508116,Curis Functional Health,2143903258,4801 FRANKFORD RD STE 300,Dallas,TX,752875329,Chiropractor,Organization,https://gocuris.com/north-dallas/mental-health/,"""Curis Functional Health"" Dallas TX mental health practice"
1275034159,D Squared Relationships,9722672800,17210 CAMPBELL RD STE 175,Dallas,TX,752524201,"Counselor, Mental Health",Organization,,"""D Squared Relationships"" Dallas TX mental health practice"
1538396940,Dallas Counseling & Psychotherapy,9727550996,13355 NOEL RD STE 1100,Dallas,TX,752406694,"Counselor, Mental Health",Organization,http://wordpress.psychotherapy-center.com/appointments/,"""Dallas Counseling & Psychotherapy"" Dallas TX mental health practice"
1952345613,Dallas County Hospital District,2142661450,4201 BROOK SPRING DR BLDG 1,Dallas,TX,752244968,Pediatrics,Organization,,"""Dallas County Hospital District"" Dallas TX mental health practice"
1356817878,Dallas Healing House,2145639325,3720 RAWLINS ST APT I,Dallas,TX,752194220,"Counselor, Mental Health",Organization,https://www.dallashealinghouse.com/dasha-1,"""Dallas Healing House"" Dallas TX mental health practice"
1043600596,Dallas New Leaf Clinic,4692510803,17103 PRESTON RD SUITE 288,Dallas,TX,752481332,"Counselor, Mental Health",Organization,,"""Dallas New Leaf Clinic"" Dallas TX mental health practice"
1720598576,Dallas Therapy Collective,4798796051,8140 WALNUT HILL LN,Dallas,TX,752314350,"Counselor, Mental Health",Organization,,"""Dallas Therapy Collective"" Dallas TX mental health practice"
1548339641,Dianne Robinson,2149425545,1005 W JEFFERSON BLVD SUITE 203,Dallas,TX,752085087,"Counselor, Mental Health",Organization,,"""Dianne Robinson"" Dallas TX mental health practice"
1326236167,Douglas R Cheatham,8889350027,1626 W HIGHWAY 287 BUSINESS SUITE #104,Waxahachie,TX,751654712,"Psychologist, Clinical",Organization,,"""Douglas R Cheatham"" Waxahachie TX mental health practice"
1982839098,Dr. Theodora H. Koehn,2144354620,17300 PRESTON RD SUITE 160,Dallas,TX,752525654,"Counselor, Mental Health",Organization,,"""Dr. Theodora H. Koehn"" Dallas TX mental health practice"
1972930857,Edie Hernandez Putt Psy D Lpc-pc,2143411400,10405 E NORTHWEST HWY STE # 303,Dallas,TX,752384619,"Counselor, Mental Health",Organization,,"""Edie Hernandez Putt Psy D Lpc-pc"" Dallas TX mental health practice"
1174081749,Elko Counseling Center,4699878522,12801 N CENTRAL EXPY STE 510,Dallas,TX,752431716,"Counselor, Mental Health",Organization,https://elkocounseling.com/,"""Elko Counseling Center"" Dallas TX mental health practice"
1841789443,Emerald City Child Counseling,8176927278,17000 DALLAS PKWY STE 102,Dallas,TX,752481943,"Counselor, Mental Health",Organization,,"""Emerald City Child Counseling"" Dallas TX mental health practice"
1669800777,Emily Howse,2145990492,3447 SHENANDOAH ST,Dallas,TX,752052219,"Counselor, Mental Health",Organization,,"""Emily Howse"" Dallas TX mental health practice"
1407684756,Emotisoul Counseling,7203335289,5750 CEDAR SPRINGS ROAD,Dallas,TX,75235,Community/Behavioral Health,Organization,https://emotisoul.com/,"""Emotisoul Counseling"" Dallas TX mental health practice"
1164787669,Enterhealth Outpatient Services,2149055090,8222 DOUGLAS AVE SUITE375,Dallas,TX,752255923,"Counselor, Mental Health",Organization,https://www.enterhealth.com/admissions/why-choose-enterhealth/,"""Enterhealth Outpatient Services"" Dallas TX mental health practice"
1235792508,Escapingthe Com,2144332721,6320 LYNDON B JOHNSON FWY STE 120,Dallas,TX,752406410,"Counselor, Mental Health",Organization,https://www.escapingthe.com/,"""Escapingthe Com"" Dallas TX mental health practice"
1447520580,Family Restoration Counseling Services,2142651777,8340 MEADOW RD STE 134,Dallas,TX,752313769,"Counselor, Mental Health",Organization,https://www.familyrestorationcounseling.com/,"""Family Restoration Counseling Services"" Dallas TX mental health practice"
1811815285,Freestyle Therapy,2147184338,4849 GREENVILLE AVE STE 100,Dallas,TX,752064187,"Counselor, Mental Health",Organization,,"""Freestyle Therapy"" Dallas TX mental health practice"
1376104224,Global Health Services,2404177523,10440 N CENTRAL EXPY STE 800,Dallas,TX,752312264,"Counselor, Mental Health",Organization,,"""Global Health Services"" Dallas TX mental health practice"
1285241752,Guiding Tomorrow Counseling & Coaching,4692485220,325 N SAINT PAUL ST STE 3100,Dallas,TX,752013923,"Counselor, Mental Health",Organization,,"""Guiding Tomorrow Counseling & Coaching"" Dallas TX mental health practice"
1033877147,Hahn Counseling Services,2142406855,8100 LOMO ALTO SUITE 238,Dallas,TX,75225,"Counselor, Mental Health",Organization,https://hahncs.com/,"""Hahn Counseling Services"" Dallas TX mental health practice"
1275974743,Hall Counseling & Associates,2146623523,2214 BOLL ST,Dallas,TX,752042694,"Counselor, Mental Health",Organization,,"""Hall Counseling & Associates"" Dallas TX mental health practice"
1891329082,Harmony Community Development Corportation,2147513932,6969 PASTOR BAILEY DR STE 250,Dallas,TX,752372634,"Counselor, Mental Health",Organization,,"""Harmony Community Development Corportation"" Dallas TX mental health practice"
1285310490,Healing For Change Therapy,4346967207,5900 BALCONES DR STE 100,Austin,TX,787314298,"Counselor, Mental Health",Organization,,"""Healing For Change Therapy"" Austin TX mental health practice"
1932441383,Healthcare Rehab Group,2143392047,5201 S WESTMORELAND RD,Dallas,TX,752371622,General Practice,Organization,,"""Healthcare Rehab Group"" Dallas TX mental health practice"
1902316359,Hearts Of Light Counseling & Consulting,4696400392,8035 E RL THRTN FWY STE 320,Dallas,TX,752287056,"Counselor, Professional",Organization,https://www.heartsoflightcc.com/blank-page,"""Hearts Of Light Counseling & Consulting"" Dallas TX mental health practice"
1972338713,Heritage Health Atx,2143632345,108 WILD BASIN RD STE 250,West Lake Hills,TX,787463468,"Counselor, Mental Health",Organization,,"""Heritage Health Atx"" West Lake Hills TX mental health practice"
1699501924,Hip Hop Glamm,2148884401,3560 W CAMP WISDOM RD STE 200,Dallas,TX,752372513,"Clinic/Center, Mental Health (Including Community Mental Health Center)",Organization,,"""Hip Hop Glamm"" Dallas TX mental health practice"
1598694143,Horizon Unbound,2145009283,1027 N WINDOMERE AVE,Dallas,TX,752083504,"Counselor, Mental Health",Organization,,"""Horizon Unbound"" Dallas TX mental health practice"
1558210344,House Of Resilience,9454441810,2916 N EL CENTRO WAY,Dallas,TX,752416501,"Counselor, Addiction (Substance Use Disorder)",Organization,https://thehouseofresilience.com/wp-content/uploads/2024/06/Algemene-voorwaarden-The-House-of-Resilience-2024.pdf,"""House Of Resilience"" Dallas TX mental health practice"
1942962626,Illuminated Hope Counseling & Consulting,2147718852,1151 N BUCKNER BLVD STE 107,Dallas,TX,752183438,"Counselor, Professional",Organization,https://www.illuminatedhopecounseling.com/2026connection,"""Illuminated Hope Counseling & Consulting"" Dallas TX mental health practice"
1225391493,Insights Collaborative Therapy Group,2147060508,5445 LA SIERRA DR SUITE 204,Dallas,TX,752314139,"Counselor, Mental Health",Organization,,"""Insights Collaborative Therapy Group"" Dallas TX mental health practice"
1649727272,Insights Psychotherapy Group,2145150874,5255 VICKERY BOULEVARD,Dallas,TX,75206,"Counselor, Mental Health",Organization,,"""Insights Psychotherapy Group"" Dallas TX mental health practice"
1538715313,Integral Health & Wellness,9724689400,17103 PRESTON RD STE 230,Dallas,TX,752481372,"Counselor, Professional",Organization,https://integralhealthandwellness.janeapp.com/locations/integral-health-wellness,"""Integral Health & Wellness"" Dallas TX mental health practice"
1902791403,Into The Looking Glass Counseling,8064964785,8350 MEADOW RD STE 272,Dallas,TX,752310334,"Counselor, Mental Health",Organization,https://www.intothelookingglasscounseling.com/,"""Into The Looking Glass Counseling"" Dallas TX mental health practice"
1730619537,Intrepid Counseling,9175419112,3900 W 15TH ST STE 305,Plano,TX,750754725,"Counselor, Mental Health",Organization,https://intrepidcounseling.org/,"""Intrepid Counseling"" Plano TX mental health practice"
1750884474,Jane Kong Lpc,9727934729,6370 LBJ FWY STE 273,Dallas,TX,752406488,"Counselor, Mental Health",Organization,,"""Jane Kong Lpc"" Dallas TX mental health practice"
1518396134,Jeremy Cassius,2148308214,4100 SPRING VALLEY RD STE 275,Dallas,TX,752443629,"Counselor, Mental Health",Organization,,"""Jeremy Cassius"" Dallas TX mental health practice"
1982611000,Jewish Family Service Of Dallas,9724379950,16301 QUORUM DR STE B2200,Addison,TX,750011443,Family Medicine,Organization,,"""Jewish Family Service Of Dallas"" Addison TX mental health practice"
1003676834,Jewish Family Service Of Dallas,4697804590,12606 GREENVILLE AVE STE 200,Dallas,TX,752431923,Family Medicine,Organization,,"""Jewish Family Service Of Dallas"" Dallas TX mental health practice"
1023832409,Journey Of Hope Counseling & Consulting,9406475519,6500 GREENVILLE AVE STE 430,Dallas,TX,752061014,"Counselor, Mental Health",Organization,,"""Journey Of Hope Counseling & Consulting"" Dallas TX mental health practice"
1265383939,Kander Counseling And Consulting,9727795486,1350 N BUCKNER BLVD STE 220,Dallas,TX,752183566,"Counselor, Mental Health",Organization,,"""Kander Counseling And Consulting"" Dallas TX mental health practice"
1750805503,Keller Psychology,4798796051,3340 LEAHY DR,Dallas,TX,752293852,"Counselor, Mental Health",Organization,,"""Keller Psychology"" Dallas TX mental health practice"
1457246621,Kem Wellness,9728612713,13747 MONTFORT DR STE 350,Dallas,TX,752404488,Community/Behavioral Health,Organization,,"""Kem Wellness"" Dallas TX mental health practice"
1063984904,Known Counseling,2147179981,3500 OAK LAWN AVE STE 730,Dallas,TX,752196721,"Counselor, Mental Health",Organization,https://www.knowncounseling.com/,"""Known Counseling"" Dallas TX mental health practice"
1932970498,Launchpad Health,9452655193,6508 MILITARY PKWY,Dallas,TX,752273703,"Counselor, Mental Health",Organization,,"""Launchpad Health"" Dallas TX mental health practice"
1568329431,Li'ah Wellness Services,7138789070,5787 S HAMPTON RD STE 108B,Dallas,TX,752322255,"Counselor, Mental Health",Organization,,"""Li'ah Wellness Services"" Dallas TX mental health practice"
1801321476,Life Solutions South Texas,4693191244,3838 OAK LAWN AVE,Dallas,TX,752194520,Community/Behavioral Health,Organization,,"""Life Solutions South Texas"" Dallas TX mental health practice"
1205195302,Lifenet,2142066839,9708 SKILLMAN ST,Dallas,TX,752435150,"Counselor, Mental Health",Organization,,"""Lifenet"" Dallas TX mental health practice"
1376684126,Lifeworks Counseling Center,4694611908,17250 DALLAS PKWY STE 245,Dallas,TX,752481136,"Counselor, Mental Health",Organization,https://lifeworkscc.com/,"""Lifeworks Counseling Center"" Dallas TX mental health practice"
1194683250,Lifted Minds Family Services,4699040042,3626 NORTH HALL STREET (TWO OAK LAWN) SUITE 610-N21,Dallas,TX,75219,Case Management,Organization,,"""Lifted Minds Family Services"" Dallas TX mental health practice"
1053134601,Liv Center For Reproductive Healing,4693733991,5050 QUORUM DR STE 600,Dallas,TX,752547024,"Counselor, Mental Health",Organization,,"""Liv Center For Reproductive Healing"" Dallas TX mental health practice"
1538093968,Lma & Associates,2149121172,7557 RAMBLER RD STE 730,Dallas,TX,752312405,"Counselor, Mental Health",Organization,https://www.lmaassociates.com/glossary.htm,"""Lma & Associates"" Dallas TX mental health practice"
1417733692,Lost Stories Counseling Services,4698345115,8604 GREENVILLE AVE STE 201,Dallas,TX,752437148,"Counselor, Mental Health",Organization,https://www.loststoriescounselingservices.com/blog/blog-post-title-three-jbnp2,"""Lost Stories Counseling Services"" Dallas TX mental health practice"
1417620188,Major Counseling Services,4696168114,15950 DALLAS PKWY STE 488,Dallas,TX,752486615,"Counselor, Mental Health",Organization,,"""Major Counseling Services"" Dallas TX mental health practice"
1417408261,Mclaughlin Counseling Group,4696659416,8215 WESTCHESTER DR SUITE 145,Dallas,TX,752256103,"Counselor, Mental Health",Organization,,"""Mclaughlin Counseling Group"" Dallas TX mental health practice"
1558017962,Md Specialty Group,9726008438,1140 EMPIRE CENTRAL DR STE 360,Dallas,TX,752474304,General Practice,Organization,https://mdspecialtygroup.com/kivicaremail/kivicare_add_doctor_meet_link/,"""Md Specialty Group"" Dallas TX mental health practice"
1134500416,Medina Counseling Group,2142745783,1600 AIRPORT FWY STE. 318,Bedford,TX,760226850,"Counselor, Professional",Organization,,"""Medina Counseling Group"" Bedford TX mental health practice"
1932900321,Men Of Nehemiah Families,6464786818,2010 AL LIPSCOMB WAY,Dallas,TX,752152773,"Counselor, Addiction (Substance Use Disorder)",Organization,,"""Men Of Nehemiah Families"" Dallas TX mental health practice"
1760504039,Metrocare Services,2143337015,1353 N WESTMORELAND RD,Dallas,TX,752111655,"Counselor, Mental Health",Organization,https://www.metrocareservices.org/,"""Metrocare Services"" Dallas TX mental health practice"
1730302522,Metrocare Services,2142757393,4645 SAMUELL BLVD,Dallas,TX,752286826,"Counselor, Mental Health",Organization,https://www.metrocareservices.org/,"""Metrocare Services"" Dallas TX mental health practice"
1275750127,Metrocare Services,2143710474,3330 S LANCASTER RD,Dallas,TX,752164531,"Counselor, Mental Health",Organization,https://www.metrocareservices.org/,"""Metrocare Services"" Dallas TX mental health practice"
1497378665,Millennial Life Counseling,4694267234,6750 HILLCREST PLAZA DR STE 224,Dallas,TX,752301441,"Counselor, Mental Health",Organization,https://www.millenniallifecounseling.com/,"""Millennial Life Counseling"" Dallas TX mental health practice"
1558936658,Millennial Therapy Services,4692655603,1228 FLOWER RIDGE DR,Lancaster,TX,75134,"Counselor, Mental Health",Organization,,"""Millennial Therapy Services"" Lancaster TX mental health practice"
1699388660,Miltenberger & Liland,2148909880,5949 SHERRY LN STE 752,Dallas,TX,752256532,"Counselor, Mental Health",Organization,,"""Miltenberger & Liland"" Dallas TX mental health practice"
1366163636,Mind Cultivate,8324558505,1500 DRAGON ST,Dallas,TX,752073917,Psychologist,Organization,,"""Mind Cultivate"" Dallas TX mental health practice"
1912675455,Mind Moving Therapy,2144304476,10300 N CENTRAL EXPY STE 280,Dallas,TX,752318666,"Counselor, Mental Health",Organization,https://www.mindmovingtherapy.com/contact-us,"""Mind Moving Therapy"" Dallas TX mental health practice"
1568147569,Mindful Life Counseling,9725331788,17330 PRESTON ROAD SUITE 200D #251,Dallas,TX,752526106,"Counselor, Mental Health",Organization,https://mindfullifecounseling.net/,"""Mindful Life Counseling"" Dallas TX mental health practice"
1609629450,Mindscape Mental Health,9402024515,5473 BLAIR RD STE 645900,Dallas,TX,752314226,"Counselor, Professional",Organization,,"""Mindscape Mental Health"" Dallas TX mental health practice"
1528859717,My Family Therapy & Support,4694900052,3731 MAGDELINE ST,Dallas,TX,752121243,"Counselor, Mental Health",Organization,,"""My Family Therapy & Support"" Dallas TX mental health practice"
1083461362,Neurodiverse Relationship Counseling,4692401033,1701 GATEWAY BLVD STE 301,Richardson,TX,750803546,Marriage & Family Therapist,Organization,https://neurodiverserelationshipcounseling.com/contact,"""Neurodiverse Relationship Counseling"" Richardson TX mental health practice"
1427619964,Neurotherapeutic,2144619483,4144 N CENTRAL EXPY STE 600,Dallas,TX,752043131,"Counselor, Mental Health",Organization,,"""Neurotherapeutic"" Dallas TX mental health practice"
1821889718,New Horizon Therapy,4695098766,10520 SAND SPRINGS AVE,Dallas,TX,752277113,"Counselor, Mental Health",Organization,https://www.newhorizontherapytx.com/,"""New Horizon Therapy"" Dallas TX mental health practice"
1114605615,Non Stop Management Group,8445447544,2509 CORDIER DRIVE,Mckinney,TX,75071,"Clinic/Center, Health Services",Organization,,"""Non Stop Management Group"" Mckinney TX mental health practice"
1841983830,North Dallas Therapy Associates,2144356206,8350 N CENTRAL EXPY STE 1275,Dallas,TX,752061614,"Psychologist, Clinical",Organization,,"""North Dallas Therapy Associates"" Dallas TX mental health practice"
1285456533,Oamo,9453466277,10606 HASELWOOD LN # H10606,Dallas,TX,752381024,In Home Supportive Care,Organization,,"""Oamo"" Dallas TX mental health practice"
1649663725,Oasis Counseling And Educational Services,2144356414,3435 HIGHLAND RD SUITE 110,Dallas,TX,752286068,"Counselor, Professional",Organization,,"""Oasis Counseling And Educational Services"" Dallas TX mental health practice"
1629314992,Office Of Gretchen Fernandez Lcsw,9728161162,12830 HILLCREST RD # D-111,Dallas,TX,752301527,"Counselor, Mental Health",Organization,,"""Office Of Gretchen Fernandez Lcsw"" Dallas TX mental health practice"
1891396313,On Epiphany Lane,2145600304,603 MUNGER AVE STE 100,Dallas,TX,752021840,"Clinic/Center, Multi-Specialty",Organization,,"""On Epiphany Lane"" Dallas TX mental health practice"
1558024562,Overcomers Counseling & Associates,4692239660,8500 N STEMMONS FWY STE 3052,Dallas,TX,752473969,"Counselor, Mental Health",Organization,,"""Overcomers Counseling & Associates"" Dallas TX mental health practice"
1073110821,P & C Legacy Counseling And Consultation,4699513697,539 W COMMERCE ST # 1057,Dallas,TX,752081953,"Counselor, Mental Health",Organization,,"""P & C Legacy Counseling And Consultation"" Dallas TX mental health practice"
1548125347,Pattern Shift Counseling,2146004830,4245 N CENTRAL EXPY STE 490,Dallas,TX,752054231,"Counselor, Mental Health",Organization,https://patternshiftcounseling.com/locations/texas/houston-therapy/,"""Pattern Shift Counseling"" Dallas TX mental health practice"
1598613762,Peaceful Roots Therapy,4695540364,3626 N HALL ST STE 610,Dallas,TX,752195131,"Counselor, Mental Health",Organization,,"""Peaceful Roots Therapy"" Dallas TX mental health practice"
1154131571,Peak Nutrition And Performance,2142367909,6907 MILL FALLS DR,Dallas,TX,752482913,"Dietitian, Registered",Organization,https://www.daland-llc.com/product-page/small-animal-mineral-feeder,"""Peak Nutrition And Performance"" Dallas TX mental health practice"
1043700636,Positive Progressions Counseling Services,4692852530,6060 N CENTRAL EXPY STE 460,Dallas,TX,752065280,"Counselor, Mental Health",Organization,,"""Positive Progressions Counseling Services"" Dallas TX mental health practice"
1538981691,Prestige Health,4698445325,4312 S MALCOLM X BLVD,Dallas,TX,752154307,"Counselor, Mental Health",Organization,https://www.prestigehealthwellness.com/locations/nomad/,"""Prestige Health"" Dallas TX mental health practice"
1346414869,Preston Hollow Psychotherapy Group,2143507289,4406 MIDDLETON RD,Dallas,TX,752296324,"Counselor, Mental Health",Organization,,"""Preston Hollow Psychotherapy Group"" Dallas TX mental health practice"
1053059618,Price Proctor & Associates,9726448686,11882 GREENVILLE AVE STE 107,Dallas,TX,752433567,Clinical Neuropsychologist,Organization,https://www.priceproctor.com/about,"""Price Proctor & Associates"" Dallas TX mental health practice"
1376373902,Prime Counseling,8176778353,13140 COIT RD STE 518,Dallas,TX,752405725,"Counselor, Mental Health",Organization,https://www.primecounseling.com/,"""Prime Counseling"" Dallas TX mental health practice"
1053807032,Pure Counseling,2142962454,224 W CAMPBELL RD,Richardson,TX,750803512,"Counselor, Mental Health",Organization,https://purecounseling.com/,"""Pure Counseling"" Richardson TX mental health practice"
1982593117,Relational Therapy Collective,4698220063,12221 MERIT DR STE 1360,Dallas,TX,752512355,"Clinic/Center, Adult Mental Health",Organization,https://www.relationaltherapycollective.com/couples-therapy-dallas-tx,"""Relational Therapy Collective"" Dallas TX mental health practice"
1619814241,Replenish Counseling,2143029608,3535 N BUCKNER BLVD STE 100,Dallas,TX,752285633,"Counselor, Mental Health",Organization,https://replenish.janeapp.com/,"""Replenish Counseling"" Dallas TX mental health practice"
1649709601,Restoration Cec Texas,8172919872,2421 W 7TH ST STE 400,Fort Worth,TX,761072388,"Counselor, Mental Health",Organization,,"""Restoration Cec Texas"" Fort Worth TX mental health practice"
1689395238,Rethink Therapy,2143990416,4621 ROSS AVE # 310,Dallas,TX,752044994,Marriage & Family Therapist,Organization,https://irethinktherapy.com/,"""Rethink Therapy"" Dallas TX mental health practice"
1659105799,Rian Ryelee Foundation,3124500857,5931 GREENVILLE AVE # 1102,Dallas,TX,752061906,Case Management,Organization,https://rianryeleefoundation.org/,"""Rian Ryelee Foundation"" Dallas TX mental health practice"
1275854705,Rightmed Healthcare Group,2142757979,381 CASA LINDA PLZ STE 101,Dallas,TX,752185004,"Counselor, Mental Health",Organization,,"""Rightmed Healthcare Group"" Dallas TX mental health practice"
1245000538,Saga Counseling,9038846049,6600 LYNDON B JOHNSON FWY STE 183,Dallas,TX,752406519,"Counselor, Mental Health",Organization,https://www.sagacounseling.org/,"""Saga Counseling"" Dallas TX mental health practice"
1982316477,Sagely Life,4696268116,8105 RASOR BLVD SUITE 270,Plano,TX,75024,"Counselor, Mental Health",Organization,https://www.sagelycounseling.com/arkansas,"""Sagely Life"" Plano TX mental health practice"
1588470454,Sainato Counseling,7207708222,6500 GREENVILLE AVE STE 430,Dallas,TX,752061014,"Counselor, Mental Health",Organization,https://sainatocounseling.com/,"""Sainato Counseling"" Dallas TX mental health practice"
1265312243,Sarran Counseling,9723167490,4100 SPRING VALLEY RD STE 420,Dallas,TX,752443657,"Counselor, Mental Health",Organization,https://www.sarrancounseling.com/,"""Sarran Counseling"" Dallas TX mental health practice"
1710269055,Self And Associates,2147326121,6130 RICHMOND AVE,Dallas,TX,75214,"Counselor, Mental Health",Organization,,"""Self And Associates"" Dallas TX mental health practice"
1104580661,Serenity Counseling Group,8139079736,15820 KNOLL TRAIL DR APT 304,Dallas,TX,752482771,"Counselor, Mental Health",Organization,https://serenitycounselinggroup.org/,"""Serenity Counseling Group"" Dallas TX mental health practice"
1588594394,Sfn Solutions,9456672133,2698 N GALLOWAY AVE #101,Mesquite,TX,75150,"Counselor, Mental Health",Organization,,"""Sfn Solutions"" Mesquite TX mental health practice"
1639832769,Shared Easel Counseling Services,2142159337,9551 ASH CREEK DR,Dallas,TX,752283734,"Counselor, Mental Health",Organization,https://www.sharedeaselcounseling.com/,"""Shared Easel Counseling Services"" Dallas TX mental health practice"
1366775041,Shavers 'plus' Counseling Solutions,2146609515,8035 E R L THORNTON FWY SUITE 522,Dallas,TX,752287018,"Counselor, Mental Health",Organization,,"""Shavers 'plus' Counseling Solutions"" Dallas TX mental health practice"
1033375142,Smyth Counseling,4693715886,6220 GASTON AVE STE 501,Dallas,TX,752144354,"Counselor, Mental Health",Organization,,"""Smyth Counseling"" Dallas TX mental health practice"
1144230186,Solace Counseling Associates,2145224640,1475 PRUDENTIAL DR,Dallas,TX,752354109,"Clinic/Center, Rehabilitation, Substance Use Disorder",Organization,https://solacecounselingassociates.com/,"""Solace Counseling Associates"" Dallas TX mental health practice"
1720924954,Spark And Pivot,2147858762,8330 LYNDON B JOHNSON FWY STE 737,Dallas,TX,752431586,"Counselor, Mental Health",Organization,https://www.sparkandpivot.co/dallas-texas-office,"""Spark And Pivot"" Dallas TX mental health practice"
1700573680,Steady Healing,2147850086,6301 GASTON AVE STE 730,Dallas,TX,752146296,"Counselor, Mental Health",Organization,https://www.steady-healing.com/,"""Steady Healing"" Dallas TX mental health practice"
1922462837,Stephanie H. Greenberg,4697087614,4514 COLE AVE SUITE 805,Dallas,TX,752055412,"Counselor, Professional",Organization,,"""Stephanie H. Greenberg"" Dallas TX mental health practice"
1073998738,Taylor & Adams,2147060619,5445 LA SIERRA DR STE 200,Dallas,TX,752314139,"Counselor, Mental Health",Organization,,"""Taylor & Adams"" Dallas TX mental health practice"
1831245364,Texas Health,2416925001,9262 FOREST LN SUITE 100,Dallas,TX,752434207,"Psychologist, Clinical",Organization,,"""Texas Health"" Dallas TX mental health practice"
1699338616,The Counseling Spot,2147188341,10300 N CENTRAL EXPY STE 322,Dallas,TX,752318656,"Counselor, Professional",Organization,https://thecounselingspot.com/counselors/,"""The Counseling Spot"" Dallas TX mental health practice"
1871251306,The Hartman Counseling Group,8178947741,5814 BRYAN PKWY UNIT 20,Dallas,TX,752068541,"Counselor, Mental Health",Organization,,"""The Hartman Counseling Group"" Dallas TX mental health practice"
1528338340,The Neuropsychology & Counseling Center,4699752411,4101 MCEWEN RD STE 318,Dallas,TX,752445257,Clinical Neuropsychologist,Organization,,"""The Neuropsychology & Counseling Center"" Dallas TX mental health practice"
1588558811,The Phoenix In Every Human Being,9406001139,14114 DALLAS PKWY STE 560,Dallas,TX,752541343,"Counselor, Mental Health",Organization,https://thephoenixineveryhumanbeing.com/emotions/anxiety-in-couples/,"""The Phoenix In Every Human Being"" Dallas TX mental health practice"
1700724911,The Recovery & Empowerment Counseling Center,4695978602,4613 E R L THORNTON FWY,Dallas,TX,752232100,"Counselor, Addiction (Substance Use Disorder)",Organization,,"""The Recovery & Empowerment Counseling Center"" Dallas TX mental health practice"
1992476238,Therapy With Abby,8178947741,3110 WEBB AVE STE 160,Dallas,TX,752053503,"Counselor, Mental Health",Organization,https://www.therapywithabby.com/,"""Therapy With Abby"" Dallas TX mental health practice"
1588206478,Thinkspot Therapy And Training,4697010443,1001 E HEBRON PKWY STE 118-252,Carrollton,TX,750101002,"Counselor, Mental Health",Organization,https://www.thinkspottherapyandtraining.com/blog,"""Thinkspot Therapy And Training"" Carrollton TX mental health practice"
1992232169,Thriving Therapeutic Family Services,9726532207,4750 HAVERWOOD LN APT 4113,Dallas,TX,752874234,"Counselor, Mental Health",Organization,,"""Thriving Therapeutic Family Services"" Dallas TX mental health practice"
1699502591,Tranquility Counseling,4692512312,8204 ELMBROOK DR STE 305A,Dallas,TX,752474079,"Counselor, Mental Health",Organization,https://tranquilitycounselingtx.com/,"""Tranquility Counseling"" Dallas TX mental health practice"
1609903483,Transicare,2143676875,628 CENTRE ST STE A,Dallas,TX,752086328,"Counselor, Mental Health",Organization,https://www.transicare.com/privacy-policy/,"""Transicare"" Dallas TX mental health practice"
1083811129,Treatment Associates,2149576270,6750 HILLCREST PLAZA DR #221,Dallas,TX,752301400,"Counselor, Mental Health",Organization,,"""Treatment Associates"" Dallas TX mental health practice"
1972960144,True Mental Health Services,2102552425,8626 TESORO DR STE 700,San Antonio,TX,782176234,Case Management,Organization,,"""True Mental Health Services"" San Antonio TX mental health practice"
1134925969,University Park Counseling & Testing Center,9728256570,5728 LYNDON B JOHNSON FWY STE 250,Dallas,TX,752406323,"Counselor, Mental Health",Organization,https://www.universityparkcounseling.com/adult-counseling,"""University Park Counseling & Testing Center"" Dallas TX mental health practice"
1417491861,Unlocking Fortitude,2147833581,17480 DALLAS PKWY SUITE 120,Dallas,TX,752877337,"Counselor, Mental Health",Organization,,"""Unlocking Fortitude"" Dallas TX mental health practice"
1033740345,Uptown Trauma And Relationship Counseling,8172230077,100 CRESCENT CT STE 700,Dallas,TX,752012112,"Counselor, Mental Health",Organization,,"""Uptown Trauma And Relationship Counseling"" Dallas TX mental health practice"
1508223884,Urban Counseling Clique,9729148705,8330 LBJ FWY STE 621,Dallas,TX,752431281,"Counselor, Mental Health",Organization,https://www.urbancounselingclique.org/,"""Urban Counseling Clique"" Dallas TX mental health practice"
1144507815,Ursi,2149055090,8222 DOUGLAS AVE SUITE 375,Dallas,TX,752255923,"Counselor, Mental Health",Organization,,"""Ursi"" Dallas TX mental health practice"
1821793886,Veterans Room,9732835269,1910 PACIFIC AVE STE 20001165,Dallas,TX,752014529,"Counselor, Mental Health",Organization,,"""Veterans Room"" Dallas TX mental health practice"
1447845060,Wanda Hudson Consulting,7133979386,325 N SAINT PAUL ST STE 3100,Dallas,TX,752013923,"Counselor, Mental Health",Organization,https://wandahudson.com/services,"""Wanda Hudson Consulting"" Dallas TX mental health practice"
1598485864,Wellness And Holistic Concierge Practice Professional,6824619037,111 MORGAN AVE APT 1028,Dallas,TX,752031014,"Counselor, Mental Health",Organization,,"""Wellness And Holistic Concierge Practice Professional"" Dallas TX mental health practice"
1336317148,Wellness Group,4697371222,18110 MIDWAY RD 146,Dallas,TX,752876677,"Chiropractor, Occupational Health",Organization,,"""Wellness Group"" Dallas TX mental health practice"
1700122496,Wendy M Ezell,2144981513,5210 MCKINNEY AVE # 225,Dallas,TX,752053357,"Counselor, Mental Health",Organization,,"""Wendy M Ezell"" Dallas TX mental health practice"
1487595682,With Care Collective,2148100016,2223 W JEFFERSON BLVD,Dallas,TX,752085518,"Counselor, Mental Health",Organization,,"""With Care Collective"" Dallas TX mental health practice"
1972183119,Wysong Enterprises,2149065138,4040 N CENTRAL EXPY STE 210,Dallas,TX,752043868,"Counselor, Mental Health",Organization,https://wysongusa.com/,"""Wysong Enterprises"" Dallas TX mental health practice"
1265127534,Zakia Counseling & Consulting,2149409086,1175 KINWEST PKWY # 100,Irving,TX,750633409,"Counselor, Mental Health",Organization,,"""Zakia Counseling & Consulting"" Irving TX mental health practice"
1205667508,369 Global Wellness Center,2819393576,17150 BUTTE CREEK RD STE 100,Houston,TX,770902330,"Clinic/Center, Multi-Specialty",Organization,https://www.369gwc.com/,"""369 Global Wellness Center"" Houston TX mental health practice"
1396606802,A Life Well Led Counseling Services,2815603478,11550 CHIMNEY ROCK RD APT 333,Houston,TX,770352934,"Counselor, Mental Health",Organization,,"""A Life Well Led Counseling Services"" Houston TX mental health practice"
1225745045,A Sagacious Mind Behavioral Health Services,3017462621,15923 CUTTEN RD,Houston,TX,770702069,Case Management,Organization,https://asagaciousmind.org/,"""A Sagacious Mind Behavioral Health Services"" Houston TX mental health practice"
1003655663,A Texas Children And Family Development Center,7137255992,16821 BUCCANEER LN STE 200,Houston,TX,77058,Community/Behavioral Health,Organization,,"""A Texas Children And Family Development Center"" Houston TX mental health practice"
1598166860,A Vision Indeed Counseling And Psychotherapy,8328191099,11152 WESTHEIMER RD SUITE #774,Houston,TX,770423208,Counselor,Organization,,"""A Vision Indeed Counseling And Psychotherapy"" Houston TX mental health practice"
1265665715,Abiding Christian Therapy,7134532300,12655 WOODFOREST BLVD STE 110,Houston,TX,770153575,"Counselor, Mental Health",Organization,https://abidingchristiantherapyllc.com/contact.html,"""Abiding Christian Therapy"" Houston TX mental health practice"
1538763149,Able Mind Wellness And Consulting,2817770811,1200 BAKER ST,Houston,TX,770021206,"Counselor, Mental Health",Organization,,"""Able Mind Wellness And Consulting"" Houston TX mental health practice"
1861194623,Abound In Hope Counseling,3465091013,8611 TILGHAM ST,Houston,TX,770293335,"Counselor, Professional",Organization,,"""Abound In Hope Counseling"" Houston TX mental health practice"
1134758139,Above Angels,8327551027,7927 COOK RD,Houston,TX,770723248,"Counselor, Mental Health",Organization,,"""Above Angels"" Houston TX mental health practice"
1154166601,Abundance Living,8322822189,2738 ROYAL THISTLE DR,Houston,TX,770883338,"Community Based Residential Treatment Facility, Intellectual and/or Developmental Disabilities",Organization,,"""Abundance Living"" Houston TX mental health practice"
1770271827,Abundant Joy Counseling Center,8324924786,6023 CHATHAM WOODS DR,Houston,TX,770846368,"Counselor, Mental Health",Organization,,"""Abundant Joy Counseling Center"" Houston TX mental health practice"
1881349041,Academic Research Solutions,8883324166,84 NE 410 INTERSTATE LOOP SUITE 203,San Antonio,TX,78216,"Counselor, Mental Health",Organization,,"""Academic Research Solutions"" San Antonio TX mental health practice"
1710736426,Access Behavioral Health Services,3012540040,6201 BONHOMME RD,Houston,TX,770364365,Case Management,Organization,https://accessbhs.com/about-us/?cn-entry-slug=robert-tangen,"""Access Behavioral Health Services"" Houston TX mental health practice"
1861179442,Ace Therapy Services,8323055585,17110 HOUSE HAHL RD # C11,Cypress,TX,774337946,"Speech-Language Pathologist,  ",Organization,,"""Ace Therapy Services"" Cypress TX mental health practice"
1215650387,Acute Care Management,3462095256,800 TWN N CNTRY BLVD,Houston,TX,770244552,Case Management,Organization,,"""Acute Care Management"" Houston TX mental health practice"
1093443848,Adaptive Behavioral Health,2254055895,2855 MANGUM RD STE A415,Houston,TX,770927493,Case Management,Organization,https://adaptivebh.com/,"""Adaptive Behavioral Health"" Houston TX mental health practice"
1851534218,Addiction Counseling Associates,7135205492,2990 RICHMOND AVE SUITE 207,Houston,TX,770983104,"Counselor, Professional",Organization,,"""Addiction Counseling Associates"" Houston TX mental health practice"
1093238362,Admore Behavioral Therapy,7139100296,5821 SOUTHWEST FWY STE 200,Houston,TX,770577501,Community/Behavioral Health,Organization,,"""Admore Behavioral Therapy"" Houston TX mental health practice"
1861370090,Admore Behavioral Therapy South Texas,7139100296,2401 FOUNTAIN VIEW DR STE 800,Houston,TX,770574839,Case Management,Organization,,"""Admore Behavioral Therapy South Texas"" Houston TX mental health practice"
1629668132,Adorned Counseling By Jennifer Cain,8327215559,1300 BAY AREA BLVD STE B233,Houston,TX,770582505,"Counselor, Mental Health",Organization,https://www.adornedcounseling.com/,"""Adorned Counseling By Jennifer Cain"" Houston TX mental health practice"
1861438764,Adult & Child Psychiatric Clinic,2812860110,17625 EL CAMINO REAL SUITE 160,Houston,TX,770583052,"Counselor, Mental Health",Organization,,"""Adult & Child Psychiatric Clinic"" Houston TX mental health practice"
1578895892,Advance Medical Accptance,7134329400,6550 MAPLERIDGE ST SUITE 214,Houston,TX,770814647,Counselor,Organization,,"""Advance Medical Accptance"" Houston TX mental health practice"
1801594999,Adversity Mental Health,3463792739,8300 CYPRESS CREEK PARKWAY SUITE 450 OFFICE #411,Houston,TX,770705654,"Counselor, Mental Health",Organization,,"""Adversity Mental Health"" Houston TX mental health practice"
1407703556,Agape Programs,7135338730,9001 AIRPORT BLVD STE 604,Houston,TX,770613446,"Counselor, Addiction (Substance Use Disorder)",Organization,,"""Agape Programs"" Houston TX mental health practice"
1568699874,Aging Care Management,8328914379,13811 BENTPATH DR,Houston,TX,770142880,"Counselor, Mental Health",Organization,https://www.benefitsofaging.org/service-page/family-consultation,"""Aging Care Management"" Houston TX mental health practice"
1588185169,Ahava Counseling & Mediation Practice,8327158306,8300 FM 1960 RD W,Houston,TX,770705654,"Counselor, Mental Health",Organization,,"""Ahava Counseling & Mediation Practice"" Houston TX mental health practice"
1497489322,Aja Divine Healing,3468157774,14407 SWANFIELD DR,Houston,TX,770836140,"Counselor, Mental Health",Organization,,"""Aja Divine Healing"" Houston TX mental health practice"
1205502796,Alafia Behavioral Support Services,4345495378,10039 BISSONNET ST STE 318,Houston,TX,770367840,Community/Behavioral Health,Organization,,"""Alafia Behavioral Support Services"" Houston TX mental health practice"
1265781272,Alief Educational Services Center,7137729085,9898 BISSONNET ST 630,Houston,TX,770368270,Counselor,Organization,,"""Alief Educational Services Center"" Houston TX mental health practice"
1730869850,Aligned Minds Solution,8323844445,9800 CENTRE PKWY SUITE 162,Houston,TX,77036,"Counselor, Mental Health",Organization,,"""Aligned Minds Solution"" Houston TX mental health practice"
1174157234,All Ears Counseling,2819649889,9111 KATY FWY STE 310,Houston,TX,770241615,"Counselor, Professional",Organization,https://www.allearscounseling.com/,"""All Ears Counseling"" Houston TX mental health practice"
1679201800,All Things New Counseling,4327010967,7026 BELGOLD ST,Houston,TX,770661002,"Counselor, Mental Health",Organization,,"""All Things New Counseling"" Houston TX mental health practice"
1144863416,All Us We Counseling,8323602033,4606 FM 1960 RD W STE 350,Houston,TX,770694613,"Clinic/Center, Mental Health (Including Community Mental Health Center)",Organization,https://alluswecounseling.com/stress-anxiety/,"""All Us We Counseling"" Houston TX mental health practice"
1023883402,Ally Behavioral Health Services,3464253040,6065 HILLCROFT ST STE 408,Houston,TX,770811005,Case Management,Organization,https://allybehavioralhs.com/,"""Ally Behavioral Health Services"" Houston TX mental health practice"
1003584095,Ally-care Health,8322456481,8214 ALANNAH LAGOON DR,Houston,TX,770837302,"Counselor, Mental Health",Organization,,"""Ally-care Health"" Houston TX mental health practice"
1295317998,Alpha Counseling Group,8328129829,10135 GLENGATE LN,Houston,TX,770368607,"Counselor, Mental Health",Organization,,"""Alpha Counseling Group"" Houston TX mental health practice"
1700562998,Alpha Recovery,8328663737,15326 CRESCENT BROOKFIELD DR,Humble,TX,773964957,Community/Behavioral Health,Organization,,"""Alpha Recovery"" Humble TX mental health practice"
1891469169,Americas Mental Health,8888864005,400 LOUISIANA STREET SUITE 900,Houston,TX,77002,"Counselor, Mental Health",Organization,,"""Americas Mental Health"" Houston TX mental health practice"
1124980131,Ample Mental Health Solutions,3467400897,363 N SAM HOUSTON PKWY E STE 750,Houston,TX,770602420,"Counselor, Mental Health",Organization,,"""Ample Mental Health Solutions"" Houston TX mental health practice"
1154189108,Ample Mental Health Solutions,8325238385,363 N SAM HOUSTON PKWY E STE 750,Houston,TX,770602420,Community/Behavioral Health,Organization,,"""Ample Mental Health Solutions"" Houston TX mental health practice"
1700321585,Angels On Guard,2816705814,12400 BROOKGLADE CIR 43,Houston,TX,770991399,"Counselor, Mental Health",Organization,,"""Angels On Guard"" Houston TX mental health practice"
1891569703,Arabella Counseling,8239198363,1880 S DAIRY ASHFORD RD STE 207-633,Houston,TX,770774760,"Counselor, Mental Health",Organization,https://www.arabellacouns.com/,"""Arabella Counseling"" Houston TX mental health practice"
1396417630,Array Of Hope Counseling & Wellness,8323031685,1225 NORTH LOOP W STE 935,Houston,TX,770081763,"Counselor, Mental Health",Organization,,"""Array Of Hope Counseling & Wellness"" Houston TX mental health practice"
1952159931,Art Therapy And Wellness,6177807946,18142 S PARKVIEW DR APT 803,Houston,TX,770844508,"Counselor, Mental Health",Organization,https://artfromspirit.com/blog/be-joyous,"""Art Therapy And Wellness"" Houston TX mental health practice"
1972810166,Aryan Healthcare Network Services Of Houston,7133672837,505 N SAM HOUSTON PKWY E,Houston,TX,770604018,"Counselor, Mental Health",Organization,,"""Aryan Healthcare Network Services Of Houston"" Houston TX mental health practice"
1245845239,Asana Counseling,8322441360,14237 E SAM HOUSTON PKWY N STE 200,Houston,TX,770447000,"Counselor, Mental Health",Organization,https://www.asanacounseling.co/,"""Asana Counseling"" Houston TX mental health practice"
1144817545,Ascension Psychiatric Services,7137022670,156 MALONE ST,Houston,TX,770078115,"Counselor, Mental Health",Organization,https://ascensionpsych.com/,"""Ascension Psychiatric Services"" Houston TX mental health practice"
1174990329,Ascent Psychotherapy Center,8324182479,3880 GREENHOUSE RD SUITE 412,Houston,TX,770846792,"Counselor, Professional",Organization,https://www.ascentpsychotherapycenter.org/challenge-thanks,"""Ascent Psychotherapy Center"" Houston TX mental health practice"
1174666986,Asena Consulting,7132561127,1702 HAZARD ST,Houston,TX,770195719,"Counselor, Mental Health",Organization,,"""Asena Consulting"" Houston TX mental health practice"
1649312562,Asena Consulting,7132561127,1702 HAZARD ST,Houston,TX,770195719,"Counselor, Mental Health",Organization,,"""Asena Consulting"" Houston TX mental health practice"
1427936640,Aspire Community Compass,8327981762,2180 NORTH LOOP W STE 302,Houston,TX,770188025,"Counselor, Mental Health",Organization,,"""Aspire Community Compass"" Houston TX mental health practice"
1821368010,Aspire To Excellence,7135741888,11231 RICHMOND AVE D109,Houston,TX,770826656,Community/Behavioral Health,Organization,,"""Aspire To Excellence"" Houston TX mental health practice"
1912420266,Aspiring Wellness,8325988814,515 N SAM HOUSTON PKWY E STE 265,Houston,TX,770604010,"Counselor, Mental Health",Organization,,"""Aspiring Wellness"" Houston TX mental health practice"
1194596064,Ato Health,3468420424,1034 REGIONAL PARK DR,Houston,TX,770601117,Case Management,Organization,https://atohealthproducts.com/blogs/ato-health-blog/southern-winters-are-harder-on-sinuses-than-you-think-heres-why,"""Ato Health"" Houston TX mental health practice"
1235794603,Authentic Healing And Counseling,7133769500,7660 WOODWAY DR STE 385,Houston,TX,770631528,"Counselor, Professional",Organization,https://www.authentichealingandcounseling.com/,"""Authentic Healing And Counseling"" Houston TX mental health practice"
1942167945,Authentic Heart Counseling,3464398632,15910 CUTTEN RD,Houston,TX,770702068,"Counselor, Mental Health",Organization,,"""Authentic Heart Counseling"" Houston TX mental health practice"
1558110874,Authentically Me Therapy,8325104438,7631 HIGHLAND FARMS ROAD,Houston,TX,77095,"Counselor, Mental Health",Organization,,"""Authentically Me Therapy"" Houston TX mental health practice"
1104753029,Bahar Therapy & Counseling,8324035814,9801 WESTHEIMER RD STE 300,Houston,TX,770423979,"Counselor, Mental Health",Organization,https://bahartherapy.us/,"""Bahar Therapy & Counseling"" Houston TX mental health practice"
1073401659,Barrow Sepolio,8323155793,3730 KIRBY DR STE 1120,Houston,TX,770983994,"Counselor, Mental Health",Organization,,"""Barrow Sepolio"" Houston TX mental health practice"
1598374548,Bates Counseling Services,7133644613,626 E 14TH ST,Houston,TX,770084509,"Counselor, Mental Health",Organization,https://www.batescounseling.com/contact,"""Bates Counseling Services"" Houston TX mental health practice"
1205448404,Bates Counseling Services,7133644613,626 E 14TH ST,Houston,TX,770084509,"Counselor, Mental Health",Organization,https://www.batescounseling.com/contact,"""Bates Counseling Services"" Houston TX mental health practice"
1669506044,Bay Area Family Counseling,2814884431,16815 ROYAL CREST DR SUITE 110,Houston,TX,770582521,"Speech-Language Pathologist,  ",Organization,,"""Bay Area Family Counseling"" Houston TX mental health practice"
1316816531,Be Nurtured Mental Health Services,2818698883,4001 N SHEPHERD DR STE 111,Houston,TX,770185510,"Counselor, Mental Health",Organization,,"""Be Nurtured Mental Health Services"" Houston TX mental health practice"
1841049897,Beacon Behavioral Healthcare,3016750253,2323 S VOSS RD,Houston,TX,770573814,Case Management,Organization,https://beaconbehavioralhc.com/,"""Beacon Behavioral Healthcare"" Houston TX mental health practice"
1295752848,Beal Counseling Associates,7133372457,2600 SOUTH LOOP WEST STE. 562,Houston,TX,770542653,"Counselor, Mental Health",Organization,,"""Beal Counseling Associates"" Houston TX mental health practice"
1144149766,Beast Mode Solutions,7134897504,2626 S LOOP W STE 130,Houston,TX,770542651,"Clinic/Center, Rehabilitation, Substance Use Disorder",Organization,,"""Beast Mode Solutions"" Houston TX mental health practice"
1841884004,Behavior Transition Counseling Services,8327747177,7324 SOUTHWEST FWY STE 800,Houston,TX,770742057,Case Management,Organization,,"""Behavior Transition Counseling Services"" Houston TX mental health practice"
1457495897,Behavioral Health Recovery Services,7135720811,7726 CANDLEGREEN LN,Houston,TX,770712707,"Day Training, Developmentally Disabled Services",Organization,,"""Behavioral Health Recovery Services"" Houston TX mental health practice"
1619175841,Behavioral Rehabilitation Solutions Lp,7139140277,2450 FONDREN RD 312,Houston,TX,770632318,Specialist,Organization,,"""Behavioral Rehabilitation Solutions Lp"" Houston TX mental health practice"
1487372132,Bellaire Ellie Clinic,8329240348,6300 WEST LOOP S STE 110,Bellaire,TX,774012919,"Counselor, Mental Health",Organization,,"""Bellaire Ellie Clinic"" Bellaire TX mental health practice"
1407032931,Beryl Kaminsky,7133039021,5909 WEST LOOP S STE 265,Bellaire,TX,774012509,"Counselor, Mental Health",Organization,,"""Beryl Kaminsky"" Bellaire TX mental health practice"
1891236915,Best Alternative Solutions Counseling Center,7138515124,6250 WESTPARK DRIVE SUITE #300,Houston,TX,770577386,"Counselor, Mental Health",Organization,,"""Best Alternative Solutions Counseling Center"" Houston TX mental health practice"
1477295939,Better Tomorrow Comprehensive Health Services,2145669833,7322 SOUTHWEST FWY STE 1160,Houston,TX,770742083,Psychologist,Organization,,"""Better Tomorrow Comprehensive Health Services"" Houston TX mental health practice"
1548961733,Better Wellness Solutions,7138753144,935 N WILCREST DR APT 3040,Houston,TX,770793561,"Counselor, Mental Health",Organization,,"""Better Wellness Solutions"" Houston TX mental health practice"
1437785565,Beyond Counseling,8325103759,140 CYPRESS STATION DR STE 100-28,Houston,TX,770901690,Community/Behavioral Health,Organization,,"""Beyond Counseling"" Houston TX mental health practice"
1235283235,Bhca,7139140277,2450 FONDREN RD SUITE 312,Houston,TX,770632318,"Counselor, Mental Health",Organization,,"""Bhca"" Houston TX mental health practice"
1720132814,Bj Living Center,7137841787,3945 BRAXTON DR,Houston,TX,770636303,"Day Training, Developmentally Disabled Services",Organization,,"""Bj Living Center"" Houston TX mental health practice"
1184177305,Bloom Counseling & Family Services,8322244490,1020 BAY AREA BLVD STE 118,Houston,TX,770582692,"Counselor, Mental Health",Organization,,"""Bloom Counseling & Family Services"" Houston TX mental health practice"
1407841299,Bloom Counseling & Family Services,7139568194,11500 NW FWY SUITE 465,Houston,TX,77092,"Counselor, Mental Health",Organization,,"""Bloom Counseling & Family Services"" Houston TX mental health practice"
1467223792,Bloom Professional Counseling,6122467469,11999 KATY FWY STE 450,Houston,TX,770791627,"Counselor, Mental Health",Organization,https://www.healwithbloom.com/,"""Bloom Professional Counseling"" Houston TX mental health practice"
1245055607,Blossom Behavioral Health,8327998587,6615 PEBBLE BEACH DR,Houston,TX,770692404,"Counselor, Mental Health",Organization,https://blossombhealth.com/,"""Blossom Behavioral Health"" Houston TX mental health practice"
1992391387,Brain And Wellness,7138285480,10401 S MASON RD STE 404,Richmond,TX,774065885,"Nurse Practitioner, Psych/Mental Health",Organization,https://sflhealthandwellness.com/are-you-mentally-healthy/,"""Brain And Wellness"" Richmond TX mental health practice"
1073360632,Brain Health,2818912242,7100 REGENCY SQUARE BLVD STE 288,Houston,TX,770363202,"Counselor, Mental Health",Organization,,"""Brain Health"" Houston TX mental health practice"
1972010163,Braveri Counseling Group,8327413536,2626 S LOOP W STE 226,Houston,TX,770542654,"Counselor, Mental Health",Organization,https://www.bravericounseling.com/,"""Braveri Counseling Group"" Houston TX mental health practice"
1417705385,Bread Of Life,7136593237,2019 CRAWFORD ST,Houston,TX,770029002,"Counselor, Mental Health",Organization,,"""Bread Of Life"" Houston TX mental health practice"
1013862390,Bridgepoint Alliance,2816776768,1500 S DAIRY ASHFORD RD STE 369,Houston,TX,770773890,"Counselor, Mental Health",Organization,https://www.bridgepointalliance.com/,"""Bridgepoint Alliance"" Houston TX mental health practice"
1902764103,Brighter Minds Family Services,7132287525,4423 WHITNEY OAK LN,Houston,TX,770182316,"Counselor, Mental Health",Organization,,"""Brighter Minds Family Services"" Houston TX mental health practice"
1093146789,Brightway Adult Daycare Center,8326025114,12808 VETERANS MEMORIAL DR,Houston,TX,770142004,Family Medicine,Organization,,"""Brightway Adult Daycare Center"" Houston TX mental health practice"
1316699655,Brightway Medical Billing,8324048965,5222 CYPRESS CREEK PKWY STE 175A,Houston,TX,770692236,Assisted Living Facility,Organization,,"""Brightway Medical Billing"" Houston TX mental health practice"
1780444869,Brpann Holdings,7378884503,251 CARL STERN DR APT 10303,Hutto,TX,786342410,Community/Behavioral Health,Organization,,"""Brpann Holdings"" Hutto TX mental health practice"
1386376358,Butterfly Whispers Wellness,8325634673,9950 WESTPARK DR STE 304,Houston,TX,770635199,"Counselor, Mental Health",Organization,,"""Butterfly Whispers Wellness"" Houston TX mental health practice"
1972539468,Cal K. Cohn M.d. And Associates,7137762400,7777 SOUTHWEST FWY SUITE 1036,Houston,TX,770741802,"Counselor, Mental Health",Organization,,"""Cal K. Cohn M.d. And Associates"" Houston TX mental health practice"
1417610536,Calm & Care Counseling,8325820498,1721 GREENHOUSE RD APT 142,Houston,TX,770848033,"Counselor, Mental Health",Organization,,"""Calm & Care Counseling"" Houston TX mental health practice"
1083310692,Calming Communities,7133389844,16225 PARK TEN PL STE 870,Houston,TX,770847923,"Counselor, Mental Health",Organization,https://www.calmingcommunities.com/,"""Calming Communities"" Houston TX mental health practice"
1447731021,Camelot Spectrum,2024136495,10415 MIDDLEROSE LN,Houston,TX,770703486,"Counselor, Mental Health",Organization,https://camelotspectrum.com/,"""Camelot Spectrum"" Houston TX mental health practice"
1174443386,Cami Jones Psychotherapy,8329900584,1100 W 23RD ST STE 119,Houston,TX,770084686,"Counselor, Mental Health",Organization,https://www.camijonespsychotherapy.com/,"""Cami Jones Psychotherapy"" Houston TX mental health practice"
1780005744,Cenikor Foundation,2542350883,900 AUSTIN AVENUE SUITE 1103,Waco,TX,76701,"Clinic/Center, Rehabilitation, Substance Use Disorder",Organization,https://www.cenikor.org/,"""Cenikor Foundation"" Waco TX mental health practice"
1437234473,Center For Emotional Wellness,8324289036,5900 MEMORIAL DR SUITE 218,Houston,TX,77007,"Counselor, Mental Health",Organization,https://www.emotionalwellnesscle.com/jennifer-wolinetz,"""Center For Emotional Wellness"" Houston TX mental health practice"
1740173707,Center For Psychological And Emotional Intelligence,8323013822,8006 WEST AVE STE 2,Castle Hills,TX,782131871,Case Management,Organization,,"""Center For Psychological And Emotional Intelligence"" Castle Hills TX mental health practice"
1386151611,Champions Behavioral Health,8328191099,7211 REGENCY SQUARE BLVD STE 150,Houston,TX,770363137,"Psychologist, Counseling",Organization,,"""Champions Behavioral Health"" Houston TX mental health practice"
1720290448,Charles F. Gray,7137742122,8303 SOUTHWEST FWY SUITE 330,Houston,TX,770741600,"Counselor, Professional",Organization,https://ambergray.com/on-remembering-a-wonderful-father/,"""Charles F. Gray"" Houston TX mental health practice"
1376304675,Charmaine J. Simmons Ma Lpc,2819305719,W 19TH STREET 701412,Houston,TX,772700017,"Counselor, Mental Health",Organization,https://charmainelpc.com/how-to-begin-healing-after-personal-trauma,"""Charmaine J. Simmons Ma Lpc"" Houston TX mental health practice"
1841973971,Chisom Ike,7137711550,9119 S GESSNER RD STE 201,Houston,TX,770742845,"Counselor, Mental Health",Organization,,"""Chisom Ike"" Houston TX mental health practice"
1013582535,Chosen Breakthrough Collaborative,8327818710,8901 JENSEN DR,Houston,TX,770936925,Community/Behavioral Health,Organization,,"""Chosen Breakthrough Collaborative"" Houston TX mental health practice"
1104523901,Christ The King Presbyterian Church,7138925464,1201 SILBER RD,Houston,TX,770557127,"Counselor, Mental Health",Organization,https://www.joinmychurch.com/churches/Christ-the-King-Presbyterian-Church-Houston-Texas-United-States/293419,"""Christ The King Presbyterian Church"" Houston TX mental health practice"
1760031843,Citrus Medical,2816246522,1500 S DAIRY ASHFORD RD STE 130,Houston,TX,770773861,Case Management,Organization,https://citrus.janeapp.com/,"""Citrus Medical"" Houston TX mental health practice"
1508329186,Claire K. Getschow,7134460715,4200 MONTROSE BLVD STE 520,Houston,TX,770065445,"Counselor, Mental Health",Organization,,"""Claire K. Getschow"" Houston TX mental health practice"
1750258760,Clear Choice Transitions,2819228837,16755 W LAKE HOUSTON PKWY APT 212,Houston,TX,770446366,"Counselor, Mental Health",Organization,https://www.clearchoicetransitions.com/404,"""Clear Choice Transitions"" Houston TX mental health practice"
1235083403,Cloud9 Empowerment Solutions,8328007469,12903 BUCHANAN OAKS LN,Houston,TX,770446585,"Counselor, Mental Health",Organization,,"""Cloud9 Empowerment Solutions"" Houston TX mental health practice"
1912120486,Cohen Associates P. A.,2815560280,1505 HIGHWAY 6 S SUITE 195,Houston,TX,770771700,"Counselor, Mental Health",Organization,,"""Cohen Associates P. A."" Houston TX mental health practice"
1942895404,Collective Psychotherapy,7134821266,1235 NORTH LOOP W STE 918,Houston,TX,770084707,"Counselor, Mental Health",Organization,https://www.covecollectivemn.com/,"""Collective Psychotherapy"" Houston TX mental health practice"
1801279302,Comcare Support Center,7134295114,11777 KATY FWY STE 230S,Houston,TX,770791773,Behavior Analyst,Organization,https://www.comcarellc.com/,"""Comcare Support Center"" Houston TX mental health practice"
1427799626,Comfort Counseling Center,8325712122,945 MCKINNEY ST STE 634,Houston,TX,770026308,"Counselor, Mental Health",Organization,https://www.comfortcounselingcenter.com/,"""Comfort Counseling Center"" Houston TX mental health practice"
1629923529,Community Care Team,8327981411,15800 W HARDY RD STE 500,Houston,TX,770603148,Community/Behavioral Health,Organization,,"""Community Care Team"" Houston TX mental health practice"
1902100266,Community Medical And Mental Health Services,7135410810,9898 BISSONNET ST STE 470,Houston,TX,770368280,"Family Medicine, Adult Medicine",Organization,,"""Community Medical And Mental Health Services"" Houston TX mental health practice"
1386007854,Community Treatment Alternatives Of Tx,7043150708,3200 SOUTHWEST FWY STE 3300,Houston,TX,770277573,Counselor,Organization,,"""Community Treatment Alternatives Of Tx"" Houston TX mental health practice"
1326231150,Concrete Rose Counseling,8325638623,1319 LIVE OAK ST,Houston,TX,770034408,"Counselor, Professional",Organization,https://concreterosecounselingservices.com/rooted-in-resilience,"""Concrete Rose Counseling"" Houston TX mental health practice"
1508729161,Connections Psychotherapy Services,2405615102,15227 POPLAR SPRINGS LN,Houston,TX,770623600,"Counselor, Mental Health",Organization,https://www.connectionspsychotherapyservices.net/,"""Connections Psychotherapy Services"" Houston TX mental health practice"
1245161850,Cornerstone Integrative Counseling,2816991414,11500 NORTHWEST FWY STE 304,Houston,TX,770926530,"Counselor, Mental Health",Organization,,"""Cornerstone Integrative Counseling"" Houston TX mental health practice"
1245107275,Corporate Comedy Live,3467404814,3303 CYPRESS CREEK PKWY STE 380,Houston,TX,770689909,"Counselor, Mental Health",Organization,,"""Corporate Comedy Live"" Houston TX mental health practice"
1912679184,Creative Outlook Counseling & Consulting Services,8329657779,4902 LOCKWOOD DR,Houston,TX,770262943,"Counselor, Professional",Organization,https://creativeoutlookcounseling.com/,"""Creative Outlook Counseling & Consulting Services"" Houston TX mental health practice"
1417285537,Crowning Touch Wellness Center,8328870188,2626 S LOOP W SUITE 670,Houston,TX,770542654,Counselor,Organization,,"""Crowning Touch Wellness Center"" Houston TX mental health practice"
1770887168,Cullen Psychiatric Center,7139917765,4404 ALLISON RD,Houston,TX,770484654,"Counselor, Mental Health",Organization,,"""Cullen Psychiatric Center"" Houston TX mental health practice"
1619899986,Cure Behavioral Counseling Services,4434159530,15800 W HARDY RD STE 500,Houston,TX,770603148,Case Management,Organization,,"""Cure Behavioral Counseling Services"" Houston TX mental health practice"
1093666232,Cyti Health Providers,8664783978,1415 LOUISIANA ST FL 18,Houston,TX,770027360,"Counselor, Mental Health",Organization,,"""Cyti Health Providers"" Houston TX mental health practice"
1639603020,D & K Counseling Group,2817219939,8990 KIRBY DR STE 220,Houston,TX,770542853,Case Management,Organization,,"""D & K Counseling Group"" Houston TX mental health practice"
1679358964,Da Capo Counseling Services,8327367573,6201 BONHOMME RD,Houston,TX,770364365,"Counselor, Mental Health",Organization,https://www.dacapotherapy.com/,"""Da Capo Counseling Services"" Houston TX mental health practice"
1609724764,Dailey Dosage Therapy & Consulting Service,5107349771,1880 S DAIRY ASHFORD RD STE 630-26,Houston,TX,770774760,"Counselor, Mental Health",Organization,,"""Dailey Dosage Therapy & Consulting Service"" Houston TX mental health practice"
1073193470,Daring Ventures Counseling Coaching And Consultation,8322708844,3100 EDLOE ST STE 210,Houston,TX,770276030,"Counselor, Mental Health",Organization,https://daringventures.com/,"""Daring Ventures Counseling Coaching And Consultation"" Houston TX mental health practice"
1376244814,Dashana Lhall & Associates,9794757210,2929 WESLAYAN #1604,Houston,TX,77027,"Counselor, Mental Health",Organization,,"""Dashana Lhall & Associates"" Houston TX mental health practice"
1871462754,Daylily Therapy,8322712929,1445 NORTH LOOP WEST FREEWAY SUITE 510,Houston,TX,77008,"Counselor, Mental Health",Organization,https://www.daylilytherapytx.com/,"""Daylily Therapy"" Houston TX mental health practice"
1417779646,Delta Health Services,3374769599,239 ROYDER ST,Houston,TX,770093944,"Counselor, Mental Health",Organization,https://deltahealthco.org/news/delta-health-hotchkiss-clinic-welcomes-new-walk-in-physician-assistant/,"""Delta Health Services"" Houston TX mental health practice"
1801586532,Desert Road Ministries,8324595198,701 N POST OAK RD STE B-5,Houston,TX,770243839,"Counselor, Mental Health",Organization,,"""Desert Road Ministries"" Houston TX mental health practice"
1992513212,Dirce N Ortiz Ma Lpc,8329513685,2855 MANGUM RD STE 572,Houston,TX,770927553,"Counselor, Mental Health",Organization,,"""Dirce N Ortiz Ma Lpc"" Houston TX mental health practice"
1962193235,Discerning Minds Consulting,8324108130,3104 EDLOE ST STE 301,Houston,TX,770276043,"Counselor, Mental Health",Organization,,"""Discerning Minds Consulting"" Houston TX mental health practice"
1942824057,District Counseling,3468007601,12242 QUEENSTON BLVD STE C,Houston,TX,770955353,"Counselor, Mental Health",Organization,,"""District Counseling"" Houston TX mental health practice"
1609573518,Divine Counseling Service,8328643347,6201 BONHOMME RD STE 174N,Houston,TX,770364367,"Clinic/Center, Adult Mental Health",Organization,https://divinecounselingservice.org/,"""Divine Counseling Service"" Houston TX mental health practice"
1104661917,Don't Deal Let's Heal Counseling Services,2815084350,3503 MOSLEY CT UNIT B,Houston,TX,770044292,"Counselor, Mental Health",Organization,,"""Don't Deal Let's Heal Counseling Services"" Houston TX mental health practice"
1811432016,Donnex Living Center,7134646715,14046 MAXIMOS DR,Houston,TX,770838004,"Counselor, Mental Health",Organization,,"""Donnex Living Center"" Houston TX mental health practice"
1073472932,Dr. Riggins Psychological Services,7134875574,3821 N BRAESWOOD BLVD,Houston,TX,770253013,"Counselor, Mental Health",Organization,https://www.drrigginspllc.com/,"""Dr. Riggins Psychological Services"" Houston TX mental health practice"
1003486531,Dr. Susan L Delaney,7132642288,608 N NAGLE ST,Houston,TX,770031134,"Counselor, Mental Health",Organization,https://www.drsusanldelaney.com/,"""Dr. Susan L Delaney"" Houston TX mental health practice"
1346985520,Dream Workshop,8329535482,7676 HILLMONT ST STE 310G,Houston,TX,770406483,Community/Behavioral Health,Organization,https://dreamaplay.com/childrens-mental-health-and-wellbeing-in-picture-books/,"""Dream Workshop"" Houston TX mental health practice"
1881240901,E And S Skyline Group,8324975055,2100 WEST LOOP S STE 800,Houston,TX,770273522,Case Management,Organization,,"""E And S Skyline Group"" Houston TX mental health practice"
1154461390,Easy Does It,7139329011,6630 HARWIN DR SUITE 100,Houston,TX,770362245,"Counselor, Mental Health",Organization,,"""Easy Does It"" Houston TX mental health practice"
1528841939,Edge Sports Counseling,8328100199,1201 FANNIN ST STE 262,Houston,TX,770026943,"Counselor, Professional",Organization,https://www.edgesportscounseling.com/list,"""Edge Sports Counseling"" Houston TX mental health practice"
1023741592,Eduvention Mentoring And Consulting,3463776650,8711 HIGHWAY 6 N STE 270,Houston,TX,770952272,Case Management,Organization,https://eduventionmentoringandcounseling.applytojob.com/,"""Eduvention Mentoring And Consulting"" Houston TX mental health practice"
1841595949,El Camino Counseling,7136470002,10245 KEMPWOOD DR # 218,Houston,TX,770431803,"Counselor, Mental Health",Organization,https://elcaminocare.com/,"""El Camino Counseling"" Houston TX mental health practice"
1043546427,El Zaphan Healthcare Solutions,7136691090,2626 S LOOP W 340,Houston,TX,770542654,Counselor,Organization,,"""El Zaphan Healthcare Solutions"" Houston TX mental health practice"
1366899536,Elements Of Change Assistive And Rehabilitve Services,8328352200,340 N SAM HOUSTON PKWY E 299,Houston,TX,770603305,"Clinic/Center, Rehabilitation, Substance Use Disorder",Organization,,"""Elements Of Change Assistive And Rehabilitve Services"" Houston TX mental health practice"
1396511325,Elevate Life Therapy,7814548499,510 RICHMOND AVE APT 442,Houston,TX,770065582,Occupational Therapist,Organization,,"""Elevate Life Therapy"" Houston TX mental health practice"
1730859950,Elevation Counseling & Coaching,8327368567,5600 NW CENTRAL DR STE 287,Houston,TX,770922060,"Counselor, Mental Health",Organization,https://elevationcounselingcoaching.wordpress.com/contact/,"""Elevation Counseling & Coaching"" Houston TX mental health practice"
1124845201,Elite Clinical Therapy,8323031116,2450 FONDREN RD STE 306,Houston,TX,770632318,"Counselor, Mental Health",Organization,https://eliteclinicaltherapy.com/,"""Elite Clinical Therapy"" Houston TX mental health practice"
1003554775,Emhpe Houston,7133098763,2323 S SHEPHERD DR STE 850,Houston,TX,770197022,"Counselor, Mental Health",Organization,,"""Emhpe Houston"" Houston TX mental health practice"
1518296607,Emmanuel Oladokun Ojeniyi,2819892225,13326 RAIN LILY LN,Houston,TX,770831920,Private Vehicle,Organization,,"""Emmanuel Oladokun Ojeniyi"" Houston TX mental health practice"
1619395050,Emotional Affluence,8323568255,7010 NW100 DR. A103,Houston,TX,77092,Community/Behavioral Health,Organization,,"""Emotional Affluence"" Houston TX mental health practice"
1710643028,Enigma Counseling Services,3468081913,11200 FUQUA ST # 100-238,Houston,TX,770892568,"Counselor, Professional",Organization,https://www.enigmacounseling.com/,"""Enigma Counseling Services"" Houston TX mental health practice"
1952289290,Enliven Counseling,8322506460,8303 SOUTHWEST FWY STE 325,Houston,TX,770741621,"Counselor, Addiction (Substance Use Disorder)",Organization,https://www.enlivencac.com/,"""Enliven Counseling"" Houston TX mental health practice"
1407721376,Esperanza Rising Therapy,2816167679,2929 ALLEN PKWY STE 200,Houston,TX,770197123,"Counselor, Mental Health",Organization,,"""Esperanza Rising Therapy"" Houston TX mental health practice"
1093599193,Ever Care Therapeutic Services,8328202356,9894 BISSONNET ST STE 595,Houston,TX,770368251,"Counselor, Professional",Organization,,"""Ever Care Therapeutic Services"" Houston TX mental health practice"
1992663728,Evercare Therapeutic Solution,8328202356,9894 BISSONNET ST STE 595,Houston,TX,770368251,Case Management,Organization,,"""Evercare Therapeutic Solution"" Houston TX mental health practice"
1831800937,Everwell Counseling,7137146950,811 TOWN AND COUNTRY BLVD APT 223,Houston,TX,770243990,"Counselor, Mental Health",Organization,https://www.everwellcounselingtx.com/,"""Everwell Counseling"" Houston TX mental health practice"
1780088674,Explore Growth Counseling And Consulting,8327868559,9539 HUFFMEISTER RD,Houston,TX,770952856,"Counselor, Professional",Organization,,"""Explore Growth Counseling And Consulting"" Houston TX mental health practice"
1699032003,Faith Network,7139883900,8633 W AIRPORT BLVD 103,Houston,TX,770712479,"Counselor, Mental Health",Organization,,"""Faith Network"" Houston TX mental health practice"
1588894380,Faith Services,2814983200,10814 S KIRKWOOD RD,Houston,TX,770995009,"Counselor, Mental Health",Organization,,"""Faith Services"" Houston TX mental health practice"
1063939742,Family Alliance Network,8329378251,5206 CYPRESS CREEK PKWY STE 104,Houston,TX,770694405,Community/Behavioral Health,Organization,,"""Family Alliance Network"" Houston TX mental health practice"
1699625426,Family Circle Behavioral Wellness Center,7133305890,14217 S POST OAK RD,Houston,TX,770455249,"Clinic/Center, Mental Health (Including Community Mental Health Center)",Organization,,"""Family Circle Behavioral Wellness Center"" Houston TX mental health practice"
1902534449,Family Foundation Initiatives,2818435621,16770 IMPERIAL VALLEY DR,Houston,TX,770603400,"Counselor, Mental Health",Organization,,"""Family Foundation Initiatives"" Houston TX mental health practice"
1396915922,Family Growth & Development,8327227688,4544 POST OAK PLACE DR STE 385,Houston,TX,770273171,Marriage & Family Therapist,Organization,,"""Family Growth & Development"" Houston TX mental health practice"
1417126509,Family Insight,2815969293,14825 SAINT MARYS LN SUITE 264,Houston,TX,770792904,"Counselor, Mental Health",Organization,,"""Family Insight"" Houston TX mental health practice"
1497769202,Family Services Of Greater Houston,2812924155,1600 LAKE FRONT CIR SUITE 218,The Woodlands,TX,773803613,Marriage & Family Therapist,Organization,,"""Family Services Of Greater Houston"" The Woodlands TX mental health practice"
1083576961,Fitlife Healthcare,8773485933,3120 ROGERDALE RD STE 100,Houston,TX,770424125,"Counselor, Mental Health",Organization,,"""Fitlife Healthcare"" Houston TX mental health practice"
1578813846,Focused And Favored Youth Center,7134961234,5999 W.34TH STE 108,Houston,TX,77092,"Counselor, Mental Health",Organization,,"""Focused And Favored Youth Center"" Houston TX mental health practice"
1366713109,Foster Counseling & Family Therapy,8327540433,8331 REDBIRD LN,Houston,TX,770442105,"Counselor, Mental Health",Organization,,"""Foster Counseling & Family Therapy"" Houston TX mental health practice"
1013599125,Freedom Psychotherapy & Wellness Services,8327790688,10505 TOWN AND COUNTRY WAY STE 79763,Houston,TX,770242214,"Counselor, Professional",Organization,https://freedompsychotherapy.net/youre-good-to-go/,"""Freedom Psychotherapy & Wellness Services"" Houston TX mental health practice"
1649716432,Fresh Start Therapeutic Services,8327058681,5222 FM 1960 RD W STE 175,Houston,TX,77069,Community/Behavioral Health,Organization,https://freshstarttherapeutic.com/,"""Fresh Start Therapeutic Services"" Houston TX mental health practice"
1467244020,Genesis Family,7139134575,17629 EL CAMINO REAL STE 202,Houston,TX,770586004,Marriage & Family Therapist,Organization,,"""Genesis Family"" Houston TX mental health practice"
1861324832,Gentle Sol Counseling And Wellness,2818464716,12440 OXFORD PARK DR STE C106,Houston,TX,770822767,"Counselor, Mental Health",Organization,,"""Gentle Sol Counseling And Wellness"" Houston TX mental health practice"
1306392568,Gh Partners For Health,3363992889,2100 WEST LOOP S 923,Houston,TX,770273515,"Counselor, Mental Health",Organization,,"""Gh Partners For Health"" Houston TX mental health practice"
1639799976,Ginman Consulting And Counseling Associates,2819046483,2626 S LOOP W STE 650H,Houston,TX,770545628,"Counselor, Mental Health",Organization,https://ginmanconsulting.com/,"""Ginman Consulting And Counseling Associates"" Houston TX mental health practice"
1346590320,Good Hearts Youth And Family Services,8324192316,333 WEST LOOP N STE 400,Houston,TX,770247709,"Counselor, Mental Health",Organization,,"""Good Hearts Youth And Family Services"" Houston TX mental health practice"
1619857349,Grace Space Services,7134249886,5900 BALCONES DR,Austin,TX,787314257,Marriage & Family Therapist,Organization,,"""Grace Space Services"" Austin TX mental health practice"
1629670898,Great Overcomers Ministries,8328969871,7410 TETELA DRIVE,Houston,TX,77083,Home Health,Organization,,"""Great Overcomers Ministries"" Houston TX mental health practice"
1538723390,Greatness Unleashed,8324350479,7322 SOUTHWEST FWY STE 1945,Houston,TX,770742099,"Counselor, Mental Health",Organization,,"""Greatness Unleashed"" Houston TX mental health practice"
1699480145,Greenleaf Counseling And Consulting,2816179487,13100 WORTHAM CENTER DR FL 3,Houston,TX,770655625,"Counselor, Mental Health",Organization,,"""Greenleaf Counseling And Consulting"" Houston TX mental health practice"
1295440469,Greg And Shannons Place,2817411387,1426 GENTLE BEND DR,Missouri City,TX,774894110,Community/Behavioral Health,Organization,,"""Greg And Shannons Place"" Missouri City TX mental health practice"
1093589210,Grounded Moments Therapeutic Services,9034243654,26867 AUSMAS LANE,Magnolia,TX,77355,"Counselor, Mental Health",Organization,https://www.groundedmomentsts.com/meet-the-team,"""Grounded Moments Therapeutic Services"" Magnolia TX mental health practice"
1932835329,Grounded Soul Counseling,3462916473,3403 W T C JESTER BLVD # 1239,Houston,TX,770185044,"Counselor, Mental Health",Organization,,"""Grounded Soul Counseling"" Houston TX mental health practice"
1780278721,Grow Empowered,8326128506,6201 BONHOMME RD STE 408S,Houston,TX,770364384,"Counselor, Mental Health",Organization,,"""Grow Empowered"" Houston TX mental health practice"
1699536037,Grow With Gabi,8328003952,2500 E TC JESTER BLVD STE 272,Houston,TX,770081449,"Counselor, Mental Health",Organization,https://growwithgabi.org/about,"""Grow With Gabi"" Houston TX mental health practice"
1730527532,Guide Right Counseling,7132806772,505 N SAM HOUSTON PKWY E 210,Houston,TX,770604018,"Counselor, Mental Health",Organization,,"""Guide Right Counseling"" Houston TX mental health practice"
1629743513,Guided Path Counseling And Family Services,2815835003,12830 WILLOW CENTRE DR STE C,Houston,TX,770663040,"Clinic/Center, Mental Health (Including Community Mental Health Center)",Organization,https://guidedpathtx.com/,"""Guided Path Counseling And Family Services"" Houston TX mental health practice"
1629567466,Guided Pathways,8325597520,14405 WALTERS RD STE 1016,Houston,TX,770141493,"Counselor, Mental Health",Organization,,"""Guided Pathways"" Houston TX mental health practice"
1588596597,Happy Healing Holistically,8328649956,719 SAWDUST RD STE 209,Spring,TX,773802947,"Counselor, Mental Health",Organization,https://www.happyhealingholistically.com/,"""Happy Healing Holistically"" Spring TX mental health practice"
1750656989,Harbor Counseling Services,9725679554,10330 LAKE RD STE D,Houston,TX,770701696,"Counselor, Mental Health",Organization,,"""Harbor Counseling Services"" Houston TX mental health practice"
1003165523,Harizon Healthcare,8323183643,7642 CROFTON ST,Houston,TX,770281306,"Counselor, Mental Health",Organization,,"""Harizon Healthcare"" Houston TX mental health practice"
1487520656,Harmony Hearts Counseling,2142728402,396 W GREENS RD STE 812,Houston,TX,770674502,Case Management,Organization,,"""Harmony Hearts Counseling"" Houston TX mental health practice"
1548896871,Healthy Boundaries,8358683661,14435 ALROVER ST,Houston,TX,770456511,"Counselor, Mental Health",Organization,,"""Healthy Boundaries"" Houston TX mental health practice"
1235685488,Help Start Here & Consulting,8324577842,2724 KIPLING ST APT D132,Houston,TX,77098,"Counselor, Mental Health",Organization,,"""Help Start Here & Consulting"" Houston TX mental health practice"
1013276948,Helping Hand Behavioral Youthcenter,7138264298,3641 NOAH ST,Houston,TX,770216103,"Counselor, Mental Health",Organization,,"""Helping Hand Behavioral Youthcenter"" Houston TX mental health practice"
1750060620,Hold My Hope,3462025113,4306 YOAKUM BLVD STE 510,Houston,TX,770065884,"Clinic/Center, Adult Mental Health",Organization,,"""Hold My Hope"" Houston TX mental health practice"
1710376132,Hope & Harmony Therapy,2819009575,3880 GREENHOUSE RD SUITE 216,Houston,TX,770846792,"Counselor, Mental Health",Organization,https://hopeandharmonytherapy.com/,"""Hope & Harmony Therapy"" Houston TX mental health practice"
1841157062,Hope And Resilience Trauma Therapy,7137258721,1100 W 23RD ST STE 217,Houston,TX,770084683,"Counselor, Mental Health",Organization,,"""Hope And Resilience Trauma Therapy"" Houston TX mental health practice"
1821309667,Hope Counseling Services,2813094122,11811 NORTH FWY SUITE 100,Houston,TX,770603245,"Counselor, Addiction (Substance Use Disorder)",Organization,https://www.orihopecounseling.com/stress-awareness-month-symptoms-causes-and-how-to-manage-stress-effectively-2/,"""Hope Counseling Services"" Houston TX mental health practice"
1568226025,Hope For Genetic Testing,7135814802,5718 WESTHEIMER RD STE 1000,Houston,TX,770579903,Community/Behavioral Health,Organization,,"""Hope For Genetic Testing"" Houston TX mental health practice"
1467639484,Hope Recovery Services,9792911824,2100 WEST LOOP S STE 900,Houston,TX,770273522,"Counselor, Addiction (Substance Use Disorder)",Organization,,"""Hope Recovery Services"" Houston TX mental health practice"
1073756417,Houston Advanced Mediline Clinic,7136690848,6550 MAPLERIDGE ST SUITE 214,Houston,TX,770814600,"Counselor, Mental Health",Organization,,"""Houston Advanced Mediline Clinic"" Houston TX mental health practice"
1255898771,Houston Area Support Services,2813306090,10014 LONALLEN ST,Houston,TX,770883118,"Counselor, Mental Health",Organization,https://find-your-support.com/q-support/quantum-dxi7500-support.html,"""Houston Area Support Services"" Houston TX mental health practice"
1043693989,Houston Empowering Minds Youth Services,7132287525,5718 WESTHEIMER RD,Houston,TX,770575745,Behavior Analyst,Organization,,"""Houston Empowering Minds Youth Services"" Houston TX mental health practice"
1891305116,Houston Family Connections,7135819100,9575 KATY FWY STE 220,Houston,TX,770241409,"Counselor, Mental Health",Organization,,"""Houston Family Connections"" Houston TX mental health practice"
1427680073,Houston Feel Good Therapy,8329284953,1035 DAIRY ASHFORD RD STE 220,Houston,TX,770794600,"Counselor, Mental Health",Organization,https://www.houstonfeelgoodtherapy.com/what-to-expect,"""Houston Feel Good Therapy"" Houston TX mental health practice"
1427764950,Houston One Click Counseling,8322743590,4101 GREENBRIAR DR STE 205E,Houston,TX,770985294,"Counselor, Mental Health",Organization,,"""Houston One Click Counseling"" Houston TX mental health practice"
1669654810,Houston Psychiatric Center,2815687991,10511 BRIGHTON LN,Houston,TX,770312819,"Clinic/Center, Community Health",Organization,,"""Houston Psychiatric Center"" Houston TX mental health practice"
1144720889,Houston Psychotherapy Consultants,8322035987,2616 S LOOP W STE 465,Houston,TX,770542646,"Counselor, Professional",Organization,,"""Houston Psychotherapy Consultants"" Houston TX mental health practice"
1235772906,I Am A Better Me,8329465121,1414 SWANSFIELD LN,Houston,TX,770736321,"Counselor, Mental Health",Organization,,"""I Am A Better Me"" Houston TX mental health practice"
1497178917,Iicom Strategic Llc Dba Unique Mind Care,7136601100,1776 YORKTOWN ST STE 550,Houston,TX,770564182,"Psychologist, Clinical",Organization,,"""Iicom Strategic Llc Dba Unique Mind Care"" Houston TX mental health practice"
1083867139,Ikp Counseling Center,7133778632,363 N SAM HOUSTON PKWY E SUITE 1100,Houston,TX,770602404,"Counselor, Mental Health",Organization,,"""Ikp Counseling Center"" Houston TX mental health practice"
1932940178,Illuminated Counseling Group,8326874024,1919 TAYLOR STREET #1070 SUITE F,Houston,TX,77007,"Counselor, Mental Health",Organization,https://www.illuminatedcounselinggroup.com/,"""Illuminated Counseling Group"" Houston TX mental health practice"
1346833647,Impact 360,2812419183,5631 RANSOM ST,Houston,TX,770874101,Case Management,Organization,,"""Impact 360"" Houston TX mental health practice"
1073257325,Impact Healthcare And Wellness,8324320303,7118 CHAMPIONS CENTRE ESTATE DR,Houston,TX,770692347,Case Management,Organization,,"""Impact Healthcare And Wellness"" Houston TX mental health practice"
1013798263,In His Care Ministries,9377093635,5144 E SAM HOUSTON PKWY N STE 115,Houston,TX,770153225,"Internal Medicine, Addiction Medicine",Organization,,"""In His Care Ministries"" Houston TX mental health practice"
1083413694,Infinite Psychology,7138258777,14918 EL GRANDE DR,Houston,TX,770833223,"Counselor, Mental Health",Organization,,"""Infinite Psychology"" Houston TX mental health practice"
1154968261,Inherent Wellness,8323771571,2500 E TC JESTER BLVD STE 140,Houston,TX,770081458,"Clinic/Center, Mental Health (Including Community Mental Health Center)",Organization,https://inherentwellness.wordpress.com/,"""Inherent Wellness"" Houston TX mental health practice"
1568187730,Inner And Outer Glow,7133646275,701 N POST OAK RD STE 145,Houston,TX,770243923,"Counselor, Mental Health",Organization,https://www.innerandouterglow.com/,"""Inner And Outer Glow"" Houston TX mental health practice"
1811903644,Innovative Alternatives,8328646000,18333 EGRET BAY BLVD SUITE 540,Houston,TX,770583860,"Counselor, Mental Health",Organization,,"""Innovative Alternatives"" Houston TX mental health practice"
1356919922,Inspire Counseling & Therapy,3463275161,5144 E SAM HOUSTON PKWY N STE 114,Houston,TX,770153225,Case Management,Organization,,"""Inspire Counseling & Therapy"" Houston TX mental health practice"
1306321963,Inspire Psychotherapy Group,2813170215,1322 SPACE PARK DR STE C105A,Houston,TX,770583582,"Counselor, Professional",Organization,,"""Inspire Psychotherapy Group"" Houston TX mental health practice"
1871859538,Inspiring Youth Center,8322508071,21110 N BASILDON CT,Houston,TX,770732941,"Counselor, Mental Health",Organization,,"""Inspiring Youth Center"" Houston TX mental health practice"
1073392627,Integrated Wellness,8328016508,1711 ST EMANUEL ST,Houston,TX,770035106,"Counselor, Mental Health",Organization,https://integratedcounselingandwellness.com/locations/rexburg/,"""Integrated Wellness"" Houston TX mental health practice"
1881902955,Integritas Counseling Services,8327448953,11999 KATY FWY STE 392,Houston,TX,770791678,"Counselor, Mental Health",Organization,,"""Integritas Counseling Services"" Houston TX mental health practice"
1245454768,Interface-samaritan Counseling Centers,7136267990,4803 SAN FELIPE ST,Houston,TX,770563907,"Counselor, Mental Health",Organization,https://houstonsamaritan.org/,"""Interface-samaritan Counseling Centers"" Houston TX mental health practice"
1245418854,Intervention Resources,2814616940,16815 ROYAL CREST DR SUITE 140,Houston,TX,770582521,"Counselor, Mental Health",Organization,,"""Intervention Resources"" Houston TX mental health practice"
1023726155,Iparent,7134444912,14605 BRANCHWEST DR,Houston,TX,770824179,"Counselor, Mental Health",Organization,https://iparent101.com/,"""Iparent"" Houston TX mental health practice"
1467155044,Jasmine's House Of Hope,7702561080,15514 STONEY FORK DR,Houston,TX,770843661,Community/Behavioral Health,Organization,,"""Jasmine's House Of Hope"" Houston TX mental health practice"
1427173475,Jemak-multi-service-clinic,7139531416,6610 HARWIN DR #226,Houston,TX,77036,"Counselor, Mental Health",Organization,,"""Jemak-multi-service-clinic"" Houston TX mental health practice"
1427374842,Joining Hands Community Group Home,2816381968,9620 BECKLEY ST,Houston,TX,770884641,"Counselor, Mental Health",Organization,,"""Joining Hands Community Group Home"" Houston TX mental health practice"
1063981769,Jones Comprehensive Assessment Center,8322644454,5445 ALMEDA RD STE 407,Houston,TX,770047434,"Clinic/Center, Rehabilitation, Substance Use Disorder",Organization,,"""Jones Comprehensive Assessment Center"" Houston TX mental health practice"
1639013212,Jordan Counseling Services,8322823351,20814 AUGUSWOOD LN,Houston,TX,770733186,"Counselor, Mental Health",Organization,,"""Jordan Counseling Services"" Houston TX mental health practice"
1245103258,Jounrey's Bridge Counseling,7135690743,6110 W 34TH ST,Houston,TX,770926408,"Counselor, Mental Health",Organization,,"""Jounrey's Bridge Counseling"" Houston TX mental health practice"
1316300908,Journey Through Life Tx,9197583082,7151 OFFICE CITY DR,Houston,TX,77087,Case Management,Organization,,"""Journey Through Life Tx"" Houston TX mental health practice"
1760273502,Journeyminds Healthcare,9037999366,505 N SAM HOUSTON PKWY E,Houston,TX,770604018,Case Management,Organization,,"""Journeyminds Healthcare"" Houston TX mental health practice"
1568396646,Joy Mental Wellness Services,4694608941,2407 SOUTHMORE BLVD,Houston,TX,770047418,"Counselor, Mental Health",Organization,,"""Joy Mental Wellness Services"" Houston TX mental health practice"
1417002346,Kara Living Centers,7139330045,3903 HARTSDALE DR SUITE 1,Houston,TX,770636403,"Day Training, Developmentally Disabled Services",Organization,,"""Kara Living Centers"" Houston TX mental health practice"
1861697799,Karing Hands Homes Hcs,2814512193,4422 KNOTTYNOLD,Houston,TX,77053,"Counselor, Mental Health",Organization,,"""Karing Hands Homes Hcs"" Houston TX mental health practice"
